ExpirationDate,Calls,CallLastSale,CallNet,CallBid,CallAsk,CallVol,CallIV,CallDelta,CallGamma,CallOpenInt,StrikePrice,Puts,PutLastSale,PutNet,PutBid,PutAsk,PutVol,PutIV,PutDelta,PutGamma,PutOpenInt
2026-09-14 16:00:00,SPXW260914C03000000,4661.95,66.8499,0,0,1,3.9297,0.9999,0.0,1.0,3000.0,SPXW260914P03000000,0.1,0.0,0,0,0,2.7962,0.0,0.0,3.0
2026-09-14 16:00:00,SPXW260914C03200000,0.0,0.0,0,0,0,3.6781,0.9999,0.0,0.0,3200.0,SPXW260914P03200000,0.0,0.0,0,0,0,2.6094,0.0,0.0,0.0
2026-09-14 16:00:00,SPXW260914C03400000,0.0,0.0,0,0,0,3.4328,0.9999,0.0,0.0,3400.0,SPXW260914P03400000,0.1,0.0,0,0,0,2.434,0.0,0.0,1.0
2026-09-14 16:00:00,SPXW260914C03600000,0.0,0.0,0,0,0,3.2099,0.9999,0.0,0.0,3600.0,SPXW260914P03600000,0.05,0.0,0,0,0,2.2685,0.0,0.0,4.0
2026-09-14 16:00:00,SPXW260914C03800000,0.0,0.0,0,0,0,2.9909,0.9999,0.0,0.0,3800.0,SPXW260914P03800000,0.05,0.0,0,0,0,2.1118,0.0,0.0,62.0
2026-09-14 16:00:00,SPXW260914C04000000,0.0,0.0,0,0,0,2.7831,0.9999,0.0,0.0,4000.0,SPXW260914P04000000,0.1,0.0,0,0,0,1.9631,0.0,0.0,37.0
2026-09-14 16:00:00,SPXW260914C04200000,0.0,0.0,0,0,0,2.5922,0.9999,0.0,0.0,4200.0,SPXW260914P04200000,0.0,0.0,0,0,0,1.8214,0.0,0.0,5.0
2026-09-14 16:00:00,SPXW260914C04400000,0.0,0.0,0,0,0,2.4031,0.9999,0.0,0.0,4400.0,SPXW260914P04400000,0.05,0.0,0,0,0,1.6861,0.0,0.0,6.0
2026-09-14 16:00:00,SPXW260914C04600000,0.0,0.0,0,0,0,2.2282,0.9999,0.0,0.0,4600.0,SPXW260914P04600000,0.05,0.0,0,0,0,1.5566,0.0,0.0,557.0
2026-09-14 16:00:00,SPXW260914C04800000,0.0,0.0,0,0,0,2.0543,0.9999,0.0,1.0,4800.0,SPXW260914P04800000,0.05,0.0,0,0,0,1.4324,0.0,0.0,47.0
2026-09-14 16:00:00,SPXW260914C05000000,2715.88,0.0,0,0,0,1.1846,0.9999,0.0,90.0,5000.0,SPXW260914P05000000,0.05,0.0,0,0,0,1.3126,0.0,0.0,202.0
2026-09-14 16:00:00,SPXW260914C05200000,2472.03,75.63,0,0,8,1.7308,0.9998,0.0,0.0,5200.0,SPXW260914P05200000,0.05,0.0,0,0,0,1.1978,-0.0001,0.0,139.0
2026-09-14 16:00:00,SPXW260914C05400000,0.0,0.0,0,0,0,1.5749,0.9998,0.0,0.0,5400.0,SPXW260914P05400000,0.03,0.0,0,0,0,1.0863,-0.0001,0.0,1439.0
2026-09-14 16:00:00,SPXW260914C05600000,0.0,0.0,0,0,0,1.4282,0.9997,0.0,0.0,5600.0,SPXW260914P05600000,0.05,0.025,0,0,1,0.9789,-0.0002,0.0,4215.0
2026-09-14 16:00:00,SPXW260914C05800000,1866.33,71.48,0,0,1,1.2816,0.9996,0.0,2.0,5800.0,SPXW260914P05800000,0.1,-0.025,0,0,0,0.9164,-0.0003,0.0,3097.0
2026-09-14 16:00:00,SPXW260914C05900000,0.0,0.0,0,0,0,0.8591,0.9995,0.0,0.0,5900.0,SPXW260914P05900000,0.05,-0.025,0,0,804,0.8633,-0.0004,0.0,2389.0
2026-09-14 16:00:00,SPXW260914C06000000,0.0,0.0,0,0,0,0.0,0.9994,0.0,0.0,6000.0,SPXW260914P06000000,0.05,-0.025,0,0,5109,0.8352,-0.0005,0.0,10435.0
2026-09-14 16:00:00,SPXW260914C06100000,1503.62,0.0,0,0,0,1.0756,0.9993,0.0,1.0,6100.0,SPXW260914P06100000,0.05,-0.075,0,0,351,0.7593,-0.0006,0.0,3200.0
2026-09-14 16:00:00,SPXW260914C06200000,0.0,0.0,0,0,0,1.0063,0.9992,0.0,0.0,6200.0,SPXW260914P06200000,0.05,-0.075,0,0,973,0.7298,-0.0008,0.0,6101.0
2026-09-14 16:00:00,SPXW260914C06300000,0.0,0.0,0,0,0,0.9377,0.999,0.0,0.0,6300.0,SPXW260914P06300000,0.05,-0.075,0,0,1938,0.6934,-0.0009,0.0,7867.0
2026-09-14 16:00:00,SPXW260914C06400000,0.0,0.0,0,0,0,0.8698,0.9987,0.0,0.0,6400.0,SPXW260914P06400000,0.1,-0.125,0,0,3287,0.6413,-0.0012,0.0,3767.0
2026-09-14 16:00:00,SPXW260914C06500000,0.0,0.0,0,0,0,0.8076,0.9984,0.0,0.0,6500.0,SPXW260914P06500000,0.1,-0.175,0,0,1024,0.6007,-0.0015,0.0,1705.0
2026-09-14 16:00:00,SPXW260914C06550000,1110.6,1110.6,0,0,1,0.7741,0.9983,0.0,1.0,6550.0,SPXW260914P06550000,0.1,0.1,0,0,245,0.5837,-0.0016,0.0,729.0
2026-09-14 16:00:00,SPXW260914C06575000,1018.36,0.0,0,0,0,0.7574,0.9982,0.0,10.0,6575.0,SPXW260914P06575000,0.1,-0.175,0,0,11,0.5705,-0.0017,0.0,762.0
2026-09-14 16:00:00,SPXW260914C06600000,1071.7,74.35,0,0,1,0.5616,0.9981,0.0,16.0,6600.0,SPXW260914P06600000,0.1,-0.25,0,0,53,0.565,-0.0018,0.0,2623.0
2026-09-14 16:00:00,SPXW260914C06625000,967.01,0.0,0,0,0,0.712,0.998,0.0,10.0,6625.0,SPXW260914P06625000,0.1,-0.275,0,0,5,0.5518,-0.0019,0.0,328.0
2026-09-14 16:00:00,SPXW260914C06650000,0.0,0.0,0,0,0,0.7074,0.9979,0.0,0.0,6650.0,SPXW260914P06650000,0.12,-0.255,0,0,41,0.5386,-0.002,0.0,407.0
2026-09-14 16:00:00,SPXW260914C06675000,0.0,0.0,0,0,0,0.693,0.9978,0.0,0.0,6675.0,SPXW260914P06675000,0.1,-0.3,0,0,109,0.5255,-0.0022,0.0,427.0
2026-09-14 16:00:00,SPXW260914C06700000,0.0,0.0,0,0,0,0.6764,0.9976,0.0,0.0,6700.0,SPXW260914P06700000,0.1,-0.225,0,0,2341,0.5186,-0.0023,0.0,2844.0
2026-09-14 16:00:00,SPXW260914C06725000,0.0,0.0,0,0,0,0.6619,0.9975,0.0,0.0,6725.0,SPXW260914P06725000,0.1,-0.25,0,0,442,0.5109,-0.0024,0.0,459.0
2026-09-14 16:00:00,SPXW260914C06750000,0.0,0.0,0,0,0,0.6453,0.9974,0.0,0.0,6750.0,SPXW260914P06750000,0.15,-0.325,0,0,570,0.4975,-0.0025,0.0,674.0
2026-09-14 16:00:00,SPXW260914C06775000,0.0,0.0,0,0,0,0.6287,0.9972,0.0,0.0,6775.0,SPXW260914P06775000,0.15,-0.375,0,0,1455,0.4842,-0.0027,0.0,1408.0
2026-09-14 16:00:00,SPXW260914C06800000,0.0,0.0,0,0,0,0.6121,0.997,0.0,0.0,6800.0,SPXW260914P06800000,0.15,-0.325,0,0,4282,0.4757,-0.0028,0.0,6670.0
2026-09-14 16:00:00,SPXW260914C06825000,0.0,0.0,0,0,0,0.5956,0.9969,0.0,0.0,6825.0,SPXW260914P06825000,0.15,-0.325,0,0,677,0.4709,-0.003,0.0,922.0
2026-09-14 16:00:00,SPXW260914C06850000,929.36,0.0,0,0,0,0.5809,0.9967,0.0,10.0,6850.0,SPXW260914P06850000,0.2,-0.325,0,0,1185,0.4534,-0.0032,0.0,1335.0
2026-09-14 16:00:00,SPXW260914C06875000,791.24,69.19,0,0,1,0.5644,0.9965,0.0,11.0,6875.0,SPXW260914P06875000,0.15,-0.375,0,0,461,0.4438,-0.0034,0.0,1011.0
2026-09-14 16:00:00,SPXW260914C06900000,772.68,76.88,0,0,1,0.5496,0.9963,0.0,0.0,6900.0,SPXW260914P06900000,0.2,-0.375,0,0,1115,0.4337,-0.0036,0.0,4092.0
2026-09-14 16:00:00,SPXW260914C06925000,0.0,0.0,0,0,0,0.533,0.9961,0.0,0.0,6925.0,SPXW260914P06925000,0.2,-0.475,0,0,851,0.4201,-0.0038,0.0,1154.0
2026-09-14 16:00:00,SPXW260914C06950000,0.0,0.0,0,0,0,0.5164,0.9958,0.0,0.0,6950.0,SPXW260914P06950000,0.2,-0.425,0,0,1704,0.4096,-0.0041,0.0,1789.0
2026-09-14 16:00:00,SPXW260914C06975000,720.42,0.0,0,0,0,0.4998,0.9956,0.0,4.0,6975.0,SPXW260914P06975000,0.25,-0.525,0,0,2236,0.3988,-0.0043,0.0,2415.0
2026-09-14 16:00:00,SPXW260914C06990000,0.0,0.0,0,0,0,0.4915,0.9954,0.0,0.0,6990.0,SPXW260914P06990000,0.25,0.25,0,0,808,0.3906,-0.0045,0.0,752.0
2026-09-14 16:00:00,SPXW260914C07000000,695.47,0.0,0,0,0,0.3893,0.9953,0.0,1517.0,7000.0,SPXW260914P07000000,0.27,-0.525,0,0,1151,0.3851,-0.0046,0.0,6439.0
2026-09-14 16:00:00,SPXW260914C07010000,0.0,0.0,0,0,0,0.4782,0.9952,0.0,0.0,7010.0,SPXW260914P07010000,0.25,0.25,0,0,52,0.3796,-0.0047,0.0,49.0
2026-09-14 16:00:00,SPXW260914C07020000,0.0,0.0,0,0,0,0.4716,0.995,0.0,0.0,7020.0,SPXW260914P07020000,0.25,0.25,0,0,118,0.3767,-0.0048,0.0,108.0
2026-09-14 16:00:00,SPXW260914C07025000,0.0,0.0,0,0,0,0.4682,0.995,0.0,0.0,7025.0,SPXW260914P07025000,0.25,-0.575,0,0,10739,0.374,-0.0049,0.0,11532.0
2026-09-14 16:00:00,SPXW260914C07030000,0.0,0.0,0,0,0,0.4664,0.9949,0.0001,0.0,7030.0,SPXW260914P07030000,0.25,-0.575,0,0,94,0.3737,-0.005,0.0001,103.0
2026-09-14 16:00:00,SPXW260914C07040000,0.0,0.0,0,0,0,0.4598,0.9948,0.0001,0.0,7040.0,SPXW260914P07040000,0.25,-0.5,0,0,192,0.3681,-0.0051,0.0001,196.0
2026-09-14 16:00:00,SPXW260914C07050000,661.25,0.0,0,0,0,0.4531,0.9947,0.0001,13.0,7050.0,SPXW260914P07050000,0.35,-0.575,0,0,125,0.3626,-0.0052,0.0001,1371.0
2026-09-14 16:00:00,SPXW260914C07060000,0.0,0.0,0,0,0,0.4464,0.9945,0.0001,0.0,7060.0,SPXW260914P07060000,0.3,-0.65,0,0,51,0.357,-0.0054,0.0001,61.0
2026-09-14 16:00:00,SPXW260914C07070000,0.0,0.0,0,0,0,0.4398,0.9944,0.0001,0.0,7070.0,SPXW260914P07070000,0.3,-0.675,0,0,186,0.3514,-0.0055,0.0001,184.0
2026-09-14 16:00:00,SPXW260914C07075000,0.0,0.0,0,0,0,0.4364,0.9943,0.0001,0.0,7075.0,SPXW260914P07075000,0.3,-0.675,0,0,47,0.3486,-0.0056,0.0001,274.0
2026-09-14 16:00:00,SPXW260914C07080000,591.91,74.41,0,0,1,0.4331,0.9942,0.0001,1.0,7080.0,SPXW260914P07080000,0.25,-0.75,0,0,124,0.3459,-0.0057,0.0001,133.0
2026-09-14 16:00:00,SPXW260914C07090000,0.0,0.0,0,0,0,0.4278,0.994,0.0001,0.0,7090.0,SPXW260914P07090000,0.35,-0.675,0,0,645,0.3446,-0.0058,0.0001,591.0
2026-09-14 16:00:00,SPXW260914C07100000,546.88,0.0,0,0,0,0.4211,0.9939,0.0001,3.0,7100.0,SPXW260914P07100000,0.3,-0.75,0,0,1206,0.339,-0.006,0.0001,3774.0
2026-09-14 16:00:00,SPXW260914C07110000,0.0,0.0,0,0,0,0.4144,0.9937,0.0001,0.0,7110.0,SPXW260914P07110000,0.35,-0.725,0,0,103,0.3334,-0.0062,0.0001,93.0
2026-09-14 16:00:00,SPXW260914C07120000,0.0,0.0,0,0,0,0.4078,0.9935,0.0001,0.0,7120.0,SPXW260914P07120000,0.35,-0.775,0,0,54,0.3278,-0.0064,0.0001,59.0
2026-09-14 16:00:00,SPXW260914C07125000,645.08,0.0,0,0,0,0.4044,0.9934,0.0001,5.0,7125.0,SPXW260914P07125000,0.3,-0.85,0,0,383,0.325,-0.0065,0.0001,523.0
2026-09-14 16:00:00,SPXW260914C07130000,0.0,0.0,0,0,0,0.401,0.9933,0.0001,0.0,7130.0,SPXW260914P07130000,0.3,-0.825,0,0,525,0.3221,-0.0066,0.0001,635.0
2026-09-14 16:00:00,SPXW260914C07140000,0.0,0.0,0,0,0,0.3943,0.9932,0.0001,0.0,7140.0,SPXW260914P07140000,0.3,-0.825,0,0,81,0.3165,-0.0068,0.0001,77.0
2026-09-14 16:00:00,SPXW260914C07145000,0.0,0.0,0,0,0,0.391,0.993,0.0001,0.0,7145.0,SPXW260914P07145000,0.3,0.3,0,0,55,0.3137,-0.0068,0.0001,51.0
2026-09-14 16:00:00,SPXW260914C07150000,592.34,0.0,0,0,0,0.3876,0.9929,0.0001,4.0,7150.0,SPXW260914P07150000,0.35,-0.825,0,0,271,0.3146,-0.007,0.0001,779.0
2026-09-14 16:00:00,SPXW260914C07155000,0.0,0.0,0,0,0,0.3843,0.9928,0.0001,0.0,7155.0,SPXW260914P07155000,0.4,0.4,0,0,123,0.3117,-0.0071,0.0001,198.0
2026-09-14 16:00:00,SPXW260914C07160000,0.0,0.0,0,0,0,0.3822,0.9927,0.0001,0.0,7160.0,SPXW260914P07160000,0.37,-0.905,0,0,151,0.3089,-0.0072,0.0001,270.0
2026-09-14 16:00:00,SPXW260914C07165000,0.0,0.0,0,0,0,0.3788,0.9926,0.0001,0.0,7165.0,SPXW260914P07165000,0.35,0.35,0,0,77,0.306,-0.0073,0.0001,114.0
2026-09-14 16:00:00,SPXW260914C07170000,0.0,0.0,0,0,0,0.3754,0.9925,0.0001,0.0,7170.0,SPXW260914P07170000,0.35,-0.95,0,0,179,0.3032,-0.0074,0.0001,215.0
2026-09-14 16:00:00,SPXW260914C07175000,552.57,0.0,0,0,0,0.3721,0.9924,0.0001,4.0,7175.0,SPXW260914P07175000,0.4,-0.875,0,0,97,0.3004,-0.0075,0.0001,246.0
2026-09-14 16:00:00,SPXW260914C07180000,0.0,0.0,0,0,0,0.3687,0.9923,0.0001,0.0,7180.0,SPXW260914P07180000,0.35,-0.9,0,0,63,0.2975,-0.0076,0.0001,105.0
2026-09-14 16:00:00,SPXW260914C07185000,0.0,0.0,0,0,0,0.3653,0.9922,0.0001,0.0,7185.0,SPXW260914P07185000,0.35,-1.025,0,0,30,0.2947,-0.0078,0.0001,30.0
2026-09-14 16:00:00,SPXW260914C07190000,0.0,0.0,0,0,0,0.3631,0.992,0.0001,0.0,7190.0,SPXW260914P07190000,0.35,-1.05,0,0,50,0.2918,-0.0079,0.0001,70.0
2026-09-14 16:00:00,SPXW260914C07195000,0.0,0.0,0,0,0,0.2932,0.9919,0.0001,0.0,7195.0,SPXW260914P07195000,0.4,-1.025,0,0,110,0.289,-0.008,0.0001,134.0
2026-09-14 16:00:00,SPXW260914C07200000,473.49,76.04,0,0,15,0.2903,0.9918,0.0001,7.0,7200.0,SPXW260914P07200000,0.45,-1.0,0,0,835,0.2861,-0.0081,0.0001,1380.0
2026-09-14 16:00:00,SPXW260914C07205000,0.0,0.0,0,0,0,0.2874,0.9916,0.0001,0.0,7205.0,SPXW260914P07205000,0.4,-1.075,0,0,453,0.2865,-0.0083,0.0001,266.0
2026-09-14 16:00:00,SPXW260914C07210000,463.04,74.44,0,0,1,0.2845,0.9915,0.0001,1.0,7210.0,SPXW260914P07210000,0.35,-1.15,0,0,125,0.2836,-0.0084,0.0001,295.0
2026-09-14 16:00:00,SPXW260914C07215000,446.18,64.13,0,0,1,0.2815,0.9914,0.0001,1.0,7215.0,SPXW260914P07215000,0.4,-1.15,0,0,42,0.2807,-0.0085,0.0001,85.0
2026-09-14 16:00:00,SPXW260914C07220000,0.0,0.0,0,0,0,0.2786,0.9912,0.0001,0.0,7220.0,SPXW260914P07220000,0.35,-1.225,0,0,326,0.2778,-0.0087,0.0001,380.0
2026-09-14 16:00:00,SPXW260914C07225000,423.8,0.0,0,0,0,0.2757,0.9911,0.0001,1.0,7225.0,SPXW260914P07225000,0.45,-1.15,0,0,672,0.275,-0.0088,0.0001,694.0
2026-09-14 16:00:00,SPXW260914C07230000,446.04,77.74,0,0,2,0.2728,0.9909,0.0001,2.0,7230.0,SPXW260914P07230000,0.4,-1.25,0,0,202,0.2721,-0.009,0.0001,221.0
2026-09-14 16:00:00,SPXW260914C07235000,0.0,0.0,0,0,0,0.2698,0.9908,0.0001,0.0,7235.0,SPXW260914P07235000,0.4,-1.275,0,0,130,0.2692,-0.0091,0.0001,126.0
2026-09-14 16:00:00,SPXW260914C07240000,0.0,0.0,0,0,0,0.2669,0.9906,0.0001,0.0,7240.0,SPXW260914P07240000,0.5,-1.2,0,0,4549,0.2663,-0.0093,0.0001,4534.0
2026-09-14 16:00:00,SPXW260914C07245000,0.0,0.0,0,0,0,0.264,0.9904,0.0001,0.0,7245.0,SPXW260914P07245000,0.4,-1.35,0,0,50,0.2634,-0.0095,0.0001,52.0
2026-09-14 16:00:00,SPXW260914C07250000,423.34,76.29,0,0,15,0.2611,0.9903,0.0001,1.0,7250.0,SPXW260914P07250000,0.48,-1.32,0,0,990,0.2606,-0.0096,0.0001,1825.0
2026-09-14 16:00:00,SPXW260914C07255000,0.0,0.0,0,0,0,0.2582,0.9901,0.0001,0.0,7255.0,SPXW260914P07255000,0.45,-1.4,0,0,765,0.2577,-0.0098,0.0001,630.0
2026-09-14 16:00:00,SPXW260914C07260000,0.0,0.0,0,0,0,0.2552,0.9899,0.0001,0.0,7260.0,SPXW260914P07260000,0.4,-1.5,0,0,64,0.2575,-0.01,0.0001,131.0
2026-09-14 16:00:00,SPXW260914C07265000,0.0,0.0,0,0,0,0.3143,0.9897,0.0001,0.0,7265.0,SPXW260914P07265000,0.4,-1.525,0,0,84,0.2546,-0.0102,0.0001,2445.0
2026-09-14 16:00:00,SPXW260914C07270000,0.0,0.0,0,0,0,0.3098,0.9895,0.0002,0.0,7270.0,SPXW260914P07270000,0.4,-1.575,0,0,90,0.2517,-0.0104,0.0002,241.0
2026-09-14 16:00:00,SPXW260914C07275000,268.5,0.0,0,0,0,0.3074,0.9893,0.0002,3.0,7275.0,SPXW260914P07275000,0.5,-1.475,0,0,1189,0.2488,-0.0106,0.0002,3817.0
2026-09-14 16:00:00,SPXW260914C07280000,0.0,0.0,0,0,0,0.304,0.9891,0.0002,0.0,7280.0,SPXW260914P07280000,0.45,-1.65,0,0,239,0.2458,-0.0108,0.0002,165.0
2026-09-14 16:00:00,SPXW260914C07285000,0.0,0.0,0,0,0,0.3005,0.9889,0.0002,0.0,7285.0,SPXW260914P07285000,0.5,-1.65,0,0,147,0.2429,-0.011,0.0002,195.0
2026-09-14 16:00:00,SPXW260914C07290000,0.0,0.0,0,0,0,0.2971,0.9887,0.0002,0.0,7290.0,SPXW260914P07290000,0.45,-1.75,0,0,85,0.24,-0.0112,0.0002,356.0
2026-09-14 16:00:00,SPXW260914C07295000,0.0,0.0,0,0,0,0.2936,0.9885,0.0002,0.0,7295.0,SPXW260914P07295000,0.55,-1.65,0,0,79,0.2371,-0.0114,0.0002,2724.0
2026-09-14 16:00:00,SPXW260914C07300000,376.25,0.0,0,0,0,0.2902,0.9883,0.0002,14.0,7300.0,SPXW260914P07300000,0.55,-1.8,0,0,1607,0.2342,-0.0116,0.0002,5633.0
2026-09-14 16:00:00,SPXW260914C07305000,290.93,0.0,0,0,0,0.2867,0.988,0.0002,5.0,7305.0,SPXW260914P07305000,0.45,-1.95,0,0,66,0.2312,-0.0119,0.0002,174.0
2026-09-14 16:00:00,SPXW260914C07310000,335.8,0.0,0,0,0,0.2833,0.9878,0.0002,30.0,7310.0,SPXW260914P07310000,0.45,-2.05,0,0,180,0.2306,-0.0121,0.0002,231.0
2026-09-14 16:00:00,SPXW260914C07315000,0.0,0.0,0,0,0,0.2798,0.9875,0.0002,0.0,7315.0,SPXW260914P07315000,0.45,-1.95,0,0,115,0.2277,-0.0124,0.0002,134.0
2026-09-14 16:00:00,SPXW260914C07320000,0.0,0.0,0,0,0,0.2763,0.9873,0.0002,0.0,7320.0,SPXW260914P07320000,0.5,-2.15,0,0,120,0.2247,-0.0126,0.0002,137.0
2026-09-14 16:00:00,SPXW260914C07325000,347.79,58.62,0,0,1,0.2729,0.987,0.0002,20.0,7325.0,SPXW260914P07325000,0.45,-2.2,0,0,7660,0.2218,-0.0129,0.0002,7846.0
2026-09-14 16:00:00,SPXW260914C07330000,404.23,0.0,0,0,0,0.2694,0.9867,0.0002,1.0,7330.0,SPXW260914P07330000,0.45,-2.4,0,0,152,0.2188,-0.0132,0.0002,222.0
2026-09-14 16:00:00,SPXW260914C07335000,0.0,0.0,0,0,0,0.2136,0.9865,0.0002,0.0,7335.0,SPXW260914P07335000,0.5,-2.45,0,0,179,0.2158,-0.0134,0.0002,207.0
2026-09-14 16:00:00,SPXW260914C07340000,0.0,0.0,0,0,0,0.2106,0.9862,0.0002,0.0,7340.0,SPXW260914P07340000,0.5,-2.55,0,0,4630,0.2129,-0.0137,0.0002,4598.0
2026-09-14 16:00:00,SPXW260914C07345000,0.0,0.0,0,0,0,0.2098,0.9859,0.0002,0.0,7345.0,SPXW260914P07345000,0.4,-2.75,0,0,135,0.2099,-0.014,0.0002,203.0
2026-09-14 16:00:00,SPXW260914C07350000,320.33,70.38,0,0,3,0.2068,0.9855,0.0002,9.0,7350.0,SPXW260914P07350000,0.65,-2.65,0,0,2585,0.208,-0.0144,0.0002,2702.0
2026-09-14 16:00:00,SPXW260914C07355000,0.0,0.0,0,0,0,0.2038,0.9852,0.0003,0.0,7355.0,SPXW260914P07355000,0.5,-2.85,0,0,89,0.206,-0.0147,0.0003,182.0
2026-09-14 16:00:00,SPXW260914C07360000,305.36,65.96,0,0,27,0.2008,0.9849,0.0003,25.0,7360.0,SPXW260914P07360000,0.6,-2.95,0,0,1152,0.203,-0.015,0.0003,1134.0
2026-09-14 16:00:00,SPXW260914C07365000,300.74,64.99,0,0,10,0.1998,0.9845,0.0003,10.0,7365.0,SPXW260914P07365000,0.45,-3.25,0,0,131,0.2,-0.0154,0.0003,2565.0
2026-09-14 16:00:00,SPXW260914C07370000,301.53,71.83,0,0,2,0.1968,0.9842,0.0003,3.0,7370.0,SPXW260914P07370000,0.5,-3.25,0,0,223,0.197,-0.0157,0.0003,408.0
2026-09-14 16:00:00,SPXW260914C07375000,0.0,0.0,0,0,0,0.1937,0.9838,0.0003,0.0,7375.0,SPXW260914P07375000,0.45,-3.55,0,0,6043,0.194,-0.0161,0.0003,5284.0
2026-09-14 16:00:00,SPXW260914C07380000,286.16,65.41,0,0,1,0.1907,0.9834,0.0003,1.0,7380.0,SPXW260914P07380000,0.55,-3.57,0,0,220,0.1909,-0.0165,0.0003,321.0
2026-09-14 16:00:00,SPXW260914C07385000,272.8,0.0,0,0,0,0.1876,0.983,0.0003,0.0,7385.0,SPXW260914P07385000,0.6,-3.8,0,0,1198,0.1888,-0.0169,0.0003,3318.0
2026-09-14 16:00:00,SPXW260914C07390000,268.46,57.21,0,0,3,0.1846,0.9825,0.0003,4.0,7390.0,SPXW260914P07390000,0.45,-4.15,0,0,266,0.1867,-0.0174,0.0003,790.0
2026-09-14 16:00:00,SPXW260914C07395000,279.82,72.67,0,0,14,0.1816,0.9821,0.0003,14.0,7395.0,SPXW260914P07395000,0.6,-4.1,0,0,310,0.1836,-0.0178,0.0003,340.0
2026-09-14 16:00:00,SPXW260914C07400000,269.17,67.02,0,0,19,0.1785,0.9816,0.0004,38.0,7400.0,SPXW260914P07400000,0.7,-4.2,0,0,6673,0.1806,-0.0183,0.0004,5111.0
2026-09-14 16:00:00,SPXW260914C07405000,197.25,0.0,0,0,0,0.1754,0.9811,0.0004,5.0,7405.0,SPXW260914P07405000,0.5,-4.75,0,0,1255,0.1775,-0.0188,0.0004,1222.0
2026-09-14 16:00:00,SPXW260914C07410000,244.32,0.0,0,0,0,0.1741,0.9806,0.0004,30.0,7410.0,SPXW260914P07410000,0.55,-4.95,0,0,1476,0.1761,-0.0193,0.0004,1280.0
2026-09-14 16:00:00,SPXW260914C07415000,0.0,0.0,0,0,0,0.171,0.98,0.0004,0.0,7415.0,SPXW260914P07415000,0.65,-5.15,0,0,203,0.173,-0.0198,0.0004,320.0
2026-09-14 16:00:00,SPXW260914C07420000,238.1,55.2,0,0,5,0.1695,0.9795,0.0004,7.0,7420.0,SPXW260914P07420000,0.6,-5.5,0,0,865,0.1699,-0.0204,0.0004,844.0
2026-09-14 16:00:00,SPXW260914C07425000,244.22,65.97,0,0,2,0.1665,0.9789,0.0004,34.0,7425.0,SPXW260914P07425000,0.6,-5.6,0,0,9834,0.1668,-0.021,0.0004,7642.0
2026-09-14 16:00:00,SPXW260914C07430000,244.12,70.57,0,0,4,0.1633,0.9782,0.0004,9.0,7430.0,SPXW260914P07430000,0.6,-6.1,0,0,284,0.1652,-0.0217,0.0004,475.0
2026-09-14 16:00:00,SPXW260914C07435000,0.0,0.0,0,0,0,0.1602,0.9776,0.0005,0.0,7435.0,SPXW260914P07435000,0.7,-6.35,0,0,1484,0.162,-0.0223,0.0005,1279.0
2026-09-14 16:00:00,SPXW260914C07440000,0.0,0.0,0,0,0,0.157,0.9768,0.0005,0.0,7440.0,SPXW260914P07440000,0.6,-6.67,0,0,5915,0.1589,-0.023,0.0005,6015.0
2026-09-14 16:00:00,SPXW260914C07445000,0.0,0.0,0,0,0,0.1553,0.9761,0.0005,0.0,7445.0,SPXW260914P07445000,0.65,-7.1,0,0,323,0.1571,-0.0238,0.0005,297.0
2026-09-14 16:00:00,SPXW260914C07450000,217.33,62.23,0,0,6,0.1522,0.9753,0.0005,22.0,7450.0,SPXW260914P07450000,0.75,-7.47,0,0,2684,0.1539,-0.0246,0.0005,3029.0
2026-09-14 16:00:00,SPXW260914C07455000,256.66,0.0,0,0,0,0.1503,0.9744,0.0006,2.0,7455.0,SPXW260914P07455000,0.65,-8.05,0,0,996,0.152,-0.0255,0.0006,958.0
2026-09-14 16:00:00,SPXW260914C07460000,209.45,63.3,0,0,9,0.1471,0.9735,0.0006,6.0,7460.0,SPXW260914P07460000,0.8,-8.33,0,0,1956,0.1488,-0.0264,0.0006,2276.0
2026-09-14 16:00:00,SPXW260914C07465000,200.47,58.97,0,0,1,0.1452,0.9725,0.0006,1.0,7465.0,SPXW260914P07465000,0.8,-8.65,0,0,773,0.1468,-0.0274,0.0006,1379.0
2026-09-14 16:00:00,SPXW260914C07470000,188.3,51.5,0,0,5,0.142,0.9714,0.0006,7.0,7470.0,SPXW260914P07470000,0.75,-9.2,0,0,2192,0.1436,-0.0285,0.0006,2414.0
2026-09-14 16:00:00,SPXW260914C07475000,191.0,58.45,0,0,2,0.14,0.9702,0.0007,44.0,7475.0,SPXW260914P07475000,0.85,-9.8,0,0,2788,0.1415,-0.0296,0.0007,2221.0
2026-09-14 16:00:00,SPXW260914C07480000,180.26,52.11,0,0,10,0.1378,0.969,0.0007,44.0,7480.0,SPXW260914P07480000,0.9,-10.4,0,0,1322,0.1393,-0.0309,0.0007,954.0
2026-09-14 16:00:00,SPXW260914C07485000,182.85,58.95,0,0,1,0.1366,0.9676,0.0008,4.0,7485.0,SPXW260914P07485000,0.85,-10.9,0,0,1443,0.137,-0.0323,0.0008,1294.0
2026-09-14 16:00:00,SPXW260914C07490000,174.83,55.28,0,0,8,0.1342,0.966,0.0008,21.0,7490.0,SPXW260914P07490000,0.99,-11.6,0,0,1266,0.1346,-0.0338,0.0008,806.0
2026-09-14 16:00:00,SPXW260914C07495000,170.48,55.33,0,0,3,0.1309,0.9643,0.0009,4.0,7495.0,SPXW260914P07495000,1.0,-12.35,0,0,743,0.1322,-0.0356,0.0009,488.0
2026-09-14 16:00:00,SPXW260914C07500000,157.77,46.92,0,0,84,0.1284,0.9624,0.0009,134.0,7500.0,SPXW260914P07500000,1.05,-12.7,0,0,4817,0.1297,-0.0375,0.0009,9425.0
2026-09-14 16:00:00,SPXW260914C07505000,159.84,53.19,0,0,5,0.1276,0.9604,0.001,6.0,7505.0,SPXW260914P07505000,1.2,-13.45,0,0,1921,0.1271,-0.0396,0.001,1667.0
2026-09-14 16:00:00,SPXW260914C07510000,148.2,45.7,0,0,61,0.1242,0.958,0.001,78.0,7510.0,SPXW260914P07510000,1.2,-14.3,0,0,1194,0.1249,-0.0419,0.001,801.0
2026-09-14 16:00:00,SPXW260914C07515000,143.03,44.53,0,0,11,0.1215,0.9554,0.0011,30.0,7515.0,SPXW260914P07515000,1.3,-15.3,0,0,1048,0.123,-0.0445,0.0011,892.0
2026-09-14 16:00:00,SPXW260914C07520000,138.13,43.78,0,0,36,0.1203,0.9526,0.0012,38.0,7520.0,SPXW260914P07520000,1.4,-15.9,0,0,2561,0.121,-0.0474,0.0012,2095.0
2026-09-14 16:00:00,SPXW260914C07525000,140.04,49.74,0,0,45,0.1174,0.9493,0.0013,64.0,7525.0,SPXW260914P07525000,1.45,-16.85,0,0,5702,0.1188,-0.0506,0.0013,5429.0
2026-09-14 16:00:00,SPXW260914C07530000,128.92,42.57,0,0,33,0.1166,0.9457,0.0014,51.0,7530.0,SPXW260914P07530000,1.6,-17.85,0,0,3347,0.1165,-0.0542,0.0014,3495.0
2026-09-14 16:00:00,SPXW260914C07535000,130.23,47.78,0,0,6,0.1148,0.9416,0.0015,13.0,7535.0,SPXW260914P07535000,1.72,-18.65,0,0,1973,0.1148,-0.0582,0.0015,2818.0
2026-09-14 16:00:00,SPXW260914C07540000,119.75,41.2,0,0,2,0.1122,0.9371,0.0016,25.0,7540.0,SPXW260914P07540000,1.84,-19.6,0,0,2190,0.1128,-0.0628,0.0016,1517.0
2026-09-14 16:00:00,SPXW260914C07545000,113.8,38.95,0,0,17,0.1102,0.9321,0.0017,27.0,7545.0,SPXW260914P07545000,2.05,-20.75,0,0,5347,0.111,-0.0678,0.0017,4407.0
2026-09-14 16:00:00,SPXW260914C07550000,109.6,38.5,0,0,18,0.1085,0.9264,0.0019,61.0,7550.0,SPXW260914P07550000,2.14,-21.7,0,0,7571,0.1092,-0.0735,0.0019,5411.0
2026-09-14 16:00:00,SPXW260914C07555000,113.9,46.45,0,0,16,0.1065,0.9202,0.002,41.0,7555.0,SPXW260914P07555000,2.4,-23.0,0,0,3604,0.1073,-0.0797,0.002,2475.0
2026-09-14 16:00:00,SPXW260914C07560000,99.42,35.52,0,0,40,0.1044,0.9132,0.0022,66.0,7560.0,SPXW260914P07560000,2.55,-24.03,0,0,3845,0.1054,-0.0867,0.0022,2432.0
2026-09-14 16:00:00,SPXW260914C07565000,94.67,34.27,0,0,20,0.1034,0.9054,0.0024,73.0,7565.0,SPXW260914P07565000,2.9,-25.25,0,0,1983,0.1035,-0.0945,0.0024,1290.0
2026-09-14 16:00:00,SPXW260914C07570000,94.92,37.92,0,0,73,0.1013,0.8968,0.0026,61.0,7570.0,SPXW260914P07570000,3.21,-26.5,0,0,3017,0.1017,-0.1031,0.0026,1484.0
2026-09-14 16:00:00,SPXW260914C07575000,93.0,39.35,0,0,119,0.0998,0.8873,0.0028,238.0,7575.0,SPXW260914P07575000,3.48,-28.02,0,0,3385,0.0998,-0.1126,0.0028,3088.0
2026-09-14 16:00:00,SPXW260914C07580000,81.9,31.5,0,0,83,0.0976,0.8767,0.003,96.0,7580.0,SPXW260914P07580000,3.73,-29.42,0,0,3357,0.0976,-0.1232,0.003,2170.0
2026-09-14 16:00:00,SPXW260914C07585000,76.07,28.77,0,0,34,0.0955,0.8652,0.0033,189.0,7585.0,SPXW260914P07585000,4.3,-30.81,0,0,1668,0.0958,-0.1348,0.0033,1180.0
2026-09-14 16:00:00,SPXW260914C07590000,72.65,28.45,0,0,73,0.0938,0.8524,0.0036,97.0,7590.0,SPXW260914P07590000,4.55,-32.55,0,0,2910,0.0938,-0.1475,0.0036,1818.0
2026-09-14 16:00:00,SPXW260914C07595000,67.3,26.0,0,0,226,0.0921,0.8383,0.0038,255.0,7595.0,SPXW260914P07595000,5.0,-34.0,0,0,1497,0.0921,-0.1616,0.0038,978.0
2026-09-14 16:00:00,SPXW260914C07600000,62.9,24.35,0,0,1016,0.0903,0.8228,0.0042,1069.0,7600.0,SPXW260914P07600000,5.55,-35.45,0,0,9218,0.0901,-0.1771,0.0042,4496.0
2026-09-14 16:00:00,SPXW260914C07605000,59.27,23.57,0,0,771,0.0885,0.8058,0.0045,582.0,7605.0,SPXW260914P07605000,6.16,-37.3,0,0,4001,0.0883,-0.1941,0.0045,3198.0
2026-09-14 16:00:00,SPXW260914C07610000,53.95,20.9,0,0,365,0.0866,0.7871,0.0048,276.0,7610.0,SPXW260914P07610000,6.8,-38.75,0,0,3347,0.0866,-0.2128,0.0048,1598.0
2026-09-14 16:00:00,SPXW260914C07615000,50.2,19.83,0,0,367,0.085,0.7666,0.0052,205.0,7615.0,SPXW260914P07615000,7.52,-40.56,0,0,3598,0.0848,-0.2333,0.0052,2588.0
2026-09-14 16:00:00,SPXW260914C07620000,45.59,17.49,0,0,130,0.0833,0.7441,0.0056,146.0,7620.0,SPXW260914P07620000,8.37,-42.3,0,0,3334,0.0831,-0.2558,0.0056,1404.0
2026-09-14 16:00:00,SPXW260914C07625000,41.99,16.19,0,0,496,0.0815,0.7194,0.006,492.0,7625.0,SPXW260914P07625000,9.34,-44.09,0,0,3503,0.0813,-0.2805,0.006,1894.0
2026-09-14 16:00:00,SPXW260914C07630000,37.69,14.9,0,0,344,0.0797,0.6924,0.0064,269.0,7630.0,SPXW260914P07630000,10.4,-45.63,0,0,3088,0.0797,-0.3075,0.0064,1151.0
2026-09-14 16:00:00,SPXW260914C07635000,33.85,13.95,0,0,244,0.078,0.6629,0.0068,261.0,7635.0,SPXW260914P07635000,11.7,-48.2,0,0,1768,0.078,-0.337,0.0068,755.0
2026-09-14 16:00:00,SPXW260914C07640000,30.63,12.4,0,0,857,0.0763,0.6311,0.0071,407.0,7640.0,SPXW260914P07640000,13.0,-49.11,0,0,2561,0.0766,-0.3688,0.0071,890.0
2026-09-14 16:00:00,SPXW260914C07645000,26.72,10.2,0,0,530,0.0749,0.5968,0.0075,338.0,7645.0,SPXW260914P07645000,14.53,-50.75,0,0,2452,0.0749,-0.4031,0.0075,1275.0
2026-09-14 16:00:00,SPXW260914C07650000,23.8,8.2,0,0,4082,0.0733,0.5602,0.0078,2328.0,7650.0,SPXW260914P07650000,16.19,-52.45,0,0,5352,0.0734,-0.4396,0.0078,2140.0
2026-09-14 16:00:00,SPXW260914C07655000,20.92,7.9,0,0,2194,0.072,0.5217,0.008,1374.0,7655.0,SPXW260914P07655000,18.25,-53.62,0,0,2555,0.0721,-0.4782,0.008,904.0
2026-09-14 16:00:00,SPXW260914C07660000,18.0,5.85,0,0,3701,0.0709,0.4815,0.0081,1081.0,7660.0,SPXW260914P07660000,20.38,-54.92,0,0,5486,0.0708,-0.5184,0.0081,1336.0
2026-09-14 16:00:00,SPXW260914C07665000,15.6,4.0,0,0,4417,0.0696,0.4403,0.0082,1125.0,7665.0,SPXW260914P07665000,23.19,-57.25,0,0,5124,0.0696,-0.5596,0.0082,984.0
2026-09-14 16:00:00,SPXW260914C07670000,13.2,3.45,0,0,7318,0.0686,0.3986,0.0081,1245.0,7670.0,SPXW260914P07670000,26.1,-58.05,0,0,4313,0.0687,-0.6013,0.0081,716.0
2026-09-14 16:00:00,SPXW260914C07675000,11.1,2.2,0,0,27202,0.0677,0.3573,0.0079,3444.0,7675.0,SPXW260914P07675000,28.16,-58.55,0,0,5383,0.0678,-0.6426,0.0079,1867.0
2026-09-14 16:00:00,SPXW260914C07680000,9.15,1.43,0,0,11689,0.0668,0.317,0.0076,2948.0,7680.0,SPXW260914P07680000,32.0,-59.42,0,0,2979,0.0671,-0.6829,0.0076,1779.0
2026-09-14 16:00:00,SPXW260914C07685000,7.55,0.8,0,0,2400,0.0662,0.2785,0.0072,796.0,7685.0,SPXW260914P07685000,34.5,-60.55,0,0,784,0.0665,-0.7214,0.0072,272.0
2026-09-14 16:00:00,SPXW260914C07690000,6.15,0.28,0,0,2813,0.0657,0.2421,0.0068,1113.0,7690.0,SPXW260914P07690000,37.34,-61.91,0,0,799,0.066,-0.7578,0.0068,270.0
2026-09-14 16:00:00,SPXW260914C07695000,5.0,-0.23,0,0,3571,0.0655,0.2082,0.0063,1805.0,7695.0,SPXW260914P07695000,42.84,-61.32,0,0,349,0.0656,-0.7916,0.0063,157.0
2026-09-14 16:00:00,SPXW260914C07700000,4.0,-0.47,0,0,11535,0.0649,0.1769,0.0057,3735.0,7700.0,SPXW260914P07700000,46.13,-60.83,0,0,1899,0.0661,-0.823,0.0057,1374.0
2026-09-14 16:00:00,SPXW260914C07705000,3.19,-0.75,0,0,6195,0.0648,0.1483,0.0051,3576.0,7705.0,SPXW260914P07705000,50.0,-62.1,0,0,1682,0.0649,-0.8516,0.0051,952.0
2026-09-14 16:00:00,SPXW260914C07710000,2.55,-0.9,0,0,3640,0.0646,0.1226,0.0045,1629.0,7710.0,SPXW260914P07710000,53.73,-62.92,0,0,69,0.0643,-0.8773,0.0045,230.0
2026-09-14 16:00:00,SPXW260914C07715000,2.0,-0.905,0,0,5170,0.0647,0.0999,0.0039,3168.0,7715.0,SPXW260914P07715000,59.47,-61.63,0,0,32,0.0647,-0.9,0.0039,78.0
2026-09-14 16:00:00,SPXW260914C07720000,1.57,-0.915,0,0,11616,0.0648,0.0805,0.0034,6710.0,7720.0,SPXW260914P07720000,64.56,-61.04,0,0,208,0.0642,-0.9194,0.0034,256.0
2026-09-14 16:00:00,SPXW260914C07725000,1.25,-0.89,0,0,6372,0.0647,0.0643,0.0028,3627.0,7725.0,SPXW260914P07725000,69.2,-60.89,0,0,360,0.0649,-0.9356,0.0028,371.0
2026-09-14 16:00:00,SPXW260914C07730000,0.97,-0.855,0,0,6970,0.065,0.0512,0.0024,3683.0,7730.0,SPXW260914P07730000,73.7,-60.9,0,0,1604,0.0643,-0.9486,0.0024,1017.0
2026-09-14 16:00:00,SPXW260914C07735000,0.75,-0.85,0,0,3787,0.0644,0.0409,0.002,2667.0,7735.0,SPXW260914P07735000,77.92,-61.83,0,0,76,0.0648,-0.959,0.002,96.0
2026-09-14 16:00:00,SPXW260914C07740000,0.6,-0.795,0,0,2893,0.0646,0.0328,0.0016,1858.0,7740.0,SPXW260914P07740000,82.0,-62.35,0,0,63,0.0646,-0.9671,0.0016,89.0
2026-09-14 16:00:00,SPXW260914C07745000,0.5,-0.775,0,0,2570,0.0632,0.0264,0.0014,1727.0,7745.0,SPXW260914P07745000,80.45,-68.65,0,0,41,0.0656,-0.9734,0.0014,54.0
2026-09-14 16:00:00,SPXW260914C07750000,0.4,-0.65,0,0,3978,0.0648,0.0215,0.0011,3036.0,7750.0,SPXW260914P07750000,93.24,-60.76,0,0,160,0.0662,-0.9784,0.0011,396.0
2026-09-14 16:00:00,SPXW260914C07755000,0.29,-0.575,0,0,3358,0.0642,0.0176,0.0009,1674.0,7755.0,SPXW260914P07755000,97.64,-61.21,0,0,32,0.0661,-0.9822,0.0009,33.0
2026-09-14 16:00:00,SPXW260914C07760000,0.25,-0.55,0,0,4948,0.066,0.0146,0.0008,4448.0,7760.0,SPXW260914P07760000,99.91,-63.89,0,0,24,0.069,-0.9853,0.0008,105.0
2026-09-14 16:00:00,SPXW260914C07765000,0.2,-0.45,0,0,1977,0.0676,0.0122,0.0007,1301.0,7765.0,SPXW260914P07765000,108.08,-60.67,0,0,78,0.0677,-0.9877,0.0007,46.0
2026-09-14 16:00:00,SPXW260914C07770000,0.15,-0.4,0,0,1683,0.0689,0.0103,0.0006,1587.0,7770.0,SPXW260914P07770000,106.69,-66.76,0,0,56,0.0727,-0.9896,0.0006,111.0
2026-09-14 16:00:00,SPXW260914C07775000,0.15,-0.4,0,0,7569,0.0682,0.0087,0.0005,6475.0,7775.0,SPXW260914P07775000,111.91,-61.27,0,0,20,0.0702,-0.9912,0.0005,70.0
2026-09-14 16:00:00,SPXW260914C07780000,0.12,-0.25,0,0,8406,0.0708,0.0075,0.0004,8118.0,7780.0,SPXW260914P07780000,121.56,-62.04,0,0,25,0.0728,-0.9924,0.0004,89.0
2026-09-14 16:00:00,SPXW260914C07785000,0.13,-0.3,0,0,8990,0.0733,0.0065,0.0004,8660.0,7785.0,SPXW260914P07785000,121.2,-67.0,0,0,16,0.0,-0.9934,0.0004,32.0
2026-09-14 16:00:00,SPXW260914C07790000,0.12,-0.28,0,0,818,0.0758,0.0057,0.0003,3394.0,7790.0,SPXW260914P07790000,126.36,-66.74,0,0,18,0.0,-0.9942,0.0003,73.0
2026-09-14 16:00:00,SPXW260914C07795000,0.07,-0.25,0,0,427,0.0728,0.005,0.0003,599.0,7795.0,SPXW260914P07795000,132.85,-65.5,0,0,1,0.0,-0.9949,0.0003,3.0
2026-09-14 16:00:00,SPXW260914C07800000,0.1,-0.225,0,0,2859,0.0751,0.0045,0.0002,4155.0,7800.0,SPXW260914P07800000,138.72,-64.08,0,0,18,0.079,-0.9954,0.0002,299.0
2026-09-14 16:00:00,SPXW260914C07805000,0.1,-0.15,0,0,177,0.0775,0.0041,0.0002,3131.0,7805.0,SPXW260914P07805000,141.32,-66.83,0,0,6,0.0,-0.9958,0.0002,8.0
2026-09-14 16:00:00,SPXW260914C07810000,0.07,-0.2,0,0,511,0.0799,0.0037,0.0002,1254.0,7810.0,SPXW260914P07810000,144.75,-68.9,0,0,2,0.0,-0.9962,0.0002,27.0
2026-09-14 16:00:00,SPXW260914C07815000,0.1,-0.125,0,0,233,0.0821,0.0034,0.0002,483.0,7815.0,SPXW260914P07815000,170.61,0.0,0,0,0,0.0,-0.9965,0.0002,4.0
2026-09-14 16:00:00,SPXW260914C07820000,0.07,-0.15,0,0,462,0.0844,0.0032,0.0002,1135.0,7820.0,SPXW260914P07820000,104.54,0.0,0,0,0,0.0,-0.9967,0.0002,83.0
2026-09-14 16:00:00,SPXW260914C07825000,0.05,-0.15,0,0,3453,0.0867,0.003,0.0001,3742.0,7825.0,SPXW260914P07825000,161.27,-66.43,0,0,14,0.0,-0.997,0.0001,49.0
2026-09-14 16:00:00,SPXW260914C07830000,0.05,-0.125,0,0,83,0.089,0.0028,0.0001,452.0,7830.0,SPXW260914P07830000,157.61,-74.69,0,0,11,0.0,-0.9971,0.0001,12.0
2026-09-14 16:00:00,SPXW260914C07835000,0.05,-0.125,0,0,221,0.0913,0.0026,0.0001,413.0,7835.0,SPXW260914P07835000,0.0,0.0,0,0,0,0.1051,-0.9973,0.0001,0.0
2026-09-14 16:00:00,SPXW260914C07840000,0.07,-0.105,0,0,232,0.0938,0.0025,0.0001,670.0,7840.0,SPXW260914P07840000,176.32,-66.43,0,0,12,0.1078,-0.9974,0.0001,13.0
2026-09-14 16:00:00,SPXW260914C07845000,0.05,-0.1,0,0,1581,0.0961,0.0024,0.0001,1762.0,7845.0,SPXW260914P07845000,193.42,0.0,0,0,0,0.1104,-0.9975,0.0001,1.0
2026-09-14 16:00:00,SPXW260914C07850000,0.05,-0.1,0,0,18336,0.0984,0.0023,0.0001,18075.0,7850.0,SPXW260914P07850000,182.15,-70.4,0,0,22,0.113,-0.9976,0.0001,37.0
2026-09-14 16:00:00,SPXW260914C07855000,0.05,-0.1,0,0,56,0.1006,0.0022,0.0001,285.0,7855.0,SPXW260914P07855000,0.0,0.0,0,0,0,0.1156,-0.9977,0.0001,0.0
2026-09-14 16:00:00,SPXW260914C07860000,0.05,-0.1,0,0,1430,0.1028,0.0021,0.0001,1526.0,7860.0,SPXW260914P07860000,148.05,0.0,0,0,0,0.1181,-0.9978,0.0001,3.0
2026-09-14 16:00:00,SPXW260914C07865000,0.05,-0.1,0,0,1917,0.105,0.002,0.0001,3507.0,7865.0,SPXW260914P07865000,198.2,-69.0,0,0,1,0.0,-0.9979,0.0001,1.0
2026-09-14 16:00:00,SPXW260914C07870000,0.05,-0.075,0,0,76,0.1009,0.0019,0.0001,1472.0,7870.0,SPXW260914P07870000,197.82,-74.33,0,0,7,0.0,-0.998,0.0001,7.0
2026-09-14 16:00:00,SPXW260914C07875000,0.1,-0.025,0,0,156,0.1032,0.0019,0.0001,1671.0,7875.0,SPXW260914P07875000,160.24,0.0,0,0,0,0.0,-0.998,0.0001,7.0
2026-09-14 16:00:00,SPXW260914C07880000,0.06,-0.065,0,0,140,0.1053,0.0018,0.0001,3027.0,7880.0,SPXW260914P07880000,164.99,0.0,0,0,0,0.0,-0.9981,0.0001,3.0
2026-09-14 16:00:00,SPXW260914C07885000,0.05,-0.075,0,0,103,0.1073,0.0018,0.0001,247.0,7885.0,SPXW260914P07885000,0.0,0.0,0,0,0,0.0,-0.9982,0.0001,0.0
2026-09-14 16:00:00,SPXW260914C07890000,0.1,-0.025,0,0,59,0.1098,0.0017,0.0001,381.0,7890.0,SPXW260914P07890000,0.0,0.0,0,0,0,0.0,-0.9982,0.0001,0.0
2026-09-14 16:00:00,SPXW260914C07895000,0.1,-0.025,0,0,57,0.1119,0.0016,0.0001,221.0,7895.0,SPXW260914P07895000,0.0,0.0,0,0,0,0.0,-0.9983,0.0001,0.0
2026-09-14 16:00:00,SPXW260914C07900000,0.05,-0.095,0,0,595,0.114,0.0016,0.0001,4369.0,7900.0,SPXW260914P07900000,182.55,0.0,0,0,0,0.1282,-0.9983,0.0001,135.0
2026-09-14 16:00:00,SPXW260914C07910000,0.1,0.0,0,0,246,0.1255,0.0015,0.0001,1350.0,7910.0,SPXW260914P07910000,0.0,0.0,0,0,0,0.0,-0.9984,0.0001,0.0
2026-09-14 16:00:00,SPXW260914C07920000,0.1,0.0,0,0,131,0.1299,0.0014,0.0,426.0,7920.0,SPXW260914P07920000,0.0,0.0,0,0,0,0.0,-0.9985,0.0,0.0
2026-09-14 16:00:00,SPXW260914C07925000,0.1,0.0,0,0,146,0.1245,0.0014,0.0,859.0,7925.0,SPXW260914P07925000,167.89,0.0,0,0,0,0.0,-0.9985,0.0,13.0
2026-09-14 16:00:00,SPXW260914C07930000,0.07,-0.03,0,0,127,0.1343,0.0013,0.0,289.0,7930.0,SPXW260914P07930000,0.0,0.0,0,0,0,0.0,-0.9985,0.0,0.0
2026-09-14 16:00:00,SPXW260914C07940000,0.05,-0.025,0,0,200,0.1385,0.0013,0.0,377.0,7940.0,SPXW260914P07940000,274.79,-68.01,0,0,10,0.0,-0.9986,0.0,10.0
2026-09-14 16:00:00,SPXW260914C07950000,0.05,-0.025,0,0,271,0.1348,0.0012,0.0,1757.0,7950.0,SPXW260914P07950000,295.12,0.0,0,0,0,0.0,-0.9987,0.0,3.0
2026-09-14 16:00:00,SPXW260914C07960000,0.05,-0.05,0,0,474,0.1391,0.0012,0.0,596.0,7960.0,SPXW260914P07960000,296.55,-66.05,0,0,1,0.0,-0.9987,0.0,1.0
2026-09-14 16:00:00,SPXW260914C07970000,0.05,-0.025,0,0,68,0.1432,0.0011,0.0,190.0,7970.0,SPXW260914P07970000,0.0,0.0,0,0,0,0.0,-0.9988,0.0,0.0
2026-09-14 16:00:00,SPXW260914C07975000,0.1,0.025,0,0,833,0.1453,0.0011,0.0,1385.0,7975.0,SPXW260914P07975000,309.8,-67.15,0,0,10,0.0,-0.9988,0.0,20.0
2026-09-14 16:00:00,SPXW260914C08000000,0.05,-0.025,0,0,751,0.1555,0.001,0.0,3885.0,8000.0,SPXW260914P08000000,270.84,0.0,0,0,0,0.1658,-0.9989,0.0,1503.0
2026-09-14 16:00:00,SPXW260914C08025000,0.05,-0.025,0,0,278,0.1657,0.0009,0.0,610.0,8025.0,SPXW260914P08025000,295.11,0.0,0,0,0,0.0,-0.999,0.0,2.0
2026-09-14 16:00:00,SPXW260914C08050000,0.03,-0.07,0,0,19,0.1756,0.0008,0.0,1199.0,8050.0,SPXW260914P08050000,0.0,0.0,0,0,0,0.0,-0.9991,0.0,0.0
2026-09-14 16:00:00,SPXW260914C08075000,0.03,-0.045,0,0,60,0.1856,0.0007,0.0,134.0,8075.0,SPXW260914P08075000,0.0,0.0,0,0,0,0.0,-0.9992,0.0,0.0
2026-09-14 16:00:00,SPXW260914C08100000,0.03,-0.045,0,0,77,0.1955,0.0007,0.0,309.0,8100.0,SPXW260914P08100000,420.63,0.0,0,0,0,0.0,-0.9992,0.0,2.0
2026-09-14 16:00:00,SPXW260914C08125000,0.07,0.0,0,0,0,0.2054,0.0006,0.0,49.0,8125.0,SPXW260914P08125000,395.81,0.0,0,0,0,0.0,-0.9993,0.0,0.0
2026-09-14 16:00:00,SPXW260914C08150000,0.06,-0.015,0,0,1,0.2152,0.0006,0.0,172.0,8150.0,SPXW260914P08150000,0.0,0.0,0,0,0,0.0,-0.9993,0.0,0.0
2026-09-14 16:00:00,SPXW260914C08175000,0.05,-0.025,0,0,1,0.2249,0.0005,0.0,140.0,8175.0,SPXW260914P08175000,0.0,0.0,0,0,0,0.0,-0.9994,0.0,0.0
2026-09-14 16:00:00,SPXW260914C08200000,0.1,0.0,0,0,0,0.2346,0.0005,0.0,91.0,8200.0,SPXW260914P08200000,0.0,0.0,0,0,0,0.0,-0.9994,0.0,0.0
2026-09-14 16:00:00,SPXW260914C08225000,0.05,0.0,0,0,0,0.2442,0.0004,0.0,8.0,8225.0,SPXW260914P08225000,0.0,0.0,0,0,0,0.0,-0.9995,0.0,0.0
2026-09-14 16:00:00,SPXW260914C08250000,0.05,0.0,0,0,0,0.2537,0.0004,0.0,105.0,8250.0,SPXW260914P08250000,0.0,0.0,0,0,0,0.0,-0.9995,0.0,0.0
2026-09-14 16:00:00,SPXW260914C08275000,0.1,0.0,0,0,0,0.2633,0.0004,0.0,32.0,8275.0,SPXW260914P08275000,0.0,0.0,0,0,0,0.0,-0.9995,0.0,0.0
2026-09-14 16:00:00,SPXW260914C08300000,0.11,0.0,0,0,0,0.2727,0.0004,0.0,12.0,8300.0,SPXW260914P08300000,0.0,0.0,0,0,0,0.0,-0.9996,0.0,0.0
2026-09-14 16:00:00,SPXW260914C08325000,0.1,0.0,0,0,0,0.2821,0.0003,0.0,2439.0,8325.0,SPXW260914P08325000,0.0,0.0,0,0,0,0.0,-0.9996,0.0,0.0
2026-09-14 16:00:00,SPXW260914C08400000,0.05,0.0,0,0,0,0.3102,0.0003,0.0,11.0,8400.0,SPXW260914P08400000,0.0,0.0,0,0,0,0.0,-0.9996,0.0,0.0
2026-09-14 16:00:00,SPXW260914C08500000,0.05,0.025,0,0,10,0.3467,0.0002,0.0,140.0,8500.0,SPXW260914P08500000,0.0,0.0,0,0,0,0.372,-0.9997,0.0,0.0
2026-09-14 16:00:00,SPXW260914C08600000,0.05,0.0,0,0,0,0.3823,0.0001,0.0,39.0,8600.0,SPXW260914P08600000,0.0,0.0,0,0,0,0.0,-0.9998,0.0,0.0
2026-09-14 16:00:00,SPXW260914C08800000,0.05,0.025,0,0,6,0.452,0.0001,0.0,10.0,8800.0,SPXW260914P08800000,1136.52,-65.38,0,0,1,0.0,-0.9998,0.0,1.0
2026-09-14 16:00:00,SPXW260914C09000000,0.1,0.0,0,0,0,0.5194,0.0,0.0,214.0,9000.0,SPXW260914P09000000,0.0,0.0,0,0,0,0.0,-0.9998,0.0,0.0
2026-09-14 16:00:00,SPXW260914C09200000,0.27,0.0,0,0,0,0.5847,0.0,0.0,1.0,9200.0,SPXW260914P09200000,0.0,0.0,0,0,0,0.0,-0.9999,0.0,0.0
2026-09-14 16:00:00,SPXW260914C09400000,0.1,0.0,0,0,0,0.6481,0.0,0.0,5.0,9400.0,SPXW260914P09400000,0.0,0.0,0,0,0,0.6972,-0.9999,0.0,0.0
2026-09-14 16:00:00,SPXW260914C09600000,0.0,0.0,0,0,0,0.7097,0.0,0.0,0.0,9600.0,SPXW260914P09600000,0.0,0.0,0,0,0,0.7791,-0.9999,0.0,0.0
2026-09-14 16:00:00,SPXW260914C09800000,0.0,0.0,0,0,0,0.7696,0.0,0.0,0.0,9800.0,SPXW260914P09800000,0.0,0.0,0,0,0,0.8247,-0.9999,0.0,0.0
2026-09-14 16:00:00,SPXW260914C10000000,0.05,0.025,0,0,2,0.828,0.0,0.0,2.0,10000.0,SPXW260914P10000000,0.0,0.0,0,0,0,0.0,-0.9999,0.0,0.0
2026-09-15 16:00:00,SPXW260915C03200000,0.0,0.0,0,0,0,3.0799,0.9999,0.0,0.0,3200.0,SPXW260915P03200000,0.0,0.0,0,0,0,2.2567,0.0,0.0,1.0
2026-09-15 16:00:00,SPXW260915C03400000,0.0,0.0,0,0,0,2.8681,0.9999,0.0,0.0,3400.0,SPXW260915P03400000,0.05,0.0,0,0,0,2.1049,0.0,0.0,2.0
2026-09-15 16:00:00,SPXW260915C03600000,0.0,0.0,0,0,0,2.6871,0.9999,0.0,0.0,3600.0,SPXW260915P03600000,0.0,0.0,0,0,0,1.9618,0.0,0.0,0.0
2026-09-15 16:00:00,SPXW260915C03800000,0.0,0.0,0,0,0,2.4981,0.9999,0.0,0.0,3800.0,SPXW260915P03800000,0.05,0.0,0,0,0,1.8263,0.0,0.0,0.0
2026-09-15 16:00:00,SPXW260915C04000000,0.0,0.0,0,0,0,2.3351,0.9999,0.0,0.0,4000.0,SPXW260915P04000000,0.1,0.0,0,0,0,1.6976,0.0,0.0,50.0
2026-09-15 16:00:00,SPXW260915C04200000,0.0,0.0,0,0,0,2.1642,0.9999,0.0,0.0,4200.0,SPXW260915P04200000,0.1,0.0,0,0,0,1.5751,0.0,0.0,4.0
2026-09-15 16:00:00,SPXW260915C04400000,0.0,0.0,0,0,0,2.0155,0.9999,0.0,0.0,4400.0,SPXW260915P04400000,0.05,0.0,0,0,0,1.4582,0.0,0.0,125.0
2026-09-15 16:00:00,SPXW260915C04600000,0.0,0.0,0,0,0,1.8593,0.9998,0.0,0.0,4600.0,SPXW260915P04600000,0.1,0.0,0,0,0,1.3462,0.0,0.0,58.0
2026-09-15 16:00:00,SPXW260915C04800000,0.0,0.0,0,0,0,1.7098,0.9998,0.0,0.0,4800.0,SPXW260915P04800000,0.05,0.0,0,0,0,1.2947,0.0,0.0,39.0
2026-09-15 16:00:00,SPXW260915C05000000,0.0,0.0,0,0,0,1.578,0.9998,0.0,0.0,5000.0,SPXW260915P05000000,0.05,0.0,0,0,0,1.1871,-0.0001,0.0,721.0
2026-09-15 16:00:00,SPXW260915C05200000,0.0,0.0,0,0,0,1.4395,0.9998,0.0,0.0,5200.0,SPXW260915P05200000,0.05,0.0,0,0,0,1.0834,-0.0001,0.0,1035.0
2026-09-15 16:00:00,SPXW260915C05400000,0.0,0.0,0,0,0,1.316,0.9997,0.0,0.0,5400.0,SPXW260915P05400000,0.03,0.005,0,0,225,0.9833,-0.0002,0.0,3155.0
2026-09-15 16:00:00,SPXW260915C05600000,0.0,0.0,0,0,0,1.1866,0.9996,0.0,0.0,5600.0,SPXW260915P05600000,0.05,-0.025,0,0,88,0.8865,-0.0003,0.0,3546.0
2026-09-15 16:00:00,SPXW260915C05800000,0.0,0.0,0,0,0,1.0698,0.9994,0.0,0.0,5800.0,SPXW260915P05800000,0.05,-0.05,0,0,38,0.8159,-0.0004,0.0,1817.0
2026-09-15 16:00:00,SPXW260915C06000000,1593.42,0.0,0,0,0,0.9552,0.9992,0.0,7.0,6000.0,SPXW260915P06000000,0.05,-0.1,0,0,338,0.7382,-0.0007,0.0,1361.0
2026-09-15 16:00:00,SPXW260915C06100000,0.0,0.0,0,0,0,0.8953,0.999,0.0,0.0,6100.0,SPXW260915P06100000,0.1,0.1,0,0,824,0.7037,-0.0009,0.0,2379.0
2026-09-15 16:00:00,SPXW260915C06200000,0.0,0.0,0,0,0,0.8362,0.9988,0.0,0.0,6200.0,SPXW260915P06200000,0.1,-0.075,0,0,1112,0.6569,-0.0011,0.0,4913.0
2026-09-15 16:00:00,SPXW260915C06300000,0.0,0.0,0,0,0,0.784,0.9985,0.0,0.0,6300.0,SPXW260915P06300000,0.05,-0.075,0,0,45,0.628,-0.0014,0.0,2057.0
2026-09-15 16:00:00,SPXW260915C06400000,0.0,0.0,0,0,0,0.7261,0.9982,0.0,0.0,6400.0,SPXW260915P06400000,0.1,-0.225,0,0,831,0.581,-0.0017,0.0,1651.0
2026-09-15 16:00:00,SPXW260915C06500000,0.0,0.0,0,0,0,0.6742,0.9977,0.0,0.0,6500.0,SPXW260915P06500000,0.15,-0.175,0,0,78,0.5467,-0.0021,0.0,417.0
2026-09-15 16:00:00,SPXW260915C06550000,0.0,0.0,0,0,0,0.6456,0.9975,0.0,0.0,6550.0,SPXW260915P06550000,0.15,0.15,0,0,237,0.5283,-0.0024,0.0,214.0
2026-09-15 16:00:00,SPXW260915C06575000,0.0,0.0,0,0,0,0.6314,0.9973,0.0,15.0,6575.0,SPXW260915P06575000,0.15,-0.325,0,0,909,0.5211,-0.0025,0.0,1152.0
2026-09-15 16:00:00,SPXW260915C06600000,0.0,0.0,0,0,0,0.622,0.9972,0.0,0.0,6600.0,SPXW260915P06600000,0.15,-0.375,0,0,338,0.5093,-0.0027,0.0,961.0
2026-09-15 16:00:00,SPXW260915C06625000,1048.49,0.0,0,0,0,0.6077,0.997,0.0,130.0,6625.0,SPXW260915P06625000,0.2,-0.325,0,0,423,0.5016,-0.0028,0.0,472.0
2026-09-15 16:00:00,SPXW260915C06650000,0.0,0.0,0,0,0,0.5935,0.9969,0.0,0.0,6650.0,SPXW260915P06650000,0.2,-0.375,0,0,209,0.4935,-0.003,0.0,270.0
2026-09-15 16:00:00,SPXW260915C06675000,0.0,0.0,0,0,0,0.5793,0.9967,0.0,0.0,6675.0,SPXW260915P06675000,0.2,-0.425,0,0,425,0.4851,-0.0032,0.0,492.0
2026-09-15 16:00:00,SPXW260915C06700000,0.0,0.0,0,0,0,0.5695,0.9965,0.0,0.0,6700.0,SPXW260915P06700000,0.2,-0.425,0,0,3135,0.4731,-0.0034,0.0,3377.0
2026-09-15 16:00:00,SPXW260915C06725000,0.0,0.0,0,0,0,0.5553,0.9963,0.0,0.0,6725.0,SPXW260915P06725000,0.25,-0.425,0,0,67,0.4643,-0.0036,0.0,192.0
2026-09-15 16:00:00,SPXW260915C06750000,0.0,0.0,0,0,0,0.5412,0.9961,0.0,0.0,6750.0,SPXW260915P06750000,0.25,-0.475,0,0,34,0.4553,-0.0038,0.0,167.0
2026-09-15 16:00:00,SPXW260915C06775000,0.0,0.0,0,0,0,0.527,0.9959,0.0,0.0,6775.0,SPXW260915P06775000,0.25,-0.525,0,0,60,0.446,-0.004,0.0,110.0
2026-09-15 16:00:00,SPXW260915C06800000,894.78,0.0,0,0,0,0.5168,0.9956,0.0,1.0,6800.0,SPXW260915P06800000,0.31,-0.425,0,0,62,0.4365,-0.0043,0.0,514.0
2026-09-15 16:00:00,SPXW260915C06825000,0.0,0.0,0,0,0,0.5026,0.9954,0.0,0.0,6825.0,SPXW260915P06825000,0.3,-0.525,0,0,91,0.4268,-0.0045,0.0,176.0
2026-09-15 16:00:00,SPXW260915C06850000,0.0,0.0,0,0,0,0.4884,0.9951,0.0,0.0,6850.0,SPXW260915P06850000,0.3,-0.575,0,0,26,0.4169,-0.0048,0.0,229.0
2026-09-15 16:00:00,SPXW260915C06875000,0.0,0.0,0,0,0,0.4743,0.9948,0.0,0.0,6875.0,SPXW260915P06875000,0.35,-0.575,0,0,73,0.4068,-0.0051,0.0,167.0
2026-09-15 16:00:00,SPXW260915C06900000,0.0,0.0,0,0,0,0.4636,0.9944,0.0,0.0,6900.0,SPXW260915P06900000,0.43,-0.545,0,0,596,0.3966,-0.0054,0.0,775.0
2026-09-15 16:00:00,SPXW260915C06925000,747.38,75.98,0,0,1,0.4495,0.9941,0.0,1.0,6925.0,SPXW260915P06925000,0.46,-0.565,0,0,800,0.3861,-0.0058,0.0,912.0
2026-09-15 16:00:00,SPXW260915C06950000,0.0,0.0,0,0,0,0.4353,0.9937,0.0001,0.0,6950.0,SPXW260915P06950000,0.48,-0.595,0,0,465,0.3756,-0.0062,0.0001,546.0
2026-09-15 16:00:00,SPXW260915C06975000,0.0,0.0,0,0,0,0.4242,0.9933,0.0001,0.0,6975.0,SPXW260915P06975000,0.45,-0.725,0,0,936,0.3648,-0.0066,0.0001,888.0
2026-09-15 16:00:00,SPXW260915C06990000,0.0,0.0,0,0,0,0.4157,0.993,0.0001,0.0,6990.0,SPXW260915P06990000,0.45,0.45,0,0,116,0.359,-0.0069,0.0001,116.0
2026-09-15 16:00:00,SPXW260915C07000000,0.0,0.0,0,0,0,0.41,0.9928,0.0001,0.0,7000.0,SPXW260915P07000000,0.45,-0.775,0,0,63,0.3556,-0.0071,0.0001,556.0
2026-09-15 16:00:00,SPXW260915C07010000,0.0,0.0,0,0,0,0.4043,0.9926,0.0001,0.0,7010.0,SPXW260915P07010000,0.5,0.5,0,0,12,0.3506,-0.0073,0.0001,11.0
2026-09-15 16:00:00,SPXW260915C07020000,0.0,0.0,0,0,0,0.3986,0.9924,0.0001,0.0,7020.0,SPXW260915P07020000,0.5,0.5,0,0,58,0.3456,-0.0075,0.0001,59.0
2026-09-15 16:00:00,SPXW260915C07025000,0.0,0.0,0,0,0,0.3958,0.9923,0.0001,0.0,7025.0,SPXW260915P07025000,0.5,-0.85,0,0,32,0.3446,-0.0076,0.0001,229.0
2026-09-15 16:00:00,SPXW260915C07030000,0.0,0.0,0,0,0,0.3929,0.9922,0.0001,0.0,7030.0,SPXW260915P07030000,0.5,-0.825,0,0,21,0.342,-0.0077,0.0001,15.0
2026-09-15 16:00:00,SPXW260915C07040000,0.0,0.0,0,0,0,0.3901,0.992,0.0001,0.0,7040.0,SPXW260915P07040000,0.55,-0.85,0,0,7,0.3384,-0.0079,0.0001,9.0
2026-09-15 16:00:00,SPXW260915C07050000,664.73,0.0,0,0,0,0.3844,0.9917,0.0001,13.0,7050.0,SPXW260915P07050000,0.55,-0.875,0,0,63,0.3334,-0.0081,0.0001,421.0
2026-09-15 16:00:00,SPXW260915C07060000,0.0,0.0,0,0,0,0.3786,0.9915,0.0001,0.0,7060.0,SPXW260915P07060000,0.6,-0.875,0,0,7,0.3283,-0.0084,0.0001,140.0
2026-09-15 16:00:00,SPXW260915C07070000,0.0,0.0,0,0,0,0.3497,0.9912,0.0001,0.0,7070.0,SPXW260915P07070000,0.55,-0.95,0,0,12,0.3246,-0.0086,0.0001,115.0
2026-09-15 16:00:00,SPXW260915C07075000,0.0,0.0,0,0,0,0.3487,0.9911,0.0001,0.0,7075.0,SPXW260915P07075000,0.55,-1.0,0,0,27,0.3234,-0.0088,0.0001,246.0
2026-09-15 16:00:00,SPXW260915C07080000,0.0,0.0,0,0,0,0.346,0.991,0.0001,0.0,7080.0,SPXW260915P07080000,0.4,-1.15,0,0,4,0.3208,-0.0089,0.0001,11.0
2026-09-15 16:00:00,SPXW260915C07090000,0.0,0.0,0,0,0,0.3405,0.9907,0.0001,0.0,7090.0,SPXW260915P07090000,0.6,-1.0,0,0,730,0.3157,-0.0092,0.0001,718.0
2026-09-15 16:00:00,SPXW260915C07100000,622.72,0.0,0,0,0,0.335,0.9904,0.0001,109.0,7100.0,SPXW260915P07100000,0.65,-1.0,0,0,566,0.3119,-0.0094,0.0001,1307.0
2026-09-15 16:00:00,SPXW260915C07110000,0.0,0.0,0,0,0,0.3312,0.9902,0.0001,0.0,7110.0,SPXW260915P07110000,0.6,-1.1,0,0,14,0.3068,-0.0097,0.0001,17.0
2026-09-15 16:00:00,SPXW260915C07120000,0.0,0.0,0,0,0,0.3257,0.9898,0.0001,0.0,7120.0,SPXW260915P07120000,0.65,-1.125,0,0,168,0.3028,-0.01,0.0001,227.0
2026-09-15 16:00:00,SPXW260915C07125000,0.0,0.0,0,0,0,0.3229,0.9897,0.0001,0.0,7125.0,SPXW260915P07125000,0.6,-1.2,0,0,16,0.3003,-0.0102,0.0001,166.0
2026-09-15 16:00:00,SPXW260915C07130000,0.0,0.0,0,0,0,0.3202,0.9895,0.0001,0.0,7130.0,SPXW260915P07130000,0.68,-1.17,0,0,73,0.2977,-0.0103,0.0001,77.0
2026-09-15 16:00:00,SPXW260915C07140000,0.0,0.0,0,0,0,0.3162,0.9892,0.0001,0.0,7140.0,SPXW260915P07140000,0.65,-1.25,0,0,232,0.2937,-0.0107,0.0001,234.0
2026-09-15 16:00:00,SPXW260915C07145000,0.0,0.0,0,0,0,0.3134,0.989,0.0001,0.0,7145.0,SPXW260915P07145000,0.5,0.5,0,0,2,0.2922,-0.0108,0.0001,2.0
2026-09-15 16:00:00,SPXW260915C07150000,519.57,71.02,0,0,5,0.3107,0.9888,0.0001,3.0,7150.0,SPXW260915P07150000,0.61,-1.365,0,0,177,0.2896,-0.011,0.0001,473.0
2026-09-15 16:00:00,SPXW260915C07155000,0.0,0.0,0,0,0,0.3079,0.9887,0.0001,0.0,7155.0,SPXW260915P07155000,0.71,0.71,0,0,160,0.2871,-0.0112,0.0001,160.0
2026-09-15 16:00:00,SPXW260915C07160000,0.0,0.0,0,0,0,0.3051,0.9885,0.0001,0.0,7160.0,SPXW260915P07160000,0.68,-1.37,0,0,84,0.2845,-0.0114,0.0001,81.0
2026-09-15 16:00:00,SPXW260915C07165000,0.0,0.0,0,0,0,0.3039,0.9883,0.0001,0.0,7165.0,SPXW260915P07165000,0.73,0.73,0,0,68,0.283,-0.0116,0.0001,68.0
2026-09-15 16:00:00,SPXW260915C07170000,0.0,0.0,0,0,0,0.3011,0.9881,0.0001,0.0,7170.0,SPXW260915P07170000,0.5,-1.6,0,0,4,0.2804,-0.0118,0.0001,118.0
2026-09-15 16:00:00,SPXW260915C07175000,595.54,0.0,0,0,0,0.2983,0.9879,0.0001,15.0,7175.0,SPXW260915P07175000,0.67,-1.48,0,0,18,0.2778,-0.012,0.0001,232.0
2026-09-15 16:00:00,SPXW260915C07180000,0.0,0.0,0,0,0,0.2955,0.9877,0.0001,0.0,7180.0,SPXW260915P07180000,0.75,-1.45,0,0,13,0.2762,-0.0122,0.0001,37.0
2026-09-15 16:00:00,SPXW260915C07185000,0.0,0.0,0,0,0,0.2942,0.9875,0.0001,0.0,7185.0,SPXW260915P07185000,0.75,-1.5,0,0,3,0.2735,-0.0124,0.0001,15.0
2026-09-15 16:00:00,SPXW260915C07190000,0.0,0.0,0,0,0,0.2914,0.9873,0.0001,0.0,7190.0,SPXW260915P07190000,0.55,-1.75,0,0,11,0.271,-0.0126,0.0001,28.0
2026-09-15 16:00:00,SPXW260915C07195000,0.0,0.0,0,0,0,0.2886,0.9871,0.0001,0.0,7195.0,SPXW260915P07195000,0.75,-1.6,0,0,27,0.2693,-0.0128,0.0001,22.0
2026-09-15 16:00:00,SPXW260915C07200000,469.04,70.19,0,0,25,0.2858,0.9868,0.0002,22.0,7200.0,SPXW260915P07200000,0.78,-1.62,0,0,104,0.2667,-0.013,0.0002,370.0
2026-09-15 16:00:00,SPXW260915C07205000,0.0,0.0,0,0,0,0.283,0.9866,0.0002,0.0,7205.0,SPXW260915P07205000,0.55,-1.9,0,0,3,0.265,-0.0133,0.0002,9.0
2026-09-15 16:00:00,SPXW260915C07210000,388.67,0.0,0,0,0,0.2802,0.9864,0.0002,28.0,7210.0,SPXW260915P07210000,0.7,-1.8,0,0,29,0.2624,-0.0135,0.0002,54.0
2026-09-15 16:00:00,SPXW260915C07215000,0.0,0.0,0,0,0,0.2774,0.9861,0.0002,0.0,7215.0,SPXW260915P07215000,0.7,-1.85,0,0,6,0.2598,-0.0137,0.0002,28.0
2026-09-15 16:00:00,SPXW260915C07220000,0.0,0.0,0,0,0,0.2759,0.9859,0.0002,0.0,7220.0,SPXW260915P07220000,0.85,-1.775,0,0,40,0.258,-0.014,0.0002,119.0
2026-09-15 16:00:00,SPXW260915C07225000,0.0,0.0,0,0,0,0.2732,0.9856,0.0002,0.0,7225.0,SPXW260915P07225000,0.75,-1.95,0,0,26,0.2554,-0.0142,0.0002,201.0
2026-09-15 16:00:00,SPXW260915C07230000,0.0,0.0,0,0,0,0.2703,0.9854,0.0002,0.0,7230.0,SPXW260915P07230000,0.6,-2.15,0,0,5,0.2536,-0.0145,0.0002,10.0
2026-09-15 16:00:00,SPXW260915C07235000,0.0,0.0,0,0,0,0.2688,0.9851,0.0002,0.0,7235.0,SPXW260915P07235000,0.7,-2.125,0,0,3,0.251,-0.0148,0.0002,93.0
2026-09-15 16:00:00,SPXW260915C07240000,0.0,0.0,0,0,0,0.266,0.9848,0.0002,0.0,7240.0,SPXW260915P07240000,0.6,-2.3,0,0,36,0.2484,-0.015,0.0002,173.0
2026-09-15 16:00:00,SPXW260915C07245000,0.0,0.0,0,0,0,0.2632,0.9845,0.0002,0.0,7245.0,SPXW260915P07245000,0.8,-2.15,0,0,24,0.2465,-0.0153,0.0002,25.0
2026-09-15 16:00:00,SPXW260915C07250000,408.24,58.74,0,0,20,0.2604,0.9842,0.0002,10.0,7250.0,SPXW260915P07250000,0.75,-2.3,0,0,81,0.2447,-0.0156,0.0002,314.0
2026-09-15 16:00:00,SPXW260915C07255000,0.0,0.0,0,0,0,0.2575,0.984,0.0002,0.0,7255.0,SPXW260915P07255000,0.75,-2.35,0,0,20,0.242,-0.0159,0.0002,21.0
2026-09-15 16:00:00,SPXW260915C07260000,411.29,72.84,0,0,1,0.2547,0.9836,0.0002,1.0,7260.0,SPXW260915P07260000,0.75,-2.45,0,0,20,0.2393,-0.0162,0.0002,100.0
2026-09-15 16:00:00,SPXW260915C07265000,0.0,0.0,0,0,0,0.2531,0.9833,0.0002,0.0,7265.0,SPXW260915P07265000,0.85,-2.45,0,0,76,0.2367,-0.0166,0.0002,76.0
2026-09-15 16:00:00,SPXW260915C07270000,0.0,0.0,0,0,0,0.2502,0.983,0.0002,0.0,7270.0,SPXW260915P07270000,0.85,-2.55,0,0,102,0.2355,-0.0169,0.0002,3119.0
2026-09-15 16:00:00,SPXW260915C07275000,395.01,69.91,0,0,1,0.2485,0.9826,0.0002,29.0,7275.0,SPXW260915P07275000,0.85,-2.65,0,0,41,0.2328,-0.0172,0.0002,198.0
2026-09-15 16:00:00,SPXW260915C07280000,0.0,0.0,0,0,0,0.2457,0.9823,0.0002,0.0,7280.0,SPXW260915P07280000,0.9,-2.7,0,0,304,0.2302,-0.0176,0.0002,208.0
2026-09-15 16:00:00,SPXW260915C07285000,0.0,0.0,0,0,0,0.2428,0.9819,0.0002,0.0,7285.0,SPXW260915P07285000,0.9,-2.8,0,0,15,0.2282,-0.018,0.0002,95.0
2026-09-15 16:00:00,SPXW260915C07290000,0.0,0.0,0,0,0,0.24,0.9816,0.0002,0.0,7290.0,SPXW260915P07290000,0.95,-2.85,0,0,6,0.2262,-0.0183,0.0002,39.0
2026-09-15 16:00:00,SPXW260915C07295000,0.0,0.0,0,0,0,0.2371,0.9812,0.0002,0.0,7295.0,SPXW260915P07295000,0.95,-3.0,0,0,13,0.2236,-0.0187,0.0002,37.0
2026-09-15 16:00:00,SPXW260915C07300000,461.74,0.0,0,0,0,0.2354,0.9808,0.0003,1.0,7300.0,SPXW260915P07300000,1.0,-3.05,0,0,123,0.2208,-0.0191,0.0003,405.0
2026-09-15 16:00:00,SPXW260915C07305000,0.0,0.0,0,0,0,0.2335,0.9804,0.0003,0.0,7305.0,SPXW260915P07305000,0.9,-3.3,0,0,12,0.2194,-0.0195,0.0003,38.0
2026-09-15 16:00:00,SPXW260915C07310000,342.43,0.0,0,0,0,0.2307,0.9799,0.0003,30.0,7310.0,SPXW260915P07310000,1.0,-3.3,0,0,80,0.2168,-0.0199,0.0003,142.0
2026-09-15 16:00:00,SPXW260915C07315000,0.0,0.0,0,0,0,0.2278,0.9795,0.0003,0.0,7315.0,SPXW260915P07315000,0.9,-3.55,0,0,57,0.214,-0.0204,0.0003,68.0
2026-09-15 16:00:00,SPXW260915C07320000,401.6,0.0,0,0,0,0.2249,0.979,0.0003,0.0,7320.0,SPXW260915P07320000,1.0,-3.6,0,0,66,0.2125,-0.0209,0.0003,301.0
2026-09-15 16:00:00,SPXW260915C07325000,467.33,0.0,0,0,0,0.222,0.9785,0.0003,1.0,7325.0,SPXW260915P07325000,1.05,-3.7,0,0,84,0.2099,-0.0213,0.0003,848.0
2026-09-15 16:00:00,SPXW260915C07330000,0.0,0.0,0,0,0,0.2211,0.978,0.0003,0.0,7330.0,SPXW260915P07330000,1.02,-3.88,0,0,37,0.2077,-0.0218,0.0003,68.0
2026-09-15 16:00:00,SPXW260915C07335000,0.0,0.0,0,0,0,0.2182,0.9775,0.0003,0.0,7335.0,SPXW260915P07335000,1.0,-4.1,0,0,18,0.2056,-0.0223,0.0003,113.0
2026-09-15 16:00:00,SPXW260915C07340000,0.0,0.0,0,0,0,0.2152,0.977,0.0003,0.0,7340.0,SPXW260915P07340000,1.0,-4.25,0,0,292,0.2034,-0.0229,0.0003,471.0
2026-09-15 16:00:00,SPXW260915C07345000,0.0,0.0,0,0,0,0.2123,0.9764,0.0003,0.0,7345.0,SPXW260915P07345000,1.02,-4.43,0,0,112,0.2012,-0.0234,0.0003,121.0
2026-09-15 16:00:00,SPXW260915C07350000,300.89,0.0,0,0,0,0.2112,0.9758,0.0004,10.0,7350.0,SPXW260915P07350000,1.11,-4.54,0,0,345,0.199,-0.024,0.0004,303.0
2026-09-15 16:00:00,SPXW260915C07355000,0.0,0.0,0,0,0,0.2083,0.9752,0.0004,0.0,7355.0,SPXW260915P07355000,1.05,-4.8,0,0,48,0.1968,-0.0246,0.0004,165.0
2026-09-15 16:00:00,SPXW260915C07360000,243.7,0.0,0,0,0,0.2054,0.9746,0.0004,15.0,7360.0,SPXW260915P07360000,1.17,-4.93,0,0,123,0.1945,-0.0253,0.0004,196.0
2026-09-15 16:00:00,SPXW260915C07365000,0.0,0.0,0,0,0,0.2024,0.9739,0.0004,0.0,7365.0,SPXW260915P07365000,1.1,-5.2,0,0,8,0.1922,-0.0259,0.0004,91.0
2026-09-15 16:00:00,SPXW260915C07370000,347.97,0.0,0,0,0,0.2012,0.9732,0.0004,1.0,7370.0,SPXW260915P07370000,1.2,-5.35,0,0,65,0.1899,-0.0266,0.0004,170.0
2026-09-15 16:00:00,SPXW260915C07375000,309.08,0.0,0,0,0,0.1982,0.9725,0.0004,19.0,7375.0,SPXW260915P07375000,1.25,-5.55,0,0,104,0.1881,-0.0274,0.0004,407.0
2026-09-15 16:00:00,SPXW260915C07380000,0.0,0.0,0,0,0,0.196,0.9717,0.0004,0.0,7380.0,SPXW260915P07380000,1.3,-5.75,0,0,72,0.1857,-0.0281,0.0004,246.0
2026-09-15 16:00:00,SPXW260915C07385000,219.7,0.0,0,0,0,0.1938,0.9709,0.0004,0.0,7385.0,SPXW260915P07385000,1.25,-6.1,0,0,32,0.1833,-0.029,0.0004,99.0
2026-09-15 16:00:00,SPXW260915C07390000,0.0,0.0,0,0,0,0.1908,0.9701,0.0005,0.0,7390.0,SPXW260915P07390000,1.4,-6.25,0,0,211,0.1814,-0.0298,0.0005,270.0
2026-09-15 16:00:00,SPXW260915C07395000,0.0,0.0,0,0,0,0.1894,0.9692,0.0005,0.0,7395.0,SPXW260915P07395000,1.3,-6.65,0,0,37,0.1794,-0.0307,0.0005,92.0
2026-09-15 16:00:00,SPXW260915C07400000,271.5,66.95,0,0,1,0.1863,0.9682,0.0005,11.0,7400.0,SPXW260915P07400000,1.5,-6.8,0,0,213,0.1774,-0.0317,0.0005,3737.0
2026-09-15 16:00:00,SPXW260915C07405000,0.0,0.0,0,0,0,0.1848,0.9672,0.0005,0.0,7405.0,SPXW260915P07405000,1.42,-7.18,0,0,77,0.1746,-0.0326,0.0005,163.0
2026-09-15 16:00:00,SPXW260915C07410000,249.34,0.0,0,0,0,0.1817,0.9662,0.0005,32.0,7410.0,SPXW260915P07410000,1.55,-7.45,0,0,73,0.1725,-0.0337,0.0005,301.0
2026-09-15 16:00:00,SPXW260915C07415000,0.0,0.0,0,0,0,0.1786,0.965,0.0006,0.0,7415.0,SPXW260915P07415000,1.45,-7.9,0,0,69,0.1704,-0.0348,0.0006,269.0
2026-09-15 16:00:00,SPXW260915C07420000,249.27,63.07,0,0,1,0.177,0.9638,0.0006,2.0,7420.0,SPXW260915P07420000,1.5,-8.25,0,0,29,0.1682,-0.036,0.0006,274.0
2026-09-15 16:00:00,SPXW260915C07425000,270.15,0.0,0,0,0,0.1752,0.9626,0.0006,10.0,7425.0,SPXW260915P07425000,1.68,-8.47,0,0,67,0.1664,-0.0373,0.0006,1228.0
2026-09-15 16:00:00,SPXW260915C07430000,0.0,0.0,0,0,0,0.1721,0.9612,0.0006,0.0,7430.0,SPXW260915P07430000,1.6,-9.0,0,0,50,0.1645,-0.0386,0.0006,335.0
2026-09-15 16:00:00,SPXW260915C07435000,0.0,0.0,0,0,0,0.1696,0.9598,0.0007,0.0,7435.0,SPXW260915P07435000,1.65,-9.4,0,0,98,0.1622,-0.0401,0.0007,209.0
2026-09-15 16:00:00,SPXW260915C07440000,166.77,0.0,0,0,0,0.1671,0.9582,0.0007,81.0,7440.0,SPXW260915P07440000,1.85,-9.65,0,0,72,0.16,-0.0416,0.0007,473.0
2026-09-15 16:00:00,SPXW260915C07445000,237.0,0.0,0,0,0,0.1646,0.9566,0.0007,1.0,7445.0,SPXW260915P07445000,1.8,-10.2,0,0,249,0.1579,-0.0433,0.0007,343.0
2026-09-15 16:00:00,SPXW260915C07450000,220.16,61.51,0,0,1,0.1602,0.9549,0.0008,11.0,7450.0,SPXW260915P07450000,1.9,-10.65,0,0,296,0.1559,-0.045,0.0008,1696.0
2026-09-15 16:00:00,SPXW260915C07455000,210.19,56.04,0,0,14,0.1606,0.953,0.0008,14.0,7455.0,SPXW260915P07455000,1.97,-11.13,0,0,65,0.1538,-0.0469,0.0008,91.0
2026-09-15 16:00:00,SPXW260915C07460000,201.74,0.0,0,0,0,0.159,0.951,0.0008,5.0,7460.0,SPXW260915P07460000,2.2,-11.5,0,0,189,0.1519,-0.0489,0.0008,563.0
2026-09-15 16:00:00,SPXW260915C07465000,0.0,0.0,0,0,0,0.1568,0.9488,0.0009,0.0,7465.0,SPXW260915P07465000,2.1,-12.2,0,0,104,0.15,-0.051,0.0009,172.0
2026-09-15 16:00:00,SPXW260915C07470000,0.0,0.0,0,0,0,0.1541,0.9465,0.0009,0.0,7470.0,SPXW260915P07470000,2.2,-12.7,0,0,152,0.148,-0.0534,0.0009,229.0
2026-09-15 16:00:00,SPXW260915C07475000,192.51,56.11,0,0,2,0.1518,0.944,0.001,8.0,7475.0,SPXW260915P07475000,2.33,-13.14,0,0,234,0.1459,-0.0558,0.001,396.0
2026-09-15 16:00:00,SPXW260915C07480000,187.32,54.77,0,0,1,0.1495,0.9414,0.001,4.0,7480.0,SPXW260915P07480000,2.45,-13.85,0,0,173,0.1438,-0.0585,0.001,257.0
2026-09-15 16:00:00,SPXW260915C07485000,128.15,0.0,0,0,0,0.1471,0.9385,0.0011,1.0,7485.0,SPXW260915P07485000,2.5,-14.25,0,0,128,0.1424,-0.0614,0.0011,211.0
2026-09-15 16:00:00,SPXW260915C07490000,176.41,52.51,0,0,1,0.1447,0.9354,0.0011,7.0,7490.0,SPXW260915P07490000,2.65,-15.15,0,0,350,0.1401,-0.0644,0.0011,439.0
2026-09-15 16:00:00,SPXW260915C07495000,0.0,0.0,0,0,0,0.1426,0.9321,0.0012,0.0,7495.0,SPXW260915P07495000,3.1,-15.5,0,0,127,0.1382,-0.0677,0.0012,1326.0
2026-09-15 16:00:00,SPXW260915C07500000,160.01,44.11,0,0,6,0.1405,0.9286,0.0012,50.0,7500.0,SPXW260915P07500000,2.87,-16.63,0,0,2030,0.1367,-0.0713,0.0012,3136.0
2026-09-15 16:00:00,SPXW260915C07505000,172.89,61.04,0,0,1,0.1383,0.9248,0.0013,7.0,7505.0,SPXW260915P07505000,3.1,-16.81,0,0,106,0.1347,-0.0751,0.0013,253.0
2026-09-15 16:00:00,SPXW260915C07510000,156.87,49.12,0,0,2,0.1364,0.9206,0.0014,7.0,7510.0,SPXW260915P07510000,3.4,-17.9,0,0,376,0.1325,-0.0792,0.0014,407.0
2026-09-15 16:00:00,SPXW260915C07515000,158.96,55.21,0,0,50,0.1345,0.9162,0.0015,24.0,7515.0,SPXW260915P07515000,3.53,-18.3,0,0,162,0.1307,-0.0837,0.0015,229.0
2026-09-15 16:00:00,SPXW260915C07520000,146.96,47.21,0,0,51,0.1324,0.9114,0.0016,99.0,7520.0,SPXW260915P07520000,3.78,-19.1,0,0,376,0.1288,-0.0885,0.0016,292.0
2026-09-15 16:00:00,SPXW260915C07525000,93.3,0.0,0,0,0,0.1277,0.9063,0.0016,87.0,7525.0,SPXW260915P07525000,3.86,-20.38,0,0,420,0.1268,-0.0936,0.0016,1191.0
2026-09-15 16:00:00,SPXW260915C07530000,91.05,0.0,0,0,0,0.128,0.9008,0.0017,30.0,7530.0,SPXW260915P07530000,4.36,-21.14,0,0,359,0.1254,-0.0991,0.0017,319.0
2026-09-15 16:00:00,SPXW260915C07535000,143.32,55.12,0,0,1,0.1263,0.8948,0.0018,22.0,7535.0,SPXW260915P07535000,4.42,-22.23,0,0,263,0.1231,-0.105,0.0018,561.0
2026-09-15 16:00:00,SPXW260915C07540000,132.63,48.18,0,0,2,0.1241,0.8884,0.002,28.0,7540.0,SPXW260915P07540000,5.0,-22.9,0,0,374,0.1214,-0.1114,0.002,437.0
2026-09-15 16:00:00,SPXW260915C07545000,128.05,47.3,0,0,2,0.1222,0.8816,0.0021,17.0,7545.0,SPXW260915P07545000,4.97,-24.23,0,0,310,0.1196,-0.1183,0.0021,380.0
2026-09-15 16:00:00,SPXW260915C07550000,116.57,39.52,0,0,3,0.121,0.8742,0.0022,47.0,7550.0,SPXW260915P07550000,5.7,-24.9,0,0,1764,0.1179,-0.1257,0.0022,2766.0
2026-09-15 16:00:00,SPXW260915C07555000,113.48,40.03,0,0,6,0.1185,0.8662,0.0023,25.0,7555.0,SPXW260915P07555000,6.0,-25.9,0,0,297,0.1161,-0.1337,0.0023,342.0
2026-09-15 16:00:00,SPXW260915C07560000,109.33,39.38,0,0,17,0.1167,0.8577,0.0024,38.0,7560.0,SPXW260915P07560000,6.0,-26.81,0,0,354,0.1144,-0.1422,0.0024,506.0
2026-09-15 16:00:00,SPXW260915C07565000,98.1,31.6,0,0,6,0.1152,0.8485,0.0026,31.0,7565.0,SPXW260915P07565000,6.81,-28.19,0,0,684,0.1128,-0.1514,0.0026,346.0
2026-09-15 16:00:00,SPXW260915C07570000,96.4,33.25,0,0,1,0.1128,0.8386,0.0028,50.0,7570.0,SPXW260915P07570000,7.1,-29.5,0,0,427,0.111,-0.1613,0.0028,531.0
2026-09-15 16:00:00,SPXW260915C07575000,91.55,31.7,0,0,29,0.111,0.8279,0.0029,53.0,7575.0,SPXW260915P07575000,7.9,-30.4,0,0,886,0.1093,-0.1719,0.0029,902.0
2026-09-15 16:00:00,SPXW260915C07580000,92.17,35.57,0,0,32,0.1097,0.8165,0.0031,88.0,7580.0,SPXW260915P07580000,8.2,-31.87,0,0,561,0.1076,-0.1834,0.0031,696.0
2026-09-15 16:00:00,SPXW260915C07585000,94.16,40.71,0,0,2,0.1078,0.8042,0.0033,34.0,7585.0,SPXW260915P07585000,9.1,-33.3,0,0,188,0.1059,-0.1957,0.0033,188.0
2026-09-15 16:00:00,SPXW260915C07590000,82.18,31.78,0,0,25,0.1058,0.791,0.0034,41.0,7590.0,SPXW260915P07590000,9.0,-34.85,0,0,374,0.1043,-0.2089,0.0034,432.0
2026-09-15 16:00:00,SPXW260915C07595000,71.57,24.17,0,0,32,0.103,0.7768,0.0036,102.0,7595.0,SPXW260915P07595000,10.29,-35.67,0,0,3716,0.1028,-0.2231,0.0036,3426.0
2026-09-15 16:00:00,SPXW260915C07600000,67.5,23.0,0,0,76,0.1013,0.7616,0.0038,181.0,7600.0,SPXW260915P07600000,10.86,-36.86,0,0,2337,0.1011,-0.2383,0.0038,1536.0
2026-09-15 16:00:00,SPXW260915C07605000,64.5,22.8,0,0,44,0.0999,0.7452,0.004,115.0,7605.0,SPXW260915P07605000,12.1,-38.0,0,0,226,0.0995,-0.2547,0.004,216.0
2026-09-15 16:00:00,SPXW260915C07610000,59.35,21.15,0,0,59,0.0982,0.7277,0.0042,68.0,7610.0,SPXW260915P07610000,12.3,-40.1,0,0,694,0.0979,-0.2722,0.0042,764.0
2026-09-15 16:00:00,SPXW260915C07615000,55.4,19.7,0,0,174,0.0968,0.709,0.0044,123.0,7615.0,SPXW260915P07615000,13.7,-41.36,0,0,2579,0.0963,-0.2909,0.0044,2373.0
2026-09-15 16:00:00,SPXW260915C07620000,51.2,17.3,0,0,108,0.0948,0.689,0.0046,86.0,7620.0,SPXW260915P07620000,15.02,-42.7,0,0,3135,0.0948,-0.3109,0.0046,3068.0
2026-09-15 16:00:00,SPXW260915C07625000,49.7,18.2,0,0,130,0.0933,0.6677,0.0049,148.0,7625.0,SPXW260915P07625000,16.19,-44.2,0,0,369,0.0933,-0.3321,0.0049,1093.0
2026-09-15 16:00:00,SPXW260915C07630000,44.4,15.2,0,0,137,0.0918,0.6452,0.0051,159.0,7630.0,SPXW260915P07630000,17.79,-45.62,0,0,563,0.0918,-0.3547,0.0051,521.0
2026-09-15 16:00:00,SPXW260915C07635000,41.3,14.35,0,0,203,0.0903,0.6213,0.0052,88.0,7635.0,SPXW260915P07635000,19.07,-46.35,0,0,487,0.0905,-0.3786,0.0052,410.0
2026-09-15 16:00:00,SPXW260915C07640000,37.35,12.55,0,0,134,0.089,0.5962,0.0054,190.0,7640.0,SPXW260915P07640000,20.84,-47.6,0,0,1161,0.0891,-0.4037,0.0054,538.0
2026-09-15 16:00:00,SPXW260915C07645000,35.1,12.3,0,0,226,0.0875,0.5698,0.0056,108.0,7645.0,SPXW260915P07645000,22.26,-48.94,0,0,419,0.0877,-0.4301,0.0056,293.0
2026-09-15 16:00:00,SPXW260915C07650000,30.9,10.0,0,0,1505,0.0863,0.5423,0.0057,1180.0,7650.0,SPXW260915P07650000,24.35,-50.0,0,0,3510,0.0865,-0.4576,0.0057,2458.0
2026-09-15 16:00:00,SPXW260915C07655000,27.46,9.17,0,0,321,0.085,0.5138,0.0058,256.0,7655.0,SPXW260915P07655000,26.18,-51.45,0,0,372,0.0851,-0.4861,0.0058,257.0
2026-09-15 16:00:00,SPXW260915C07660000,25.1,7.9,0,0,601,0.0838,0.4843,0.0059,332.0,7660.0,SPXW260915P07660000,28.5,-52.25,0,0,1323,0.084,-0.5155,0.0059,304.0
2026-09-15 16:00:00,SPXW260915C07665000,22.37,7.5,0,0,542,0.0826,0.4542,0.006,309.0,7665.0,SPXW260915P07665000,30.57,-53.58,0,0,556,0.0828,-0.5457,0.006,449.0
2026-09-15 16:00:00,SPXW260915C07670000,19.42,6.17,0,0,532,0.0816,0.4235,0.006,301.0,7670.0,SPXW260915P07670000,33.37,-54.33,0,0,1068,0.0816,-0.5763,0.006,552.0
2026-09-15 16:00:00,SPXW260915C07675000,17.5,5.17,0,0,4324,0.0804,0.3927,0.006,1667.0,7675.0,SPXW260915P07675000,36.0,-56.45,0,0,2934,0.0807,-0.6072,0.006,1631.0
2026-09-15 16:00:00,SPXW260915C07680000,14.7,3.55,0,0,730,0.0796,0.3618,0.0059,383.0,7680.0,SPXW260915P07680000,37.9,-57.15,0,0,542,0.0796,-0.6381,0.0059,560.0
2026-09-15 16:00:00,SPXW260915C07685000,13.37,3.21,0,0,457,0.0786,0.3313,0.0057,276.0,7685.0,SPXW260915P07685000,41.23,-58.12,0,0,221,0.0788,-0.6686,0.0057,695.0
2026-09-15 16:00:00,SPXW260915C07690000,11.4,2.65,0,0,485,0.0778,0.3014,0.0056,413.0,7690.0,SPXW260915P07690000,43.89,-58.71,0,0,148,0.0784,-0.6984,0.0056,299.0
2026-09-15 16:00:00,SPXW260915C07695000,9.9,2.02,0,0,411,0.0771,0.2725,0.0054,266.0,7695.0,SPXW260915P07695000,43.45,-63.1,0,0,251,0.0771,-0.7274,0.0054,183.0
2026-09-15 16:00:00,SPXW260915C07700000,8.5,1.56,0,0,5460,0.0766,0.2447,0.0051,2732.0,7700.0,SPXW260915P07700000,52.07,-58.88,0,0,365,0.077,-0.7552,0.0051,729.0
2026-09-15 16:00:00,SPXW260915C07705000,6.8,0.25,0,0,400,0.0759,0.2182,0.0048,374.0,7705.0,SPXW260915P07705000,50.24,-64.61,0,0,36,0.0764,-0.7817,0.0048,438.0
2026-09-15 16:00:00,SPXW260915C07710000,5.8,0.42,0,0,640,0.0753,0.1932,0.0045,1141.0,7710.0,SPXW260915P07710000,59.2,-59.95,0,0,51,0.0756,-0.8067,0.0045,759.0
2026-09-15 16:00:00,SPXW260915C07715000,5.0,0.25,0,0,830,0.0747,0.1697,0.0042,505.0,7715.0,SPXW260915P07715000,61.2,-62.25,0,0,109,0.0748,-0.8301,0.0042,159.0
2026-09-15 16:00:00,SPXW260915C07720000,4.24,0.0,0,0,878,0.0743,0.1479,0.0039,790.0,7720.0,SPXW260915P07720000,67.9,-59.55,0,0,17,0.072,-0.852,0.0039,206.0
2026-09-15 16:00:00,SPXW260915C07725000,3.3,-0.35,0,0,644,0.0739,0.1279,0.0035,1258.0,7725.0,SPXW260915P07725000,66.11,-65.64,0,0,168,0.0744,-0.872,0.0035,289.0
2026-09-15 16:00:00,SPXW260915C07730000,2.67,-0.38,0,0,884,0.0738,0.1096,0.0032,552.0,7730.0,SPXW260915P07730000,70.35,-66.2,0,0,31,0.0698,-0.8902,0.0032,205.0
2026-09-15 16:00:00,SPXW260915C07735000,2.25,-0.475,0,0,874,0.0734,0.0933,0.0028,1185.0,7735.0,SPXW260915P07735000,75.7,-65.25,0,0,40,0.0733,-0.9066,0.0028,48.0
2026-09-15 16:00:00,SPXW260915C07740000,1.97,-0.45,0,0,428,0.0731,0.079,0.0025,577.0,7740.0,SPXW260915P07740000,73.72,-71.93,0,0,49,0.0681,-0.9209,0.0025,90.0
2026-09-15 16:00:00,SPXW260915C07745000,1.55,-0.52,0,0,353,0.0732,0.0665,0.0022,773.0,7745.0,SPXW260915P07745000,82.21,-68.09,0,0,4,0.068,-0.9333,0.0022,75.0
2026-09-15 16:00:00,SPXW260915C07750000,1.35,-0.55,0,0,2997,0.073,0.056,0.0019,1883.0,7750.0,SPXW260915P07750000,93.02,-62.03,0,0,38,0.0733,-0.9439,0.0019,803.0
2026-09-15 16:00:00,SPXW260915C07755000,1.05,-0.625,0,0,438,0.0731,0.047,0.0017,322.0,7755.0,SPXW260915P07755000,93.14,-66.41,0,0,12,0.0663,-0.9528,0.0017,37.0
2026-09-15 16:00:00,SPXW260915C07760000,0.77,-0.45,0,0,415,0.0733,0.0396,0.0015,630.0,7760.0,SPXW260915P07760000,93.98,-70.67,0,0,9,0.0642,-0.9602,0.0015,60.0
2026-09-15 16:00:00,SPXW260915C07765000,0.65,-0.6,0,0,412,0.073,0.0335,0.0013,566.0,7765.0,SPXW260915P07765000,97.83,-71.62,0,0,19,0.0628,-0.9664,0.0013,22.0
2026-09-15 16:00:00,SPXW260915C07770000,0.6,-0.5,0,0,475,0.0734,0.0284,0.0011,591.0,7770.0,SPXW260915P07770000,106.68,-67.62,0,0,1,0.0593,-0.9714,0.0011,33.0
2026-09-15 16:00:00,SPXW260915C07775000,0.55,-0.4,0,0,1811,0.074,0.0243,0.001,1185.0,7775.0,SPXW260915P07775000,106.34,-72.81,0,0,14,0.0,-0.9756,0.001,26.0
2026-09-15 16:00:00,SPXW260915C07780000,0.45,-0.375,0,0,374,0.0742,0.0209,0.0008,898.0,7780.0,SPXW260915P07780000,116.28,-68.02,0,0,1,0.0,-0.979,0.0008,122.0
2026-09-15 16:00:00,SPXW260915C07785000,0.3,-0.325,0,0,185,0.0746,0.018,0.0007,427.0,7785.0,SPXW260915P07785000,113.46,-75.49,0,0,51,0.0,-0.9818,0.0007,24.0
2026-09-15 16:00:00,SPXW260915C07790000,0.3,-0.3,0,0,343,0.0754,0.0157,0.0006,422.0,7790.0,SPXW260915P07790000,127.85,-66.1,0,0,5,0.0,-0.9842,0.0006,69.0
2026-09-15 16:00:00,SPXW260915C07795000,0.25,-0.25,0,0,207,0.076,0.0138,0.0006,336.0,7795.0,SPXW260915P07795000,0.0,0.0,0,0,0,0.0,-0.9861,0.0006,0.0
2026-09-15 16:00:00,SPXW260915C07800000,0.25,-0.25,0,0,2347,0.0773,0.0122,0.0005,3029.0,7800.0,SPXW260915P07800000,142.62,-61.43,0,0,40,0.0781,-0.9877,0.0005,51.0
2026-09-15 16:00:00,SPXW260915C07805000,0.2,-0.25,0,0,194,0.0784,0.0109,0.0004,420.0,7805.0,SPXW260915P07805000,115.6,0.0,0,0,0,0.0,-0.989,0.0004,6.0
2026-09-15 16:00:00,SPXW260915C07810000,0.15,-0.21,0,0,270,0.0794,0.0098,0.0004,711.0,7810.0,SPXW260915P07810000,212.02,0.0,0,0,0,0.0,-0.9901,0.0004,7.0
2026-09-15 16:00:00,SPXW260915C07815000,0.15,-0.225,0,0,451,0.0801,0.0089,0.0004,478.0,7815.0,SPXW260915P07815000,171.16,0.0,0,0,0,0.0,-0.991,0.0004,1.0
2026-09-15 16:00:00,SPXW260915C07820000,0.15,-0.175,0,0,298,0.0823,0.0081,0.0003,719.0,7820.0,SPXW260915P07820000,105.79,0.0,0,0,0,0.0,-0.9918,0.0003,19.0
2026-09-15 16:00:00,SPXW260915C07825000,0.12,-0.18,0,0,333,0.0845,0.0074,0.0003,2219.0,7825.0,SPXW260915P07825000,181.2,0.0,0,0,0,0.0,-0.9924,0.0003,41.0
2026-09-15 16:00:00,SPXW260915C07830000,0.12,-0.155,0,0,176,0.0867,0.0069,0.0003,1772.0,7830.0,SPXW260915P07830000,185.58,0.0,0,0,0,0.0,-0.993,0.0003,3.0
2026-09-15 16:00:00,SPXW260915C07835000,0.1,-0.175,0,0,521,0.0872,0.0064,0.0002,638.0,7835.0,SPXW260915P07835000,0.0,0.0,0,0,0,0.0,-0.9935,0.0002,0.0
2026-09-15 16:00:00,SPXW260915C07840000,0.1,-0.15,0,0,39,0.0894,0.006,0.0002,486.0,7840.0,SPXW260915P07840000,151.2,0.0,0,0,0,0.0,-0.9939,0.0002,4.0
2026-09-15 16:00:00,SPXW260915C07845000,0.1,-0.125,0,0,44,0.0893,0.0056,0.0002,439.0,7845.0,SPXW260915P07845000,200.23,0.0,0,0,0,0.0,-0.9942,0.0002,1.0
2026-09-15 16:00:00,SPXW260915C07850000,0.1,-0.125,0,0,178,0.0914,0.0053,0.0002,758.0,7850.0,SPXW260915P07850000,185.43,-67.07,0,0,7,0.0,-0.9945,0.0002,32.0
2026-09-15 16:00:00,SPXW260915C07855000,0.06,-0.14,0,0,5,0.0935,0.0051,0.0002,257.0,7855.0,SPXW260915P07855000,0.0,0.0,0,0,0,0.0,-0.9948,0.0002,0.0
2026-09-15 16:00:00,SPXW260915C07860000,0.15,-0.075,0,0,56,0.0956,0.0048,0.0002,321.0,7860.0,SPXW260915P07860000,0.0,0.0,0,0,0,0.0,-0.995,0.0002,0.0
2026-09-15 16:00:00,SPXW260915C07865000,0.1,-0.025,0,0,79,0.0999,0.0046,0.0002,337.0,7865.0,SPXW260915P07865000,0.0,0.0,0,0,0,0.0,-0.9952,0.0002,0.0
2026-09-15 16:00:00,SPXW260915C07870000,0.1,-0.075,0,0,103,0.0997,0.0044,0.0002,382.0,7870.0,SPXW260915P07870000,0.0,0.0,0,0,0,0.0,-0.9954,0.0002,0.0
2026-09-15 16:00:00,SPXW260915C07875000,0.05,-0.1,0,0,36,0.1042,0.0043,0.0001,1031.0,7875.0,SPXW260915P07875000,205.86,-72.59,0,0,1,0.0,-0.9956,0.0001,1.0
2026-09-15 16:00:00,SPXW260915C07880000,0.1,-0.05,0,0,30,0.1038,0.0041,0.0001,333.0,7880.0,SPXW260915P07880000,0.0,0.0,0,0,0,0.0,-0.9958,0.0001,0.0
2026-09-15 16:00:00,SPXW260915C07885000,0.1,-0.05,0,0,6,0.106,0.004,0.0001,168.0,7885.0,SPXW260915P07885000,0.0,0.0,0,0,0,0.0,-0.9959,0.0001,0.0
2026-09-15 16:00:00,SPXW260915C07890000,0.05,-0.1,0,0,9,0.108,0.0038,0.0001,336.0,7890.0,SPXW260915P07890000,0.0,0.0,0,0,0,0.0,-0.996,0.0001,0.0
2026-09-15 16:00:00,SPXW260915C07895000,0.05,-0.075,0,0,15,0.11,0.0037,0.0001,178.0,7895.0,SPXW260915P07895000,0.0,0.0,0,0,0,0.0,-0.9962,0.0001,0.0
2026-09-15 16:00:00,SPXW260915C07900000,0.05,-0.1,0,0,22,0.1121,0.0036,0.0001,1011.0,7900.0,SPXW260915P07900000,230.92,-74.13,0,0,2,0.0,-0.9963,0.0001,74.0
2026-09-15 16:00:00,SPXW260915C07910000,0.05,-0.1,0,0,7,0.1162,0.0034,0.0001,384.0,7910.0,SPXW260915P07910000,0.0,0.0,0,0,0,0.0,-0.9965,0.0001,0.0
2026-09-15 16:00:00,SPXW260915C07920000,0.05,-0.075,0,0,11,0.1201,0.0032,0.0001,419.0,7920.0,SPXW260915P07920000,0.0,0.0,0,0,0,0.0,-0.9967,0.0001,0.0
2026-09-15 16:00:00,SPXW260915C07925000,0.05,-0.075,0,0,15,0.1221,0.0031,0.0001,672.0,7925.0,SPXW260915P07925000,0.0,0.0,0,0,0,0.0,-0.9968,0.0001,0.0
2026-09-15 16:00:00,SPXW260915C07930000,0.05,-0.075,0,0,21,0.1242,0.003,0.0001,508.0,7930.0,SPXW260915P07930000,0.0,0.0,0,0,0,0.0,-0.9968,0.0001,0.0
2026-09-15 16:00:00,SPXW260915C07940000,0.1,-0.025,0,0,1,0.1248,0.0029,0.0001,156.0,7940.0,SPXW260915P07940000,0.0,0.0,0,0,0,0.0,-0.997,0.0001,0.0
2026-09-15 16:00:00,SPXW260915C07950000,0.07,-0.055,0,0,14,0.124,0.0027,0.0001,577.0,7950.0,SPXW260915P07950000,209.0,0.0,0,0,0,0.0,-0.9971,0.0001,7.0
2026-09-15 16:00:00,SPXW260915C07960000,0.1,-0.025,0,0,2,0.1325,0.0026,0.0001,177.0,7960.0,SPXW260915P07960000,0.0,0.0,0,0,0,0.0,-0.9973,0.0001,0.0
2026-09-15 16:00:00,SPXW260915C07970000,0.05,-0.05,0,0,82,0.1364,0.0025,0.0001,134.0,7970.0,SPXW260915P07970000,0.0,0.0,0,0,0,0.0,-0.9974,0.0001,0.0
2026-09-15 16:00:00,SPXW260915C07975000,0.05,-0.05,0,0,60,0.1383,0.0024,0.0001,362.0,7975.0,SPXW260915P07975000,0.0,0.0,0,0,0,0.0,-0.9974,0.0001,0.0
2026-09-15 16:00:00,SPXW260915C08000000,0.05,-0.05,0,0,109,0.1479,0.0022,0.0001,763.0,8000.0,SPXW260915P08000000,290.96,0.0,0,0,0,0.0,-0.9977,0.0001,0.0
2026-09-15 16:00:00,SPXW260915C08025000,0.05,-0.05,0,0,32,0.1519,0.002,0.0,207.0,8025.0,SPXW260915P08025000,0.0,0.0,0,0,0,0.0,-0.9979,0.0,0.0
2026-09-15 16:00:00,SPXW260915C08050000,0.08,-0.02,0,0,7,0.161,0.0018,0.0,191.0,8050.0,SPXW260915P08050000,0.0,0.0,0,0,0,0.0,-0.9981,0.0,0.0
2026-09-15 16:00:00,SPXW260915C08075000,0.13,0.03,0,0,2,0.1701,0.0017,0.0,179.0,8075.0,SPXW260915P08075000,0.0,0.0,0,0,0,0.0,-0.9982,0.0,0.0
2026-09-15 16:00:00,SPXW260915C08100000,0.05,-0.05,0,0,19,0.1791,0.0015,0.0,304.0,8100.0,SPXW260915P08100000,0.0,0.0,0,0,0,0.0,-0.9984,0.0,0.0
2026-09-15 16:00:00,SPXW260915C08125000,0.05,0.0,0,0,0,0.188,0.0014,0.0,51.0,8125.0,SPXW260915P08125000,416.83,0.0,0,0,0,0.0,-0.9985,0.0,0.0
2026-09-15 16:00:00,SPXW260915C08150000,0.05,-0.025,0,0,10,0.1969,0.0013,0.0,66.0,8150.0,SPXW260915P08150000,0.0,0.0,0,0,0,0.0,-0.9986,0.0,0.0
2026-09-15 16:00:00,SPXW260915C08175000,0.05,-0.025,0,0,4,0.2057,0.0012,0.0,51.0,8175.0,SPXW260915P08175000,0.0,0.0,0,0,0,0.0,-0.9987,0.0,0.0
2026-09-15 16:00:00,SPXW260915C08200000,0.1,0.0,0,0,0,0.2145,0.0011,0.0,242.0,8200.0,SPXW260915P08200000,0.0,0.0,0,0,0,0.0,-0.9988,0.0,0.0
2026-09-15 16:00:00,SPXW260915C08225000,0.05,-0.025,0,0,9,0.2232,0.001,0.0,64.0,8225.0,SPXW260915P08225000,0.0,0.0,0,0,0,0.0,-0.9988,0.0,0.0
2026-09-15 16:00:00,SPXW260915C08250000,0.1,0.0,0,0,0,0.2319,0.001,0.0,2247.0,8250.0,SPXW260915P08250000,0.0,0.0,0,0,0,0.0,-0.9989,0.0,0.0
2026-09-15 16:00:00,SPXW260915C08275000,0.05,0.0,0,0,0,0.2405,0.0009,0.0,25.0,8275.0,SPXW260915P08275000,0.0,0.0,0,0,0,0.0,-0.999,0.0,0.0
2026-09-15 16:00:00,SPXW260915C08300000,0.06,-0.015,0,0,1,0.249,0.0008,0.0,17.0,8300.0,SPXW260915P08300000,0.0,0.0,0,0,0,0.0,-0.999,0.0,0.0
2026-09-15 16:00:00,SPXW260915C08325000,0.05,0.0,0,0,0,0.2575,0.0008,0.0,4.0,8325.0,SPXW260915P08325000,0.0,0.0,0,0,0,0.0,-0.9991,0.0,0.0
2026-09-15 16:00:00,SPXW260915C08400000,0.12,0.0,0,0,0,0.2827,0.0006,0.0,110.0,8400.0,SPXW260915P08400000,0.0,0.0,0,0,0,0.0,-0.9992,0.0,0.0
2026-09-15 16:00:00,SPXW260915C08500000,0.05,0.0,0,0,1,0.3158,0.0005,0.0,1.0,8500.0,SPXW260915P08500000,0.0,0.0,0,0,0,0.0,-0.9994,0.0,0.0
2026-09-15 16:00:00,SPXW260915C08600000,0.72,0.0,0,0,0,0.3481,0.0004,0.0,10.0,8600.0,SPXW260915P08600000,0.0,0.0,0,0,0,0.0,-0.9995,0.0,0.0
2026-09-15 16:00:00,SPXW260915C08800000,0.15,0.0,0,0,0,0.411,0.0002,0.0,1.0,8800.0,SPXW260915P08800000,0.0,0.0,0,0,0,0.0,-0.9996,0.0,0.0
2026-09-15 16:00:00,SPXW260915C09000000,0.0,0.0,0,0,0,0.4496,0.0002,0.0,0.0,9000.0,SPXW260915P09000000,0.0,0.0,0,0,0,0.0,-0.9997,0.0,0.0
2026-09-15 16:00:00,SPXW260915C09200000,0.0,0.0,0,0,0,0.5061,0.0001,0.0,0.0,9200.0,SPXW260915P09200000,0.0,0.0,0,0,0,0.0,-0.9998,0.0,0.0
2026-09-15 16:00:00,SPXW260915C09400000,0.1,0.0,0,0,0,0.5609,0.0001,0.0,100.0,9400.0,SPXW260915P09400000,0.0,0.0,0,0,0,0.0,-0.9998,0.0,0.0
2026-09-15 16:00:00,SPXW260915C09600000,0.0,0.0,0,0,0,0.6142,0.0,0.0,0.0,9600.0,SPXW260915P09600000,0.0,0.0,0,0,0,0.0,-0.9998,0.0,0.0
2026-09-15 16:00:00,SPXW260915C09800000,0.0,0.0,0,0,0,0.666,0.0,0.0,0.0,9800.0,SPXW260915P09800000,0.0,0.0,0,0,0,0.0,-0.9998,0.0,0.0
2026-09-15 16:00:00,SPXW260915C10000000,0.0,0.0,0,0,0,0.7165,0.0,0.0,0.0,10000.0,SPXW260915P10000000,0.0,0.0,0,0,0,0.0,-0.9999,0.0,0.0
2026-09-16 16:00:00,SPXW260916C03200000,0.0,0.0,0,0,0,2.7786,0.9998,0.0,0.0,3200.0,SPXW260916P03200000,0.0,0.0,0,0,0,2.017,-0.0001,0.0,0.0
2026-09-16 16:00:00,SPXW260916C03400000,0.0,0.0,0,0,0,2.5845,0.9998,0.0,0.0,3400.0,SPXW260916P03400000,0.0,0.0,0,0,0,1.8814,-0.0001,0.0,0.0
2026-09-16 16:00:00,SPXW260916C03600000,0.0,0.0,0,0,0,2.4173,0.9998,0.0,0.0,3600.0,SPXW260916P03600000,0.05,0.0,0,0,0,1.7535,-0.0001,0.0,2.0
2026-09-16 16:00:00,SPXW260916C03800000,0.0,0.0,0,0,0,2.2442,0.9998,0.0,0.0,3800.0,SPXW260916P03800000,0.0,0.0,0,0,0,1.6324,-0.0001,0.0,0.0
2026-09-16 16:00:00,SPXW260916C04000000,0.0,0.0,0,0,0,2.0943,0.9998,0.0,0.0,4000.0,SPXW260916P04000000,0.05,0.0,0,0,0,1.5174,-0.0001,0.0,139.0
2026-09-16 16:00:00,SPXW260916C04200000,0.0,0.0,0,0,0,1.9511,0.9998,0.0,0.0,4200.0,SPXW260916P04200000,0.15,0.0,0,0,0,1.4079,-0.0001,0.0,1.0
2026-09-16 16:00:00,SPXW260916C04400000,0.0,0.0,0,0,0,1.8019,0.9998,0.0,0.0,4400.0,SPXW260916P04400000,0.1,0.0,0,0,0,1.3034,-0.0001,0.0,5.0
2026-09-16 16:00:00,SPXW260916C04600000,0.0,0.0,0,0,0,1.6711,0.9997,0.0,0.0,4600.0,SPXW260916P04600000,0.1,0.0,0,0,0,1.2033,-0.0001,0.0,118.0
2026-09-16 16:00:00,SPXW260916C04800000,0.0,0.0,0,0,0,1.5451,0.9997,0.0,0.0,4800.0,SPXW260916P04800000,0.05,0.0,0,0,0,1.1573,-0.0001,0.0,75.0
2026-09-16 16:00:00,SPXW260916C05000000,0.0,0.0,0,0,0,1.4137,0.9997,0.0,0.0,5000.0,SPXW260916P05000000,0.05,0.0,0,0,0,1.0612,-0.0002,0.0,904.0
2026-09-16 16:00:00,SPXW260916C05200000,0.0,0.0,0,0,0,1.2968,0.9996,0.0,0.0,5200.0,SPXW260916P05200000,0.05,-0.025,0,0,375,0.9685,-0.0002,0.0,1894.0
2026-09-16 16:00:00,SPXW260916C05400000,0.0,0.0,0,0,0,1.1835,0.9996,0.0,0.0,5400.0,SPXW260916P05400000,0.03,-0.07,0,0,267,0.9042,-0.0003,0.0,1648.0
2026-09-16 16:00:00,SPXW260916C05600000,0.0,0.0,0,0,0,1.0733,0.9994,0.0,0.0,5600.0,SPXW260916P05600000,0.05,-0.075,0,0,2309,0.8155,-0.0004,0.0,3904.0
2026-09-16 16:00:00,SPXW260916C05800000,0.0,0.0,0,0,0,0.9658,0.9992,0.0,0.0,5800.0,SPXW260916P05800000,0.07,-0.155,0,0,687,0.7581,-0.0007,0.0,1403.0
2026-09-16 16:00:00,SPXW260916C06000000,1793.42,0.0,0,0,0,0.8609,0.9988,0.0,1.0,6000.0,SPXW260916P06000000,0.1,-0.175,0,0,488,0.6902,-0.001,0.0,1358.0
2026-09-16 16:00:00,SPXW260916C06100000,0.0,0.0,0,0,0,0.8064,0.9986,0.0,0.0,6100.0,SPXW260916P06100000,0.15,0.15,0,0,481,0.6467,-0.0013,0.0,469.0
2026-09-16 16:00:00,SPXW260916C06200000,0.0,0.0,0,0,0,0.7582,0.9982,0.0,0.0,6200.0,SPXW260916P06200000,0.15,-0.25,0,0,258,0.617,-0.0016,0.0,934.0
2026-09-16 16:00:00,SPXW260916C06300000,0.0,0.0,0,0,0,0.7101,0.9978,0.0,0.0,6300.0,SPXW260916P06300000,0.2,-0.275,0,0,21,0.5843,-0.002,0.0,258.0
2026-09-16 16:00:00,SPXW260916C06400000,0.0,0.0,0,0,0,0.6572,0.9973,0.0,0.0,6400.0,SPXW260916P06400000,0.3,-0.275,0,0,3444,0.5494,-0.0025,0.0,3930.0
2026-09-16 16:00:00,SPXW260916C06500000,0.0,0.0,0,0,0,0.6095,0.9967,0.0,0.0,6500.0,SPXW260916P06500000,0.33,-0.345,0,0,396,0.5193,-0.0032,0.0,1169.0
2026-09-16 16:00:00,SPXW260916C06550000,0.0,0.0,0,0,0,0.5877,0.9963,0.0,0.0,6550.0,SPXW260916P06550000,0.35,0.35,0,0,52,0.5028,-0.0035,0.0,49.0
2026-09-16 16:00:00,SPXW260916C06575000,0.0,0.0,0,0,0,0.5748,0.9961,0.0,0.0,6575.0,SPXW260916P06575000,0.45,-0.35,0,0,42,0.4917,-0.0037,0.0,64.0
2026-09-16 16:00:00,SPXW260916C06600000,0.0,0.0,0,0,0,0.5657,0.9959,0.0,0.0,6600.0,SPXW260916P06600000,0.4,-0.425,0,0,29,0.4856,-0.004,0.0,560.0
2026-09-16 16:00:00,SPXW260916C06625000,0.0,0.0,0,0,0,0.5527,0.9957,0.0,0.0,6625.0,SPXW260916P06625000,0.45,-0.425,0,0,131,0.4745,-0.0042,0.0,176.0
2026-09-16 16:00:00,SPXW260916C06650000,0.0,0.0,0,0,0,0.5398,0.9954,0.0,0.0,6650.0,SPXW260916P06650000,0.5,-0.425,0,0,38,0.4678,-0.0044,0.0,86.0
2026-09-16 16:00:00,SPXW260916C06675000,0.0,0.0,0,0,0,0.5304,0.9952,0.0,0.0,6675.0,SPXW260916P06675000,0.45,-0.525,0,0,71,0.4566,-0.0047,0.0,75.0
2026-09-16 16:00:00,SPXW260916C06700000,0.0,0.0,0,0,0,0.5175,0.9949,0.0,0.0,6700.0,SPXW260916P06700000,0.55,-0.475,0,0,263,0.4495,-0.005,0.0,460.0
2026-09-16 16:00:00,SPXW260916C06725000,0.0,0.0,0,0,0,0.5046,0.9946,0.0,0.0,6725.0,SPXW260916P06725000,0.5,-0.575,0,0,77,0.4382,-0.0053,0.0,128.0
2026-09-16 16:00:00,SPXW260916C06750000,0.0,0.0,0,0,0,0.495,0.9942,0.0,0.0,6750.0,SPXW260916P06750000,0.55,-0.575,0,0,101,0.4307,-0.0056,0.0,331.0
2026-09-16 16:00:00,SPXW260916C06775000,0.0,0.0,0,0,0,0.482,0.9939,0.0,0.0,6775.0,SPXW260916P06775000,0.6,-0.6,0,0,12,0.4228,-0.006,0.0,117.0
2026-09-16 16:00:00,SPXW260916C06800000,0.0,0.0,0,0,0,0.4722,0.9935,0.0,0.0,6800.0,SPXW260916P06800000,0.67,-0.58,0,0,3881,0.4114,-0.0063,0.0,4173.0
2026-09-16 16:00:00,SPXW260916C06825000,0.0,0.0,0,0,0,0.4593,0.9931,0.0,0.0,6825.0,SPXW260916P06825000,0.65,-0.65,0,0,11,0.4031,-0.0067,0.0,82.0
2026-09-16 16:00:00,SPXW260916C06850000,0.0,0.0,0,0,0,0.4464,0.9927,0.0001,0.0,6850.0,SPXW260916P06850000,0.73,-0.67,0,0,117,0.3946,-0.0072,0.0001,409.0
2026-09-16 16:00:00,SPXW260916C06875000,791.59,68.79,0,0,1,0.4363,0.9922,0.0001,1.0,6875.0,SPXW260916P06875000,0.7,-0.775,0,0,2,0.3831,-0.0076,0.0001,640.0
2026-09-16 16:00:00,SPXW260916C06900000,0.0,0.0,0,0,0,0.4233,0.9917,0.0001,0.0,6900.0,SPXW260916P06900000,0.75,-0.8,0,0,12,0.3743,-0.0081,0.0001,3024.0
2026-09-16 16:00:00,SPXW260916C06925000,0.0,0.0,0,0,0,0.413,0.9912,0.0001,0.0,6925.0,SPXW260916P06925000,0.75,-0.9,0,0,4,0.3653,-0.0086,0.0001,264.0
2026-09-16 16:00:00,SPXW260916C06950000,0.0,0.0,0,0,0,0.3799,0.9906,0.0001,0.0,6950.0,SPXW260916P06950000,0.8,-0.95,0,0,45,0.356,-0.0092,0.0001,504.0
2026-09-16 16:00:00,SPXW260916C06975000,0.0,0.0,0,0,0,0.369,0.99,0.0001,0.0,6975.0,SPXW260916P06975000,0.9,-1.0,0,0,20,0.3466,-0.0099,0.0001,288.0
2026-09-16 16:00:00,SPXW260916C06990000,0.0,0.0,0,0,0,0.363,0.9896,0.0001,0.0,6990.0,SPXW260916P06990000,0.0,0.0,0,0,0,0.3396,-0.0103,0.0001,0.0
2026-09-16 16:00:00,SPXW260916C07000000,0.0,0.0,0,0,0,0.3579,0.9893,0.0001,0.0,7000.0,SPXW260916P07000000,0.92,-1.08,0,0,3926,0.3369,-0.0106,0.0001,4193.0
2026-09-16 16:00:00,SPXW260916C07010000,0.0,0.0,0,0,0,0.3529,0.989,0.0001,0.0,7010.0,SPXW260916P07010000,0.0,0.0,0,0,0,0.3322,-0.0109,0.0001,0.0
2026-09-16 16:00:00,SPXW260916C07020000,0.0,0.0,0,0,0,0.3493,0.9887,0.0001,0.0,7020.0,SPXW260916P07020000,0.0,0.0,0,0,0,0.3294,-0.0112,0.0001,0.0
2026-09-16 16:00:00,SPXW260916C07025000,0.0,0.0,0,0,0,0.3468,0.9885,0.0001,0.0,7025.0,SPXW260916P07025000,0.95,-1.2,0,0,240,0.3271,-0.0113,0.0001,439.0
2026-09-16 16:00:00,SPXW260916C07030000,0.0,0.0,0,0,0,0.3442,0.9884,0.0001,0.0,7030.0,SPXW260916P07030000,0.9,-1.3,0,0,4,0.3248,-0.0115,0.0001,11.0
2026-09-16 16:00:00,SPXW260916C07040000,0.0,0.0,0,0,0,0.3406,0.988,0.0001,0.0,7040.0,SPXW260916P07040000,0.9,-1.1,0,0,5,0.3191,-0.0118,0.0001,31.0
2026-09-16 16:00:00,SPXW260916C07050000,0.0,0.0,0,0,0,0.3355,0.9877,0.0001,0.0,7050.0,SPXW260916P07050000,1.03,-1.32,0,0,179,0.3171,-0.0122,0.0001,378.0
2026-09-16 16:00:00,SPXW260916C07060000,0.0,0.0,0,0,0,0.3305,0.9873,0.0001,0.0,7060.0,SPXW260916P07060000,0.95,-1.45,0,0,4,0.3124,-0.0125,0.0001,21.0
2026-09-16 16:00:00,SPXW260916C07070000,0.0,0.0,0,0,0,0.3281,0.987,0.0001,0.0,7070.0,SPXW260916P07070000,0.95,-1.55,0,0,8,0.3094,-0.0129,0.0001,38.0
2026-09-16 16:00:00,SPXW260916C07075000,0.0,0.0,0,0,0,0.3255,0.9868,0.0001,0.0,7075.0,SPXW260916P07075000,2.55,0.0,0,0,0,0.307,-0.0131,0.0001,457.0
2026-09-16 16:00:00,SPXW260916C07080000,0.0,0.0,0,0,0,0.323,0.9866,0.0001,0.0,7080.0,SPXW260916P07080000,0.8,-1.8,0,0,36,0.3046,-0.0133,0.0001,38.0
2026-09-16 16:00:00,SPXW260916C07090000,582.56,73.61,0,0,1,0.3179,0.9862,0.0001,1.0,7090.0,SPXW260916P07090000,0.85,-1.825,0,0,1,0.3015,-0.0137,0.0001,3.0
2026-09-16 16:00:00,SPXW260916C07100000,583.11,0.0,0,0,0,0.314,0.9857,0.0001,3.0,7100.0,SPXW260916P07100000,1.1,-1.675,0,0,11,0.2974,-0.0141,0.0001,428.0
2026-09-16 16:00:00,SPXW260916C07110000,0.0,0.0,0,0,0,0.3102,0.9853,0.0001,0.0,7110.0,SPXW260916P07110000,1.0,-1.875,0,0,5,0.2935,-0.0146,0.0001,5.0
2026-09-16 16:00:00,SPXW260916C07120000,0.0,0.0,0,0,0,0.305,0.9848,0.0001,0.0,7120.0,SPXW260916P07120000,0.95,-2.075,0,0,4,0.2894,-0.015,0.0001,26.0
2026-09-16 16:00:00,SPXW260916C07125000,559.38,0.0,0,0,0,0.3025,0.9846,0.0001,3.0,7125.0,SPXW260916P07125000,1.25,-1.8,0,0,19,0.2877,-0.0152,0.0001,396.0
2026-09-16 16:00:00,SPXW260916C07130000,0.0,0.0,0,0,0,0.2999,0.9844,0.0001,0.0,7130.0,SPXW260916P07130000,0.95,-2.1,0,0,1,0.2853,-0.0155,0.0001,4.0
2026-09-16 16:00:00,SPXW260916C07140000,0.0,0.0,0,0,0,0.2971,0.9838,0.0002,0.0,7140.0,SPXW260916P07140000,1.0,-2.2,0,0,1,0.2818,-0.016,0.0002,2.0
2026-09-16 16:00:00,SPXW260916C07145000,0.0,0.0,0,0,0,0.2945,0.9836,0.0002,0.0,7145.0,SPXW260916P07145000,1.0,1.0,0,0,1,0.2795,-0.0163,0.0002,1.0
2026-09-16 16:00:00,SPXW260916C07150000,0.0,0.0,0,0,0,0.292,0.9833,0.0002,0.0,7150.0,SPXW260916P07150000,1.2,-2.15,0,0,18,0.2777,-0.0165,0.0002,3608.0
2026-09-16 16:00:00,SPXW260916C07155000,0.0,0.0,0,0,0,0.2894,0.983,0.0002,0.0,7155.0,SPXW260916P07155000,1.05,1.05,0,0,3,0.2759,-0.0168,0.0002,3.0
2026-09-16 16:00:00,SPXW260916C07160000,0.0,0.0,0,0,0,0.2879,0.9827,0.0002,1.0,7160.0,SPXW260916P07160000,1.2,-2.3,0,0,37,0.2735,-0.0171,0.0002,39.0
2026-09-16 16:00:00,SPXW260916C07165000,0.0,0.0,0,0,0,0.2864,0.9824,0.0002,0.0,7165.0,SPXW260916P07165000,1.05,1.05,0,0,2,0.2718,-0.0174,0.0002,2.0
2026-09-16 16:00:00,SPXW260916C07170000,0.0,0.0,0,0,0,0.2838,0.9822,0.0002,0.0,7170.0,SPXW260916P07170000,1.1,-2.55,0,0,51,0.2699,-0.0177,0.0002,60.0
2026-09-16 16:00:00,SPXW260916C07175000,559.62,0.0,0,0,0,0.2812,0.9818,0.0002,11.0,7175.0,SPXW260916P07175000,1.35,-2.35,0,0,55,0.2673,-0.018,0.0002,152.0
2026-09-16 16:00:00,SPXW260916C07180000,0.0,0.0,0,0,0,0.2786,0.9815,0.0002,0.0,7180.0,SPXW260916P07180000,1.35,-2.45,0,0,2,0.2655,-0.0183,0.0002,5.0
2026-09-16 16:00:00,SPXW260916C07185000,0.0,0.0,0,0,0,0.277,0.9812,0.0002,0.0,7185.0,SPXW260916P07185000,1.3,-2.6,0,0,81,0.2637,-0.0187,0.0002,193.0
2026-09-16 16:00:00,SPXW260916C07190000,0.0,0.0,0,0,0,0.2754,0.9809,0.0002,0.0,7190.0,SPXW260916P07190000,1.15,-2.85,0,0,1,0.2618,-0.019,0.0002,11.0
2026-09-16 16:00:00,SPXW260916C07195000,0.0,0.0,0,0,0,0.2728,0.9805,0.0002,0.0,7195.0,SPXW260916P07195000,1.35,-2.75,0,0,5,0.26,-0.0193,0.0002,9.0
2026-09-16 16:00:00,SPXW260916C07200000,399.04,0.0,0,0,0,0.2702,0.9802,0.0002,13.0,7200.0,SPXW260916P07200000,1.45,-2.75,0,0,408,0.2581,-0.0197,0.0002,742.0
2026-09-16 16:00:00,SPXW260916C07205000,0.0,0.0,0,0,0,0.2676,0.9798,0.0002,0.0,7205.0,SPXW260916P07205000,1.2,-3.1,0,0,2,0.2556,-0.02,0.0002,3.0
2026-09-16 16:00:00,SPXW260916C07210000,0.0,0.0,0,0,0,0.266,0.9794,0.0002,0.0,7210.0,SPXW260916P07210000,1.2,-3.2,0,0,1,0.2537,-0.0204,0.0002,34.0
2026-09-16 16:00:00,SPXW260916C07215000,0.0,0.0,0,0,0,0.2643,0.9791,0.0002,0.0,7215.0,SPXW260916P07215000,1.25,-3.25,0,0,10,0.2517,-0.0208,0.0002,11.0
2026-09-16 16:00:00,SPXW260916C07220000,0.0,0.0,0,0,0,0.2617,0.9787,0.0002,0.0,7220.0,SPXW260916P07220000,1.45,-3.15,0,0,33,0.2498,-0.0212,0.0002,121.0
2026-09-16 16:00:00,SPXW260916C07225000,0.0,0.0,0,0,0,0.26,0.9782,0.0002,0.0,7225.0,SPXW260916P07225000,1.5,-3.2,0,0,491,0.2479,-0.0216,0.0002,739.0
2026-09-16 16:00:00,SPXW260916C07230000,0.0,0.0,0,0,0,0.2574,0.9778,0.0002,0.0,7230.0,SPXW260916P07230000,1.5,-3.3,0,0,103,0.2459,-0.022,0.0002,166.0
2026-09-16 16:00:00,SPXW260916C07235000,0.0,0.0,0,0,0,0.2556,0.9774,0.0002,0.0,7235.0,SPXW260916P07235000,1.3,-3.65,0,0,1,0.2439,-0.0225,0.0002,3.0
2026-09-16 16:00:00,SPXW260916C07240000,0.0,0.0,0,0,0,0.253,0.9769,0.0002,0.0,7240.0,SPXW260916P07240000,1.35,-3.75,0,0,1,0.2425,-0.0229,0.0002,65.0
2026-09-16 16:00:00,SPXW260916C07245000,0.0,0.0,0,0,0,0.2512,0.9765,0.0003,0.0,7245.0,SPXW260916P07245000,1.35,-3.85,0,0,27,0.2399,-0.0234,0.0003,52.0
2026-09-16 16:00:00,SPXW260916C07250000,0.0,0.0,0,0,0,0.2494,0.976,0.0003,0.0,7250.0,SPXW260916P07250000,1.67,-3.73,0,0,92,0.2384,-0.0239,0.0003,481.0
2026-09-16 16:00:00,SPXW260916C07255000,0.0,0.0,0,0,0,0.2468,0.9755,0.0003,0.0,7255.0,SPXW260916P07255000,1.4,-4.1,0,0,2,0.2364,-0.0244,0.0003,8.0
2026-09-16 16:00:00,SPXW260916C07260000,0.0,0.0,0,0,0,0.2449,0.975,0.0003,0.0,7260.0,SPXW260916P07260000,1.75,-3.9,0,0,209,0.2344,-0.0249,0.0003,350.0
2026-09-16 16:00:00,SPXW260916C07265000,0.0,0.0,0,0,0,0.2422,0.9744,0.0003,0.0,7265.0,SPXW260916P07265000,1.7,-4.1,0,0,16,0.2327,-0.0254,0.0003,17.0
2026-09-16 16:00:00,SPXW260916C07270000,0.0,0.0,0,0,0,0.2404,0.9739,0.0003,0.0,7270.0,SPXW260916P07270000,1.65,-4.35,0,0,4,0.2302,-0.026,0.0003,116.0
2026-09-16 16:00:00,SPXW260916C07275000,0.0,0.0,0,0,0,0.2385,0.9733,0.0003,0.0,7275.0,SPXW260916P07275000,1.5,-4.65,0,0,104,0.2286,-0.0266,0.0003,644.0
2026-09-16 16:00:00,SPXW260916C07280000,0.0,0.0,0,0,0,0.2358,0.9727,0.0003,0.0,7280.0,SPXW260916P07280000,1.75,-4.55,0,0,19,0.2269,-0.0272,0.0003,75.0
2026-09-16 16:00:00,SPXW260916C07285000,0.0,0.0,0,0,0,0.2347,0.9721,0.0003,0.0,7285.0,SPXW260916P07285000,1.6,-4.9,0,0,1,0.2247,-0.0278,0.0003,7.0
2026-09-16 16:00:00,SPXW260916C07290000,309.55,0.0,0,0,0,0.232,0.9714,0.0003,30.0,7290.0,SPXW260916P07290000,1.6,-5.1,0,0,65,0.2226,-0.0284,0.0003,207.0
2026-09-16 16:00:00,SPXW260916C07295000,0.0,0.0,0,0,0,0.23,0.9708,0.0003,0.0,7295.0,SPXW260916P07295000,1.65,-5.25,0,0,1,0.2209,-0.0291,0.0003,14.0
2026-09-16 16:00:00,SPXW260916C07300000,348.74,0.0,0,0,0,0.228,0.97,0.0004,4.0,7300.0,SPXW260916P07300000,1.95,-5.15,0,0,864,0.2191,-0.0298,0.0004,1964.0
2026-09-16 16:00:00,SPXW260916C07305000,0.0,0.0,0,0,0,0.2253,0.9693,0.0004,0.0,7305.0,SPXW260916P07305000,1.8,-5.5,0,0,240,0.2173,-0.0305,0.0004,86.0
2026-09-16 16:00:00,SPXW260916C07310000,305.99,0.0,0,0,0,0.224,0.9686,0.0004,2.0,7310.0,SPXW260916P07310000,2.0,-5.6,0,0,23,0.2154,-0.0313,0.0004,313.0
2026-09-16 16:00:00,SPXW260916C07315000,0.0,0.0,0,0,0,0.2213,0.9678,0.0004,0.0,7315.0,SPXW260916P07315000,1.8,-6.0,0,0,11,0.2136,-0.0321,0.0004,61.0
2026-09-16 16:00:00,SPXW260916C07320000,0.0,0.0,0,0,0,0.2199,0.9669,0.0004,0.0,7320.0,SPXW260916P07320000,2.1,-5.9,0,0,58,0.2117,-0.0329,0.0004,232.0
2026-09-16 16:00:00,SPXW260916C07325000,0.0,0.0,0,0,0,0.2171,0.966,0.0004,0.0,7325.0,SPXW260916P07325000,2.25,-6.05,0,0,39,0.2098,-0.0338,0.0004,243.0
2026-09-16 16:00:00,SPXW260916C07330000,0.0,0.0,0,0,0,0.2157,0.9651,0.0004,0.0,7330.0,SPXW260916P07330000,2.15,-6.45,0,0,13,0.2079,-0.0347,0.0004,121.0
2026-09-16 16:00:00,SPXW260916C07335000,0.0,0.0,0,0,0,0.2129,0.9642,0.0004,0.0,7335.0,SPXW260916P07335000,2.0,-6.8,0,0,1,0.206,-0.0356,0.0004,16.0
2026-09-16 16:00:00,SPXW260916C07340000,332.17,66.12,0,0,1,0.2114,0.9632,0.0004,1.0,7340.0,SPXW260916P07340000,2.0,-7.1,0,0,55,0.204,-0.0366,0.0004,153.0
2026-09-16 16:00:00,SPXW260916C07345000,0.0,0.0,0,0,0,0.2092,0.9622,0.0004,0.0,7345.0,SPXW260916P07345000,2.1,-7.3,0,0,22,0.2023,-0.0377,0.0004,30.0
2026-09-16 16:00:00,SPXW260916C07350000,471.92,0.0,0,0,0,0.207,0.9611,0.0005,1.0,7350.0,SPXW260916P07350000,2.55,-7.15,0,0,115,0.2003,-0.0388,0.0005,1360.0
2026-09-16 16:00:00,SPXW260916C07355000,0.0,0.0,0,0,0,0.2054,0.9599,0.0005,0.0,7355.0,SPXW260916P07355000,2.45,-7.65,0,0,79,0.1985,-0.0399,0.0005,82.0
2026-09-16 16:00:00,SPXW260916C07360000,255.01,0.0,0,0,0,0.2032,0.9587,0.0005,2.0,7360.0,SPXW260916P07360000,2.55,-7.85,0,0,122,0.1971,-0.0411,0.0005,361.0
2026-09-16 16:00:00,SPXW260916C07365000,0.0,0.0,0,0,0,0.2015,0.9575,0.0005,0.0,7365.0,SPXW260916P07365000,2.71,-8.09,0,0,13,0.195,-0.0424,0.0005,319.0
2026-09-16 16:00:00,SPXW260916C07370000,233.78,0.0,0,0,0,0.1992,0.9562,0.0005,24.0,7370.0,SPXW260916P07370000,2.67,-8.1,0,0,190,0.1931,-0.0437,0.0005,161.0
2026-09-16 16:00:00,SPXW260916C07375000,0.0,0.0,0,0,0,0.1974,0.9548,0.0006,0.0,7375.0,SPXW260916P07375000,2.7,-8.8,0,0,120,0.1912,-0.0451,0.0006,488.0
2026-09-16 16:00:00,SPXW260916C07380000,292.79,64.39,0,0,1,0.1956,0.9533,0.0006,1.0,7380.0,SPXW260916P07380000,2.95,-8.95,0,0,199,0.1896,-0.0466,0.0006,456.0
2026-09-16 16:00:00,SPXW260916C07385000,230.98,0.0,0,0,0,0.1933,0.9518,0.0006,1.0,7385.0,SPXW260916P07385000,3.0,-9.3,0,0,15,0.1879,-0.0481,0.0006,191.0
2026-09-16 16:00:00,SPXW260916C07390000,216.2,0.0,0,0,0,0.1914,0.9502,0.0006,30.0,7390.0,SPXW260916P07390000,3.1,-9.6,0,0,50,0.1862,-0.0497,0.0006,406.0
2026-09-16 16:00:00,SPXW260916C07395000,0.0,0.0,0,0,0,0.1895,0.9485,0.0006,0.0,7395.0,SPXW260916P07395000,2.8,-10.4,0,0,27,0.1844,-0.0514,0.0006,1437.0
2026-09-16 16:00:00,SPXW260916C07400000,220.94,0.0,0,0,0,0.1875,0.9467,0.0007,31.0,7400.0,SPXW260916P07400000,3.5,-10.1,0,0,248,0.1826,-0.0532,0.0007,2257.0
2026-09-16 16:00:00,SPXW260916C07405000,0.0,0.0,0,0,0,0.1856,0.9448,0.0007,0.0,7405.0,SPXW260916P07405000,3.52,-10.58,0,0,19,0.1807,-0.055,0.0007,233.0
2026-09-16 16:00:00,SPXW260916C07410000,0.0,0.0,0,0,0,0.184,0.9428,0.0007,0.0,7410.0,SPXW260916P07410000,3.4,-11.2,0,0,117,0.1788,-0.057,0.0007,210.0
2026-09-16 16:00:00,SPXW260916C07415000,0.0,0.0,0,0,0,0.1824,0.9408,0.0007,0.0,7415.0,SPXW260916P07415000,3.5,-11.6,0,0,82,0.1779,-0.0591,0.0007,236.0
2026-09-16 16:00:00,SPXW260916C07420000,255.19,62.64,0,0,1,0.1802,0.9386,0.0008,1.0,7420.0,SPXW260916P07420000,3.8,-11.9,0,0,573,0.1759,-0.0613,0.0008,667.0
2026-09-16 16:00:00,SPXW260916C07425000,275.0,0.0,0,0,0,0.1785,0.9363,0.0008,6.0,7425.0,SPXW260916P07425000,3.8,-12.4,0,0,187,0.1743,-0.0636,0.0008,354.0
2026-09-16 16:00:00,SPXW260916C07430000,0.0,0.0,0,0,0,0.1767,0.9339,0.0008,0.0,7430.0,SPXW260916P07430000,4.07,-12.73,0,0,185,0.1726,-0.066,0.0008,160.0
2026-09-16 16:00:00,SPXW260916C07435000,0.0,0.0,0,0,0,0.1749,0.9313,0.0009,0.0,7435.0,SPXW260916P07435000,4.05,-13.35,0,0,57,0.1713,-0.0685,0.0009,111.0
2026-09-16 16:00:00,SPXW260916C07440000,0.0,0.0,0,0,0,0.1738,0.9286,0.0009,0.0,7440.0,SPXW260916P07440000,4.34,-13.76,0,0,138,0.1696,-0.0712,0.0009,250.0
2026-09-16 16:00:00,SPXW260916C07445000,0.0,0.0,0,0,0,0.1711,0.9258,0.0009,0.0,7445.0,SPXW260916P07445000,4.4,-14.3,0,0,146,0.1681,-0.0741,0.0009,160.0
2026-09-16 16:00:00,SPXW260916C07450000,227.38,61.58,0,0,1,0.1694,0.9228,0.001,3.0,7450.0,SPXW260916P07450000,4.6,-14.8,0,0,1272,0.1662,-0.077,0.001,873.0
2026-09-16 16:00:00,SPXW260916C07455000,0.0,0.0,0,0,0,0.1678,0.9197,0.001,0.0,7455.0,SPXW260916P07455000,4.8,-15.3,0,0,229,0.1646,-0.0802,0.001,208.0
2026-09-16 16:00:00,SPXW260916C07460000,270.73,0.0,0,0,0,0.166,0.9164,0.001,25.0,7460.0,SPXW260916P07460000,5.25,-15.6,0,0,147,0.163,-0.0835,0.001,380.0
2026-09-16 16:00:00,SPXW260916C07465000,0.0,0.0,0,0,0,0.1649,0.9129,0.0011,0.0,7465.0,SPXW260916P07465000,5.4,-16.2,0,0,129,0.1616,-0.087,0.0011,409.0
2026-09-16 16:00:00,SPXW260916C07470000,146.28,0.0,0,0,0,0.1626,0.9092,0.0011,25.0,7470.0,SPXW260916P07470000,5.67,-16.73,0,0,74,0.1598,-0.0907,0.0011,842.0
2026-09-16 16:00:00,SPXW260916C07475000,203.28,58.38,0,0,1,0.161,0.9053,0.0012,24.0,7475.0,SPXW260916P07475000,5.82,-17.38,0,0,251,0.1583,-0.0946,0.0012,984.0
2026-09-16 16:00:00,SPXW260916C07480000,181.8,40.8,0,0,1,0.1593,0.9012,0.0012,7.0,7480.0,SPXW260916P07480000,6.2,-17.9,0,0,173,0.1567,-0.0986,0.0012,320.0
2026-09-16 16:00:00,SPXW260916C07485000,177.2,40.3,0,0,1,0.1581,0.8969,0.0013,3.0,7485.0,SPXW260916P07485000,6.35,-18.65,0,0,41,0.1553,-0.1029,0.0013,172.0
2026-09-16 16:00:00,SPXW260916C07490000,0.0,0.0,0,0,0,0.1556,0.8924,0.0013,0.0,7490.0,SPXW260916P07490000,6.8,-19.1,0,0,69,0.1538,-0.1075,0.0013,302.0
2026-09-16 16:00:00,SPXW260916C07495000,0.0,0.0,0,0,0,0.1543,0.8876,0.0014,0.0,7495.0,SPXW260916P07495000,6.85,-20.05,0,0,76,0.1522,-0.1122,0.0014,148.0
2026-09-16 16:00:00,SPXW260916C07500000,164.07,39.02,0,0,26,0.1528,0.8826,0.0015,43.0,7500.0,SPXW260916P07500000,7.3,-20.4,0,0,1508,0.1508,-0.1173,0.0015,2563.0
2026-09-16 16:00:00,SPXW260916C07505000,123.65,0.0,0,0,0,0.151,0.8773,0.0015,26.0,7505.0,SPXW260916P07505000,7.57,-21.38,0,0,120,0.149,-0.1226,0.0015,246.0
2026-09-16 16:00:00,SPXW260916C07510000,160.07,43.42,0,0,23,0.1493,0.8717,0.0016,40.0,7510.0,SPXW260916P07510000,7.73,-22.27,0,0,95,0.1477,-0.1281,0.0016,185.0
2026-09-16 16:00:00,SPXW260916C07515000,109.8,0.0,0,0,0,0.1478,0.8658,0.0016,43.0,7515.0,SPXW260916P07515000,8.49,-22.66,0,0,129,0.1463,-0.134,0.0016,171.0
2026-09-16 16:00:00,SPXW260916C07520000,152.35,42.9,0,0,2,0.1462,0.8596,0.0017,26.0,7520.0,SPXW260916P07520000,9.03,-23.27,0,0,508,0.1447,-0.1402,0.0017,946.0
2026-09-16 16:00:00,SPXW260916C07525000,147.45,41.9,0,0,13,0.1445,0.8531,0.0018,35.0,7525.0,SPXW260916P07525000,9.04,-24.06,0,0,304,0.1431,-0.1467,0.0018,2414.0
2026-09-16 16:00:00,SPXW260916C07530000,151.4,49.55,0,0,2,0.1432,0.8463,0.0019,36.0,7530.0,SPXW260916P07530000,9.85,-24.9,0,0,277,0.1418,-0.1536,0.0019,367.0
2026-09-16 16:00:00,SPXW260916C07535000,97.7,0.0,0,0,0,0.1417,0.839,0.002,5.0,7535.0,SPXW260916P07535000,10.67,-25.47,0,0,224,0.1404,-0.1608,0.002,247.0
2026-09-16 16:00:00,SPXW260916C07540000,142.41,47.86,0,0,2,0.1401,0.8314,0.002,26.0,7540.0,SPXW260916P07540000,10.5,-26.8,0,0,547,0.1388,-0.1684,0.002,558.0
2026-09-16 16:00:00,SPXW260916C07545000,138.58,47.63,0,0,1,0.1384,0.8234,0.0021,4.0,7545.0,SPXW260916P07545000,11.4,-27.07,0,0,164,0.1372,-0.1765,0.0021,234.0
2026-09-16 16:00:00,SPXW260916C07550000,119.12,31.67,0,0,38,0.137,0.8149,0.0022,66.0,7550.0,SPXW260916P07550000,11.8,-28.22,0,0,1031,0.1358,-0.1849,0.0022,971.0
2026-09-16 16:00:00,SPXW260916C07555000,129.68,45.78,0,0,1,0.1357,0.8061,0.0023,30.0,7555.0,SPXW260916P07555000,13.2,-28.55,0,0,155,0.1343,-0.1938,0.0023,245.0
2026-09-16 16:00:00,SPXW260916C07560000,117.95,37.45,0,0,1,0.134,0.7967,0.0024,37.0,7560.0,SPXW260916P07560000,13.03,-30.32,0,0,320,0.133,-0.2031,0.0024,297.0
2026-09-16 16:00:00,SPXW260916C07565000,119.98,42.88,0,0,1,0.1325,0.7869,0.0025,10.0,7565.0,SPXW260916P07565000,13.96,-30.99,0,0,217,0.1316,-0.213,0.0025,210.0
2026-09-16 16:00:00,SPXW260916C07570000,115.38,41.58,0,0,3,0.1313,0.7766,0.0026,20.0,7570.0,SPXW260916P07570000,14.76,-31.89,0,0,885,0.1303,-0.2233,0.0026,769.0
2026-09-16 16:00:00,SPXW260916C07575000,104.8,34.3,0,0,4,0.1298,0.7658,0.0027,46.0,7575.0,SPXW260916P07575000,15.6,-33.31,0,0,286,0.1287,-0.2341,0.0027,586.0
2026-09-16 16:00:00,SPXW260916C07580000,99.5,32.2,0,0,10,0.1284,0.7544,0.0028,31.0,7580.0,SPXW260916P07580000,16.34,-33.91,0,0,785,0.1276,-0.2455,0.0028,654.0
2026-09-16 16:00:00,SPXW260916C07585000,90.32,26.12,0,0,40,0.127,0.7424,0.0029,83.0,7585.0,SPXW260916P07585000,16.65,-35.4,0,0,191,0.1263,-0.2574,0.0029,325.0
2026-09-16 16:00:00,SPXW260916C07590000,85.87,24.67,0,0,45,0.1252,0.7299,0.003,83.0,7590.0,SPXW260916P07590000,18.1,-35.97,0,0,293,0.1248,-0.2699,0.003,381.0
2026-09-16 16:00:00,SPXW260916C07595000,82.8,24.6,0,0,31,0.1238,0.7168,0.0031,81.0,7595.0,SPXW260916P07595000,19.3,-36.92,0,0,236,0.1236,-0.283,0.0031,353.0
2026-09-16 16:00:00,SPXW260916C07600000,77.73,22.48,0,0,105,0.1224,0.7032,0.0032,299.0,7600.0,SPXW260916P07600000,20.05,-38.0,0,0,1123,0.1222,-0.2967,0.0032,2447.0
2026-09-16 16:00:00,SPXW260916C07605000,77.72,25.32,0,0,42,0.1208,0.6889,0.0033,46.0,7605.0,SPXW260916P07605000,21.0,-38.95,0,0,160,0.1209,-0.311,0.0033,171.0
2026-09-16 16:00:00,SPXW260916C07610000,69.83,20.18,0,0,82,0.1195,0.674,0.0034,86.0,7610.0,SPXW260916P07610000,23.5,-38.95,0,0,508,0.1196,-0.3259,0.0034,444.0
2026-09-16 16:00:00,SPXW260916C07615000,66.16,19.16,0,0,72,0.1183,0.6584,0.0035,30.0,7615.0,SPXW260916P07615000,24.28,-40.47,0,0,214,0.1184,-0.3414,0.0035,136.0
2026-09-16 16:00:00,SPXW260916C07620000,64.1,19.8,0,0,58,0.1169,0.6423,0.0036,92.0,7620.0,SPXW260916P07620000,25.4,-42.85,0,0,175,0.117,-0.3576,0.0036,165.0
2026-09-16 16:00:00,SPXW260916C07625000,59.22,17.42,0,0,57,0.1159,0.6255,0.0036,76.0,7625.0,SPXW260916P07625000,26.7,-42.95,0,0,804,0.116,-0.3743,0.0036,3525.0
2026-09-16 16:00:00,SPXW260916C07630000,55.7,16.35,0,0,96,0.1146,0.6082,0.0037,190.0,7630.0,SPXW260916P07630000,28.53,-44.45,0,0,233,0.1147,-0.3917,0.0037,311.0
2026-09-16 16:00:00,SPXW260916C07635000,56.4,19.4,0,0,107,0.1133,0.5902,0.0038,100.0,7635.0,SPXW260916P07635000,30.25,-44.5,0,0,193,0.1134,-0.4097,0.0038,393.0
2026-09-16 16:00:00,SPXW260916C07640000,49.19,14.1,0,0,126,0.1121,0.5717,0.0039,173.0,7640.0,SPXW260916P07640000,31.95,-45.55,0,0,263,0.1122,-0.4282,0.0039,260.0
2026-09-16 16:00:00,SPXW260916C07645000,45.1,12.6,0,0,93,0.111,0.5526,0.004,125.0,7645.0,SPXW260916P07645000,33.82,-46.43,0,0,173,0.1111,-0.4473,0.004,436.0
2026-09-16 16:00:00,SPXW260916C07650000,43.25,12.95,0,0,372,0.1098,0.533,0.004,3942.0,7650.0,SPXW260916P07650000,34.95,-47.65,0,0,614,0.1099,-0.4669,0.004,4297.0
2026-09-16 16:00:00,SPXW260916C07655000,39.97,11.67,0,0,100,0.1086,0.5129,0.0041,88.0,7655.0,SPXW260916P07655000,37.7,-48.45,0,0,171,0.1088,-0.487,0.0041,769.0
2026-09-16 16:00:00,SPXW260916C07660000,36.51,11.13,0,0,540,0.1076,0.4924,0.0041,149.0,7660.0,SPXW260916P07660000,39.5,-50.66,0,0,344,0.1078,-0.5075,0.0041,214.0
2026-09-16 16:00:00,SPXW260916C07665000,34.17,9.67,0,0,231,0.1066,0.4715,0.0042,153.0,7665.0,SPXW260916P07665000,41.86,-50.39,0,0,695,0.1067,-0.5284,0.0042,256.0
2026-09-16 16:00:00,SPXW260916C07670000,31.49,8.79,0,0,450,0.1054,0.4503,0.0042,252.0,7670.0,SPXW260916P07670000,44.25,-51.1,0,0,377,0.1056,-0.5496,0.0042,521.0
2026-09-16 16:00:00,SPXW260916C07675000,28.83,7.83,0,0,533,0.1045,0.4288,0.0042,3101.0,7675.0,SPXW260916P07675000,46.64,-52.01,0,0,853,0.1046,-0.5711,0.0042,555.0
2026-09-16 16:00:00,SPXW260916C07680000,26.87,7.47,0,0,468,0.1035,0.4072,0.0042,431.0,7680.0,SPXW260916P07680000,47.8,-54.5,0,0,95,0.1037,-0.5927,0.0042,792.0
2026-09-16 16:00:00,SPXW260916C07685000,24.2,6.35,0,0,141,0.1025,0.3854,0.0042,799.0,7685.0,SPXW260916P07685000,51.55,-53.65,0,0,121,0.1027,-0.6144,0.0042,212.0
2026-09-16 16:00:00,SPXW260916C07690000,21.5,5.1,0,0,193,0.1014,0.3637,0.0041,254.0,7690.0,SPXW260916P07690000,54.93,-54.22,0,0,51,0.1016,-0.6362,0.0041,121.0
2026-09-16 16:00:00,SPXW260916C07695000,19.8,4.75,0,0,64,0.1007,0.3421,0.0041,197.0,7695.0,SPXW260916P07695000,55.6,-57.0,0,0,68,0.1008,-0.6578,0.0041,111.0
2026-09-16 16:00:00,SPXW260916C07700000,17.9,4.75,0,0,570,0.1,0.3207,0.004,1164.0,7700.0,SPXW260916P07700000,60.98,-55.52,0,0,418,0.1,-0.6792,0.004,639.0
2026-09-16 16:00:00,SPXW260916C07705000,16.1,3.55,0,0,192,0.099,0.2996,0.0039,125.0,7705.0,SPXW260916P07705000,63.26,-57.14,0,0,1499,0.0988,-0.7002,0.0039,2044.0
2026-09-16 16:00:00,SPXW260916C07710000,14.4,3.0,0,0,241,0.0982,0.2789,0.0038,827.0,7710.0,SPXW260916P07710000,66.59,-57.41,0,0,42,0.0983,-0.7209,0.0038,106.0
2026-09-16 16:00:00,SPXW260916C07715000,12.7,2.3,0,0,253,0.0974,0.2588,0.0037,226.0,7715.0,SPXW260916P07715000,65.67,-62.53,0,0,34,0.0975,-0.7411,0.0037,1313.0
2026-09-16 16:00:00,SPXW260916C07720000,11.63,2.23,0,0,279,0.0968,0.2392,0.0036,333.0,7720.0,SPXW260916P07720000,71.59,-60.51,0,0,49,0.0963,-0.7607,0.0036,74.0
2026-09-16 16:00:00,SPXW260916C07725000,10.47,2.31,0,0,901,0.0961,0.2203,0.0034,894.0,7725.0,SPXW260916P07725000,70.17,-66.18,0,0,6,0.0941,-0.7796,0.0034,102.0
2026-09-16 16:00:00,SPXW260916C07730000,9.32,1.62,0,0,2327,0.0955,0.2021,0.0033,2632.0,7730.0,SPXW260916P07730000,78.94,-61.11,0,0,1461,0.0948,-0.7977,0.0033,2029.0
2026-09-16 16:00:00,SPXW260916C07735000,8.0,1.1,0,0,478,0.0948,0.1847,0.0031,623.0,7735.0,SPXW260916P07735000,76.21,-68.14,0,0,3,0.0924,-0.8151,0.0031,10.0
2026-09-16 16:00:00,SPXW260916C07740000,6.95,1.4,0,0,925,0.0945,0.1682,0.003,1778.0,7740.0,SPXW260916P07740000,77.9,-71.25,0,0,83,0.0944,-0.8317,0.003,1337.0
2026-09-16 16:00:00,SPXW260916C07745000,6.3,0.75,0,0,727,0.0939,0.1525,0.0028,497.0,7745.0,SPXW260916P07745000,94.12,-58.73,0,0,10,0.0909,-0.8474,0.0028,122.0
2026-09-16 16:00:00,SPXW260916C07750000,5.1,0.86,0,0,659,0.0935,0.1377,0.0026,1137.0,7750.0,SPXW260916P07750000,98.2,-59.0,0,0,25,0.0931,-0.8622,0.0026,298.0
2026-09-16 16:00:00,SPXW260916C07755000,4.9,0.45,0,0,1823,0.0929,0.1238,0.0025,2504.0,7755.0,SPXW260916P07755000,102.47,-59.88,0,0,14,0.0897,-0.876,0.0025,30.0
2026-09-16 16:00:00,SPXW260916C07760000,3.92,-0.03,0,0,448,0.0924,0.1109,0.0023,444.0,7760.0,SPXW260916P07760000,92.9,-73.3,0,0,6,0.0893,-0.889,0.0023,61.0
2026-09-16 16:00:00,SPXW260916C07765000,3.48,-0.02,0,0,951,0.0919,0.0989,0.0021,1907.0,7765.0,SPXW260916P07765000,124.74,0.0,0,0,0,0.0888,-0.901,0.0021,14.0
2026-09-16 16:00:00,SPXW260916C07770000,3.08,-0.02,0,0,1055,0.0916,0.0879,0.0019,966.0,7770.0,SPXW260916P07770000,120.77,-54.58,0,0,2,0.0878,-0.912,0.0019,30.0
2026-09-16 16:00:00,SPXW260916C07775000,2.5,0.1,0,0,813,0.091,0.0778,0.0018,1163.0,7775.0,SPXW260916P07775000,111.77,-68.18,0,0,8,0.0871,-0.922,0.0018,62.0
2026-09-16 16:00:00,SPXW260916C07780000,2.25,-0.175,0,0,652,0.0908,0.0687,0.0016,887.0,7780.0,SPXW260916P07780000,117.28,-67.62,0,0,14,0.0862,-0.9311,0.0016,32.0
2026-09-16 16:00:00,SPXW260916C07785000,1.84,-0.31,0,0,359,0.0907,0.0606,0.0015,339.0,7785.0,SPXW260916P07785000,116.65,-72.95,0,0,3,0.0859,-0.9393,0.0015,279.0
2026-09-16 16:00:00,SPXW260916C07790000,1.57,-0.33,0,0,631,0.0905,0.0533,0.0013,595.0,7790.0,SPXW260916P07790000,128.01,-66.59,0,0,1,0.0851,-0.9466,0.0013,24.0
2026-09-16 16:00:00,SPXW260916C07795000,1.35,-0.325,0,0,113,0.0904,0.0468,0.0012,356.0,7795.0,SPXW260916P07795000,113.8,0.0,0,0,0,0.0836,-0.953,0.0012,13.0
2026-09-16 16:00:00,SPXW260916C07800000,1.25,-0.225,0,0,851,0.0905,0.0412,0.0011,3052.0,7800.0,SPXW260916P07800000,130.65,-73.95,0,0,15,0.0828,-0.9587,0.0011,36.0
2026-09-16 16:00:00,SPXW260916C07805000,1.01,-0.29,0,0,417,0.0904,0.0362,0.001,1690.0,7805.0,SPXW260916P07805000,154.66,0.0,0,0,0,0.0814,-0.9637,0.001,1.0
2026-09-16 16:00:00,SPXW260916C07810000,0.9,-0.25,0,0,586,0.0901,0.0318,0.0009,538.0,7810.0,SPXW260916P07810000,141.36,-72.49,0,0,1,0.0803,-0.968,0.0009,32.0
2026-09-16 16:00:00,SPXW260916C07815000,0.75,-0.275,0,0,187,0.0904,0.028,0.0008,433.0,7815.0,SPXW260916P07815000,218.03,0.0,0,0,0,0.0781,-0.9718,0.0008,4.0
2026-09-16 16:00:00,SPXW260916C07820000,0.7,-0.2,0,0,660,0.0904,0.0248,0.0007,1311.0,7820.0,SPXW260916P07820000,221.3,0.0,0,0,0,0.0764,-0.9751,0.0007,62.0
2026-09-16 16:00:00,SPXW260916C07825000,0.55,-0.25,0,0,123,0.0905,0.0219,0.0006,1157.0,7825.0,SPXW260916P07825000,119.55,0.0,0,0,0,0.0728,-0.9779,0.0006,42.0
2026-09-16 16:00:00,SPXW260916C07830000,0.45,-0.275,0,0,437,0.091,0.0195,0.0006,439.0,7830.0,SPXW260916P07830000,121.14,0.0,0,0,0,0.0609,-0.9804,0.0006,126.0
2026-09-16 16:00:00,SPXW260916C07835000,0.4,-0.25,0,0,151,0.0919,0.0173,0.0005,380.0,7835.0,SPXW260916P07835000,127.45,0.0,0,0,0,0.0,-0.9825,0.0005,30.0
2026-09-16 16:00:00,SPXW260916C07840000,0.35,-0.25,0,0,79,0.0918,0.0155,0.0005,487.0,7840.0,SPXW260916P07840000,243.76,0.0,0,0,0,0.0,-0.9844,0.0005,1.0
2026-09-16 16:00:00,SPXW260916C07845000,0.35,-0.2,0,0,81,0.0923,0.0139,0.0004,248.0,7845.0,SPXW260916P07845000,248.61,0.0,0,0,0,0.0,-0.986,0.0004,1.0
2026-09-16 16:00:00,SPXW260916C07850000,0.3,-0.125,0,0,229,0.0935,0.0125,0.0004,1424.0,7850.0,SPXW260916P07850000,197.59,-56.01,0,0,2,0.0,-0.9873,0.0004,123.0
2026-09-16 16:00:00,SPXW260916C07855000,0.25,-0.2,0,0,52,0.0936,0.0113,0.0004,210.0,7855.0,SPXW260916P07855000,0.0,0.0,0,0,0,0.0,-0.9885,0.0004,0.0
2026-09-16 16:00:00,SPXW260916C07860000,0.25,-0.15,0,0,115,0.0945,0.0103,0.0003,585.0,7860.0,SPXW260916P07860000,193.86,0.0,0,0,0,0.0,-0.9896,0.0003,3.0
2026-09-16 16:00:00,SPXW260916C07865000,0.2,-0.175,0,0,90,0.0952,0.0094,0.0003,389.0,7865.0,SPXW260916P07865000,183.11,0.0,0,0,0,0.0,-0.9905,0.0003,6.0
2026-09-16 16:00:00,SPXW260916C07870000,0.2,-0.15,0,0,121,0.0972,0.0086,0.0003,377.0,7870.0,SPXW260916P07870000,0.0,0.0,0,0,0,0.0911,-0.9912,0.0003,0.0
2026-09-16 16:00:00,SPXW260916C07875000,0.2,-0.125,0,0,116,0.0964,0.008,0.0002,1075.0,7875.0,SPXW260916P07875000,229.69,0.0,0,0,0,0.0,-0.9919,0.0002,19.0
2026-09-16 16:00:00,SPXW260916C07880000,0.15,-0.15,0,0,177,0.0983,0.0074,0.0002,313.0,7880.0,SPXW260916P07880000,155.97,0.0,0,0,0,0.0,-0.9925,0.0002,0.0
2026-09-16 16:00:00,SPXW260916C07885000,0.15,-0.15,0,0,29,0.1002,0.0069,0.0002,282.0,7885.0,SPXW260916P07885000,0.0,0.0,0,0,0,0.0,-0.993,0.0002,0.0
2026-09-16 16:00:00,SPXW260916C07890000,0.15,-0.1,0,0,105,0.1022,0.0064,0.0002,469.0,7890.0,SPXW260916P07890000,231.47,0.0,0,0,0,0.0,-0.9935,0.0002,2.0
2026-09-16 16:00:00,SPXW260916C07895000,0.15,-0.1,0,0,31,0.1024,0.006,0.0002,189.0,7895.0,SPXW260916P07895000,0.0,0.0,0,0,0,0.0,-0.9938,0.0002,0.0
2026-09-16 16:00:00,SPXW260916C07900000,0.1,-0.15,0,0,173,0.1043,0.0057,0.0002,620.0,7900.0,SPXW260916P07900000,254.56,0.0,0,0,0,0.0,-0.9942,0.0002,5.0
2026-09-16 16:00:00,SPXW260916C07910000,0.1,-0.125,0,0,18,0.1059,0.0051,0.0001,334.0,7910.0,SPXW260916P07910000,0.0,0.0,0,0,0,0.0,-0.9948,0.0001,0.0
2026-09-16 16:00:00,SPXW260916C07920000,0.15,-0.05,0,0,261,0.1096,0.0046,0.0001,526.0,7920.0,SPXW260916P07920000,0.0,0.0,0,0,0,0.0,-0.9952,0.0001,0.0
2026-09-16 16:00:00,SPXW260916C07925000,0.1,-0.1,0,0,32,0.1113,0.0045,0.0001,1244.0,7925.0,SPXW260916P07925000,294.55,0.0,0,0,0,0.0,-0.9954,0.0001,14.0
2026-09-16 16:00:00,SPXW260916C07930000,0.1,-0.1,0,0,118,0.1132,0.0043,0.0001,301.0,7930.0,SPXW260916P07930000,0.0,0.0,0,0,0,0.0,-0.9956,0.0001,0.0
2026-09-16 16:00:00,SPXW260916C07940000,0.1,-0.1,0,0,112,0.1168,0.004,0.0001,284.0,7940.0,SPXW260916P07940000,309.25,0.0,0,0,0,0.0,-0.9958,0.0001,1.0
2026-09-16 16:00:00,SPXW260916C07950000,0.12,-0.055,0,0,35,0.1204,0.0038,0.0001,313.0,7950.0,SPXW260916P07950000,0.0,0.0,0,0,0,0.0,-0.9961,0.0001,0.0
2026-09-16 16:00:00,SPXW260916C07960000,0.2,0.0,0,0,0,0.1241,0.0036,0.0001,106.0,7960.0,SPXW260916P07960000,0.0,0.0,0,0,0,0.0,-0.9963,0.0001,0.0
2026-09-16 16:00:00,SPXW260916C07970000,0.09,-0.085,0,0,1,0.1277,0.0034,0.0001,249.0,7970.0,SPXW260916P07970000,0.0,0.0,0,0,0,0.0,-0.9965,0.0001,0.0
2026-09-16 16:00:00,SPXW260916C07975000,0.12,-0.055,0,0,2,0.1295,0.0033,0.0001,608.0,7975.0,SPXW260916P07975000,216.03,0.0,0,0,0,0.0,-0.9966,0.0001,1.0
2026-09-16 16:00:00,SPXW260916C08000000,0.12,-0.055,0,0,76,0.1354,0.0029,0.0001,547.0,8000.0,SPXW260916P08000000,355.03,0.0,0,0,0,0.0,-0.9969,0.0001,3.0
2026-09-16 16:00:00,SPXW260916C08025000,0.1,-0.05,0,0,18,0.1441,0.0026,0.0001,211.0,8025.0,SPXW260916P08025000,0.0,0.0,0,0,0,0.0,-0.9972,0.0001,0.0
2026-09-16 16:00:00,SPXW260916C08050000,0.1,-0.05,0,0,45,0.1527,0.0024,0.0,216.0,8050.0,SPXW260916P08050000,0.0,0.0,0,0,0,0.0,-0.9975,0.0,0.0
2026-09-16 16:00:00,SPXW260916C08075000,0.1,-0.025,0,0,103,0.1613,0.0022,0.0,166.0,8075.0,SPXW260916P08075000,0.0,0.0,0,0,0,0.0,-0.9977,0.0,0.0
2026-09-16 16:00:00,SPXW260916C08100000,0.1,-0.025,0,0,50,0.1654,0.002,0.0,88.0,8100.0,SPXW260916P08100000,0.0,0.0,0,0,0,0.0,-0.9979,0.0,0.0
2026-09-16 16:00:00,SPXW260916C08125000,0.05,-0.075,0,0,27,0.1737,0.0018,0.0,291.0,8125.0,SPXW260916P08125000,479.96,0.0,0,0,0,0.0,-0.998,0.0,1.0
2026-09-16 16:00:00,SPXW260916C08150000,0.05,-0.05,0,0,52,0.1821,0.0017,0.0,164.0,8150.0,SPXW260916P08150000,0.0,0.0,0,0,0,0.0,-0.9982,0.0,0.0
2026-09-16 16:00:00,SPXW260916C08175000,0.05,-0.05,0,0,61,0.19,0.0016,0.0,86.0,8175.0,SPXW260916P08175000,0.0,0.0,0,0,0,0.0,-0.9983,0.0,0.0
2026-09-16 16:00:00,SPXW260916C08200000,0.1,0.0,0,0,0,0.1982,0.0014,0.0,23.0,8200.0,SPXW260916P08200000,0.0,0.0,0,0,0,0.0,-0.9984,0.0,0.0
2026-09-16 16:00:00,SPXW260916C08225000,0.1,0.0,0,0,0,0.2062,0.0013,0.0,14.0,8225.0,SPXW260916P08225000,0.0,0.0,0,0,0,0.0,-0.9985,0.0,0.0
2026-09-16 16:00:00,SPXW260916C08250000,0.15,0.0,0,0,0,0.2141,0.0012,0.0,23.0,8250.0,SPXW260916P08250000,0.0,0.0,0,0,0,0.0,-0.9986,0.0,0.0
2026-09-16 16:00:00,SPXW260916C08275000,0.1,0.0,0,0,4,0.222,0.0011,0.0,67.0,8275.0,SPXW260916P08275000,0.0,0.0,0,0,0,0.0,-0.9987,0.0,0.0
2026-09-16 16:00:00,SPXW260916C08300000,0.08,-0.02,0,0,1,0.2298,0.0011,0.0,5.0,8300.0,SPXW260916P08300000,617.8,0.0,0,0,0,0.0,-0.9988,0.0,3.0
2026-09-16 16:00:00,SPXW260916C08325000,0.48,0.0,0,0,0,0.2376,0.001,0.0,4.0,8325.0,SPXW260916P08325000,0.0,0.0,0,0,0,0.0,-0.9989,0.0,0.0
2026-09-16 16:00:00,SPXW260916C08400000,0.1,0.0,0,0,0,0.2523,0.0008,0.0,8.0,8400.0,SPXW260916P08400000,0.0,0.0,0,0,0,0.0,-0.9991,0.0,0.0
2026-09-16 16:00:00,SPXW260916C08500000,0.05,-0.025,0,0,1,0.2818,0.0006,0.0,607.0,8500.0,SPXW260916P08500000,0.0,0.0,0,0,0,0.0,-0.9993,0.0,0.0
2026-09-16 16:00:00,SPXW260916C08600000,0.4,0.0,0,0,0,0.311,0.0005,0.0,35.0,8600.0,SPXW260916P08600000,0.0,0.0,0,0,0,0.0,-0.9994,0.0,0.0
2026-09-16 16:00:00,SPXW260916C08800000,0.05,0.0,0,0,48,0.3495,0.0003,0.0,69.0,8800.0,SPXW260916P08800000,0.0,0.0,0,0,0,0.0,-0.9996,0.0,0.0
2026-09-16 16:00:00,SPXW260916C09000000,0.0,0.0,0,0,0,0.4016,0.0002,0.0,0.0,9000.0,SPXW260916P09000000,0.0,0.0,0,0,0,0.0,-0.9997,0.0,0.0
2026-09-16 16:00:00,SPXW260916C09200000,0.15,0.0,0,0,0,0.4521,0.0001,0.0,4.0,9200.0,SPXW260916P09200000,0.0,0.0,0,0,0,0.0,-0.9998,0.0,0.0
2026-09-16 16:00:00,SPXW260916C09400000,0.15,0.0,0,0,0,0.501,0.0,0.0,2.0,9400.0,SPXW260916P09400000,0.0,0.0,0,0,0,0.0,-0.9998,0.0,0.0
2026-09-16 16:00:00,SPXW260916C09600000,0.0,0.0,0,0,0,0.5486,0.0,0.0,0.0,9600.0,SPXW260916P09600000,0.0,0.0,0,0,0,0.0,-0.9998,0.0,0.0
2026-09-16 16:00:00,SPXW260916C09800000,0.0,0.0,0,0,0,0.595,0.0,0.0,0.0,9800.0,SPXW260916P09800000,0.0,0.0,0,0,0,0.0,-0.9998,0.0,0.0
2026-09-16 16:00:00,SPXW260916C10000000,0.0,0.0,0,0,0,0.6401,0.0,0.0,0.0,10000.0,SPXW260916P10000000,0.0,0.0,0,0,0,0.0,-0.9998,0.0,0.0
2026-09-17 16:00:00,SPXW260917C03200000,0.0,0.0,0,0,0,2.5448,0.9998,0.0,0.0,3200.0,SPXW260917P03200000,0.05,0.0,0,0,0,1.8403,-0.0001,0.0,1.0
2026-09-17 16:00:00,SPXW260917C03400000,0.0,0.0,0,0,0,2.3782,0.9997,0.0,0.0,3400.0,SPXW260917P03400000,0.05,0.0,0,0,0,1.7166,-0.0001,0.0,3.0
2026-09-17 16:00:00,SPXW260917C03600000,0.0,0.0,0,0,0,2.2211,0.9997,0.0,0.0,3600.0,SPXW260917P03600000,0.0,0.0,0,0,0,1.5999,-0.0001,0.0,0.0
2026-09-17 16:00:00,SPXW260917C03800000,0.0,0.0,0,0,0,2.0723,0.9997,0.0,0.0,3800.0,SPXW260917P03800000,0.1,0.0,0,0,0,1.4894,-0.0001,0.0,6.0
2026-09-17 16:00:00,SPXW260917C04000000,0.0,0.0,0,0,0,1.9309,0.9997,0.0,0.0,4000.0,SPXW260917P04000000,0.05,0.0,0,0,0,1.3845,-0.0001,0.0,37.0
2026-09-17 16:00:00,SPXW260917C04200000,0.0,0.0,0,0,0,1.7962,0.9997,0.0,0.0,4200.0,SPXW260917P04200000,0.1,0.0,0,0,0,1.3415,-0.0001,0.0,8.0
2026-09-17 16:00:00,SPXW260917C04400000,0.0,0.0,0,0,0,1.6674,0.9997,0.0,0.0,4400.0,SPXW260917P04400000,0.08,0.0,0,0,0,1.2422,-0.0002,0.0,3.0
2026-09-17 16:00:00,SPXW260917C04600000,0.0,0.0,0,0,0,1.5343,0.9996,0.0,0.0,4600.0,SPXW260917P04600000,0.05,0.0,0,0,0,1.1471,-0.0002,0.0,430.0
2026-09-17 16:00:00,SPXW260917C04800000,0.0,0.0,0,0,0,1.4164,0.9996,0.0,0.0,4800.0,SPXW260917P04800000,0.05,0.0,0,0,53,1.0854,-0.0002,0.0,94.0
2026-09-17 16:00:00,SPXW260917C05000000,2790.87,0.0,0,0,0,1.3028,0.9996,0.0,1.0,5000.0,SPXW260917P05000000,0.05,-0.025,0,0,55,0.9954,-0.0003,0.0,1055.0
2026-09-17 16:00:00,SPXW260917C05200000,2472.18,75.33,0,0,7,1.201,0.9995,0.0,7.0,5200.0,SPXW260917P05200000,0.05,-0.05,0,0,68,0.9087,-0.0004,0.0,1465.0
2026-09-17 16:00:00,SPXW260917C05400000,0.0,0.0,0,0,0,1.0944,0.9993,0.0,0.0,5400.0,SPXW260917P05400000,0.1,-0.025,0,0,1438,0.8567,-0.0005,0.0,3599.0
2026-09-17 16:00:00,SPXW260917C05600000,2066.22,0.0,0,0,0,0.9909,0.999,0.0,5.0,5600.0,SPXW260917P05600000,0.13,-0.045,0,0,57,0.7938,-0.0008,0.0,1713.0
2026-09-17 16:00:00,SPXW260917C05800000,0.0,0.0,0,0,0,0.8904,0.9986,0.0,0.0,5800.0,SPXW260917P05800000,0.15,-0.125,0,0,1053,0.7256,-0.0012,0.0,1202.0
2026-09-17 16:00:00,SPXW260917C06000000,1793.78,0.0,0,0,0,0.7978,0.998,0.0,28.0,6000.0,SPXW260917P06000000,0.25,-0.15,0,0,713,0.6645,-0.0018,0.0,1720.0
2026-09-17 16:00:00,SPXW260917C06100000,0.0,0.0,0,0,0,0.7518,0.9976,0.0,0.0,6100.0,SPXW260917P06100000,0.3,0.3,0,0,507,0.6312,-0.0022,0.0,506.0
2026-09-17 16:00:00,SPXW260917C06200000,1511.18,0.0,0,0,0,0.7061,0.9972,0.0,1.0,6200.0,SPXW260917P06200000,0.35,-0.25,0,0,156,0.5968,-0.0027,0.0,1421.0
2026-09-17 16:00:00,SPXW260917C06300000,0.0,0.0,0,0,0,0.6606,0.9966,0.0,0.0,6300.0,SPXW260917P06300000,0.45,-0.25,0,0,126,0.5671,-0.0033,0.0,187.0
2026-09-17 16:00:00,SPXW260917C06400000,1311.75,0.0,0,0,0,0.6152,0.9958,0.0,1.0,6400.0,SPXW260917P06400000,0.55,-0.3,0,0,99,0.5349,-0.004,0.0,506.0
2026-09-17 16:00:00,SPXW260917C06500000,0.0,0.0,0,0,0,0.5735,0.9949,0.0,0.0,6500.0,SPXW260917P06500000,0.65,-0.35,0,0,129,0.5009,-0.0049,0.0,864.0
2026-09-17 16:00:00,SPXW260917C06550000,0.0,0.0,0,0,0,0.5491,0.9944,0.0,0.0,6550.0,SPXW260917P06550000,0.7,0.7,0,0,86,0.4833,-0.0055,0.0,54.0
2026-09-17 16:00:00,SPXW260917C06575000,0.0,0.0,0,0,0,0.5402,0.9941,0.0,0.0,6575.0,SPXW260917P06575000,0.75,-0.4,0,0,9,0.4761,-0.0057,0.0,48.0
2026-09-17 16:00:00,SPXW260917C06600000,0.0,0.0,0,0,0,0.5281,0.9938,0.0,53.0,6600.0,SPXW260917P06600000,0.75,-0.45,0,0,60,0.4654,-0.006,0.0,235.0
2026-09-17 16:00:00,SPXW260917C06625000,0.0,0.0,0,0,0,0.519,0.9935,0.0,8.0,6625.0,SPXW260917P06625000,0.8,-0.45,0,0,66,0.4579,-0.0064,0.0,69.0
2026-09-17 16:00:00,SPXW260917C06650000,0.0,0.0,0,0,0,0.5069,0.9932,0.0,0.0,6650.0,SPXW260917P06650000,0.8,-0.55,0,0,17,0.4501,-0.0067,0.0,53.0
2026-09-17 16:00:00,SPXW260917C06675000,1056.27,0.0,0,0,0,0.4977,0.9928,0.0,1.0,6675.0,SPXW260917P06675000,0.85,-0.55,0,0,33,0.4394,-0.007,0.0,227.0
2026-09-17 16:00:00,SPXW260917C06700000,987.4,0.0,0,0,0,0.4855,0.9924,0.0,2.0,6700.0,SPXW260917P06700000,0.85,-0.6,0,0,27,0.4314,-0.0074,0.0,233.0
2026-09-17 16:00:00,SPXW260917C06725000,0.0,0.0,0,0,0,0.4734,0.992,0.0,0.0,6725.0,SPXW260917P06725000,0.95,-0.6,0,0,14,0.4232,-0.0078,0.0,88.0
2026-09-17 16:00:00,SPXW260917C06750000,0.0,0.0,0,0,0,0.464,0.9916,0.0,0.0,6750.0,SPXW260917P06750000,0.95,-0.65,0,0,18,0.415,-0.0082,0.0,246.0
2026-09-17 16:00:00,SPXW260917C06775000,0.0,0.0,0,0,0,0.4519,0.9911,0.0001,0.0,6775.0,SPXW260917P06775000,1.0,-0.675,0,0,66,0.4053,-0.0087,0.0001,105.0
2026-09-17 16:00:00,SPXW260917C06800000,0.0,0.0,0,0,0,0.4424,0.9907,0.0001,0.0,6800.0,SPXW260917P06800000,1.0,-0.8,0,0,18,0.3955,-0.0092,0.0001,628.0
2026-09-17 16:00:00,SPXW260917C06825000,0.0,0.0,0,0,0,0.4303,0.9902,0.0001,0.0,6825.0,SPXW260917P06825000,1.05,-0.85,0,0,18,0.3868,-0.0097,0.0001,43.0
2026-09-17 16:00:00,SPXW260917C06850000,0.0,0.0,0,0,0,0.4206,0.9896,0.0001,0.0,6850.0,SPXW260917P06850000,1.1,-0.9,0,0,3,0.3779,-0.0102,0.0001,180.0
2026-09-17 16:00:00,SPXW260917C06875000,0.0,0.0,0,0,0,0.4107,0.989,0.0001,0.0,6875.0,SPXW260917P06875000,1.15,-0.95,0,0,2,0.3689,-0.0108,0.0001,33.0
2026-09-17 16:00:00,SPXW260917C06900000,0.0,0.0,0,0,0,0.3986,0.9884,0.0001,0.0,6900.0,SPXW260917P06900000,1.15,-1.1,0,0,54,0.3598,-0.0115,0.0001,410.0
2026-09-17 16:00:00,SPXW260917C06925000,0.0,0.0,0,0,0,0.3886,0.9877,0.0001,0.0,6925.0,SPXW260917P06925000,1.2,-1.2,0,0,18,0.3516,-0.0122,0.0001,74.0
2026-09-17 16:00:00,SPXW260917C06950000,0.0,0.0,0,0,0,0.3764,0.987,0.0001,0.0,6950.0,SPXW260917P06950000,1.25,-1.3,0,0,7,0.3429,-0.0129,0.0001,125.0
2026-09-17 16:00:00,SPXW260917C06975000,0.0,0.0,0,0,0,0.3663,0.9862,0.0001,0.0,6975.0,SPXW260917P06975000,1.3,-1.4,0,0,39,0.3332,-0.0137,0.0001,472.0
2026-09-17 16:00:00,SPXW260917C06990000,0.0,0.0,0,0,0,0.3609,0.9856,0.0001,0.0,6990.0,SPXW260917P06990000,1.35,1.35,0,0,106,0.3281,-0.0142,0.0001,106.0
2026-09-17 16:00:00,SPXW260917C07000000,603.64,0.0,0,0,0,0.356,0.9853,0.0001,10.0,7000.0,SPXW260917P07000000,1.55,-1.475,0,0,33,0.3245,-0.0146,0.0001,281.0
2026-09-17 16:00:00,SPXW260917C07010000,0.0,0.0,0,0,0,0.3511,0.9849,0.0001,0.0,7010.0,SPXW260917P07010000,1.2,1.2,0,0,2,0.3205,-0.015,0.0001,2.0
2026-09-17 16:00:00,SPXW260917C07020000,0.0,0.0,0,0,0,0.3481,0.9845,0.0001,0.0,7020.0,SPXW260917P07020000,1.2,1.2,0,0,1,0.3169,-0.0153,0.0001,1.0
2026-09-17 16:00:00,SPXW260917C07025000,0.0,0.0,0,0,0,0.3456,0.9843,0.0001,0.0,7025.0,SPXW260917P07025000,1.2,-1.9,0,0,21,0.3151,-0.0155,0.0001,68.0
2026-09-17 16:00:00,SPXW260917C07030000,0.0,0.0,0,0,0,0.3431,0.9841,0.0001,0.0,7030.0,SPXW260917P07030000,1.25,1.25,0,0,1,0.3136,-0.0157,0.0001,1.0
2026-09-17 16:00:00,SPXW260917C07040000,0.0,0.0,0,0,0,0.3382,0.9837,0.0001,0.0,7040.0,SPXW260917P07040000,1.25,1.25,0,0,2,0.3099,-0.0161,0.0001,2.0
2026-09-17 16:00:00,SPXW260917C07050000,631.62,0.0,0,0,0,0.3351,0.9832,0.0001,7.0,7050.0,SPXW260917P07050000,1.55,-1.85,0,0,106,0.306,-0.0166,0.0001,732.0
2026-09-17 16:00:00,SPXW260917C07060000,0.0,0.0,0,0,0,0.3301,0.9828,0.0001,0.0,7060.0,SPXW260917P07060000,1.3,1.3,0,0,2,0.3026,-0.017,0.0001,2.0
2026-09-17 16:00:00,SPXW260917C07070000,0.0,0.0,0,0,0,0.3252,0.9823,0.0001,0.0,7070.0,SPXW260917P07070000,1.35,1.35,0,0,1,0.2988,-0.0175,0.0001,1.0
2026-09-17 16:00:00,SPXW260917C07075000,0.0,0.0,0,0,0,0.3244,0.9821,0.0001,0.0,7075.0,SPXW260917P07075000,1.6,-2.1,0,0,9,0.2971,-0.0178,0.0001,3265.0
2026-09-17 16:00:00,SPXW260917C07080000,0.0,0.0,0,0,0,0.3219,0.9818,0.0001,0.0,7080.0,SPXW260917P07080000,1.4,1.4,0,0,1,0.2953,-0.018,0.0001,1.0
2026-09-17 16:00:00,SPXW260917C07090000,0.0,0.0,0,0,0,0.317,0.9813,0.0002,0.0,7090.0,SPXW260917P07090000,1.4,1.4,0,0,1,0.2914,-0.0185,0.0002,1.0
2026-09-17 16:00:00,SPXW260917C07100000,593.83,0.0,0,0,0,0.3136,0.9808,0.0002,20.0,7100.0,SPXW260917P07100000,1.7,-2.3,0,0,19,0.2879,-0.0191,0.0002,400.0
2026-09-17 16:00:00,SPXW260917C07110000,0.0,0.0,0,0,0,0.3087,0.9802,0.0002,0.0,7110.0,SPXW260917P07110000,1.5,1.5,0,0,1,0.284,-0.0196,0.0002,1.0
2026-09-17 16:00:00,SPXW260917C07120000,0.0,0.0,0,0,0,0.3037,0.9796,0.0002,0.0,7120.0,SPXW260917P07120000,1.5,1.5,0,0,17,0.2804,-0.0202,0.0002,9.0
2026-09-17 16:00:00,SPXW260917C07125000,0.0,0.0,0,0,0,0.3028,0.9793,0.0002,0.0,7125.0,SPXW260917P07125000,1.8,-2.6,0,0,10,0.2786,-0.0206,0.0002,424.0
2026-09-17 16:00:00,SPXW260917C07130000,0.0,0.0,0,0,0,0.3003,0.979,0.0002,0.0,7130.0,SPXW260917P07130000,1.55,1.55,0,0,1,0.2769,-0.0209,0.0002,1.0
2026-09-17 16:00:00,SPXW260917C07140000,0.0,0.0,0,0,0,0.2953,0.9783,0.0002,0.0,7140.0,SPXW260917P07140000,1.6,1.6,0,0,1,0.2731,-0.0216,0.0002,1.0
2026-09-17 16:00:00,SPXW260917C07145000,0.0,0.0,0,0,0,0.2942,0.9779,0.0002,0.0,7145.0,SPXW260917P07145000,1.65,1.65,0,0,1,0.2712,-0.0219,0.0002,1.0
2026-09-17 16:00:00,SPXW260917C07150000,545.43,0.0,0,0,0,0.2917,0.9776,0.0002,20.0,7150.0,SPXW260917P07150000,1.95,-2.9,0,0,237,0.2694,-0.0223,0.0002,520.0
2026-09-17 16:00:00,SPXW260917C07155000,0.0,0.0,0,0,0,0.2892,0.9772,0.0002,0.0,7155.0,SPXW260917P07155000,1.65,1.65,0,0,9,0.2676,-0.0226,0.0002,9.0
2026-09-17 16:00:00,SPXW260917C07160000,0.0,0.0,0,0,0,0.2882,0.9768,0.0002,0.0,7160.0,SPXW260917P07160000,2.1,2.1,0,0,2,0.2657,-0.023,0.0002,2.0
2026-09-17 16:00:00,SPXW260917C07165000,0.0,0.0,0,0,0,0.2856,0.9764,0.0002,0.0,7165.0,SPXW260917P07165000,1.7,1.7,0,0,1,0.2638,-0.0234,0.0002,1.0
2026-09-17 16:00:00,SPXW260917C07170000,0.0,0.0,0,0,0,0.2831,0.976,0.0002,0.0,7170.0,SPXW260917P07170000,1.75,1.75,0,0,18,0.2619,-0.0238,0.0002,10.0
2026-09-17 16:00:00,SPXW260917C07175000,650.35,0.0,0,0,0,0.2806,0.9756,0.0002,8.0,7175.0,SPXW260917P07175000,2.2,-3.2,0,0,214,0.2606,-0.0242,0.0002,298.0
2026-09-17 16:00:00,SPXW260917C07180000,0.0,0.0,0,0,0,0.2794,0.9752,0.0002,0.0,7180.0,SPXW260917P07180000,1.8,-3.7,0,0,1,0.2587,-0.0246,0.0002,139.0
2026-09-17 16:00:00,SPXW260917C07185000,0.0,0.0,0,0,0,0.2769,0.9748,0.0002,0.0,7185.0,SPXW260917P07185000,1.85,1.85,0,0,11,0.2568,-0.0251,0.0002,10.0
2026-09-17 16:00:00,SPXW260917C07190000,0.0,0.0,0,0,0,0.2744,0.9743,0.0002,0.0,7190.0,SPXW260917P07190000,2.25,-3.5,0,0,17,0.2547,-0.0255,0.0002,176.0
2026-09-17 16:00:00,SPXW260917C07195000,0.0,0.0,0,0,0,0.2732,0.9739,0.0002,0.0,7195.0,SPXW260917P07195000,1.9,1.9,0,0,26,0.2533,-0.026,0.0002,25.0
2026-09-17 16:00:00,SPXW260917C07200000,535.58,0.0,0,0,0,0.2706,0.9734,0.0002,14.0,7200.0,SPXW260917P07200000,2.3,-3.7,0,0,619,0.2514,-0.0265,0.0002,1377.0
2026-09-17 16:00:00,SPXW260917C07205000,0.0,0.0,0,0,0,0.2681,0.9729,0.0002,0.0,7205.0,SPXW260917P07205000,2.35,2.35,0,0,25,0.2493,-0.027,0.0002,9.0
2026-09-17 16:00:00,SPXW260917C07210000,0.0,0.0,0,0,0,0.2668,0.9724,0.0003,0.0,7210.0,SPXW260917P07210000,2.0,-4.3,0,0,17,0.2478,-0.0275,0.0003,59.0
2026-09-17 16:00:00,SPXW260917C07215000,0.0,0.0,0,0,0,0.2643,0.9718,0.0003,0.0,7215.0,SPXW260917P07215000,2.35,2.35,0,0,9,0.2458,-0.028,0.0003,8.0
2026-09-17 16:00:00,SPXW260917C07220000,0.0,0.0,0,0,0,0.2629,0.9713,0.0003,0.0,7220.0,SPXW260917P07220000,2.5,-4.1,0,0,3,0.2442,-0.0285,0.0003,109.0
2026-09-17 16:00:00,SPXW260917C07225000,0.0,0.0,0,0,0,0.2604,0.9707,0.0003,0.0,7225.0,SPXW260917P07225000,2.5,-4.3,0,0,49,0.2422,-0.0291,0.0003,341.0
2026-09-17 16:00:00,SPXW260917C07230000,0.0,0.0,0,0,0,0.2578,0.9701,0.0003,0.0,7230.0,SPXW260917P07230000,2.55,-4.4,0,0,10,0.2406,-0.0297,0.0003,63.0
2026-09-17 16:00:00,SPXW260917C07235000,0.0,0.0,0,0,0,0.2564,0.9695,0.0003,0.0,7235.0,SPXW260917P07235000,2.5,2.5,0,0,17,0.2389,-0.0303,0.0003,16.0
2026-09-17 16:00:00,SPXW260917C07240000,425.71,61.76,0,0,3,0.2539,0.9689,0.0003,3.0,7240.0,SPXW260917P07240000,2.62,-4.68,0,0,4,0.2372,-0.0309,0.0003,41.0
2026-09-17 16:00:00,SPXW260917C07245000,0.0,0.0,0,0,0,0.2524,0.9682,0.0003,0.0,7245.0,SPXW260917P07245000,2.25,2.25,0,0,1,0.2355,-0.0316,0.0003,1.0
2026-09-17 16:00:00,SPXW260917C07250000,487.32,0.0,0,0,0,0.2499,0.9676,0.0003,12.0,7250.0,SPXW260917P07250000,2.55,-5.1,0,0,1629,0.2338,-0.0322,0.0003,2384.0
2026-09-17 16:00:00,SPXW260917C07255000,0.0,0.0,0,0,0,0.2484,0.9669,0.0003,0.0,7255.0,SPXW260917P07255000,2.8,2.8,0,0,62,0.2324,-0.033,0.0003,61.0
2026-09-17 16:00:00,SPXW260917C07260000,0.0,0.0,0,0,0,0.2458,0.9662,0.0003,0.0,7260.0,SPXW260917P07260000,2.4,-5.6,0,0,76,0.2303,-0.0337,0.0003,155.0
2026-09-17 16:00:00,SPXW260917C07265000,0.0,0.0,0,0,0,0.2443,0.9654,0.0003,0.0,7265.0,SPXW260917P07265000,2.45,2.45,0,0,9,0.2289,-0.0344,0.0003,9.0
2026-09-17 16:00:00,SPXW260917C07270000,0.0,0.0,0,0,0,0.2417,0.9646,0.0004,0.0,7270.0,SPXW260917P07270000,2.75,-5.73,0,0,23,0.2267,-0.0352,0.0004,188.0
2026-09-17 16:00:00,SPXW260917C07275000,501.34,0.0,0,0,0,0.2402,0.9638,0.0004,6.0,7275.0,SPXW260917P07275000,3.03,-5.7,0,0,152,0.2249,-0.036,0.0004,452.0
2026-09-17 16:00:00,SPXW260917C07280000,0.0,0.0,0,0,0,0.2375,0.963,0.0004,0.0,7280.0,SPXW260917P07280000,2.8,-6.1,0,0,7,0.2231,-0.0369,0.0004,256.0
2026-09-17 16:00:00,SPXW260917C07285000,0.0,0.0,0,0,0,0.2359,0.9621,0.0004,0.0,7285.0,SPXW260917P07285000,2.95,2.95,0,0,39,0.2218,-0.0378,0.0004,15.0
2026-09-17 16:00:00,SPXW260917C07290000,0.0,0.0,0,0,0,0.2343,0.9612,0.0004,0.0,7290.0,SPXW260917P07290000,3.0,-6.38,0,0,123,0.22,-0.0386,0.0004,389.0
2026-09-17 16:00:00,SPXW260917C07295000,0.0,0.0,0,0,0,0.2317,0.9602,0.0004,0.0,7295.0,SPXW260917P07295000,2.75,2.75,0,0,1,0.218,-0.0396,0.0004,1.0
2026-09-17 16:00:00,SPXW260917C07300000,0.0,0.0,0,0,0,0.23,0.9592,0.0004,0.0,7300.0,SPXW260917P07300000,3.3,-6.7,0,0,66,0.2161,-0.0406,0.0004,563.0
2026-09-17 16:00:00,SPXW260917C07305000,0.0,0.0,0,0,0,0.2283,0.9582,0.0004,0.0,7305.0,SPXW260917P07305000,2.9,2.9,0,0,9,0.2148,-0.0416,0.0004,11.0
2026-09-17 16:00:00,SPXW260917C07310000,0.0,0.0,0,0,0,0.2257,0.9571,0.0004,0.0,7310.0,SPXW260917P07310000,3.5,-7.0,0,0,119,0.2134,-0.0427,0.0004,176.0
2026-09-17 16:00:00,SPXW260917C07315000,355.27,355.27,0,0,3,0.224,0.956,0.0004,3.0,7315.0,SPXW260917P07315000,3.5,3.5,0,0,10,0.2114,-0.0438,0.0004,10.0
2026-09-17 16:00:00,SPXW260917C07320000,0.0,0.0,0,0,0,0.2222,0.9549,0.0005,0.0,7320.0,SPXW260917P07320000,3.4,-7.7,0,0,68,0.2099,-0.045,0.0005,183.0
2026-09-17 16:00:00,SPXW260917C07325000,0.0,0.0,0,0,0,0.2204,0.9537,0.0005,0.0,7325.0,SPXW260917P07325000,3.6,-7.9,0,0,75,0.2079,-0.0461,0.0005,318.0
2026-09-17 16:00:00,SPXW260917C07330000,0.0,0.0,0,0,0,0.2186,0.9524,0.0005,0.0,7330.0,SPXW260917P07330000,3.6,-8.2,0,0,155,0.2063,-0.0474,0.0005,118.0
2026-09-17 16:00:00,SPXW260917C07335000,0.0,0.0,0,0,0,0.2159,0.9511,0.0005,0.0,7335.0,SPXW260917P07335000,3.8,-8.3,0,0,184,0.2048,-0.0487,0.0005,229.0
2026-09-17 16:00:00,SPXW260917C07340000,0.0,0.0,0,0,0,0.214,0.9497,0.0005,0.0,7340.0,SPXW260917P07340000,3.8,-8.7,0,0,38,0.2032,-0.0501,0.0005,331.0
2026-09-17 16:00:00,SPXW260917C07345000,0.0,0.0,0,0,0,0.2122,0.9483,0.0005,0.0,7345.0,SPXW260917P07345000,3.8,-9.05,0,0,26,0.2016,-0.0515,0.0005,84.0
2026-09-17 16:00:00,SPXW260917C07350000,346.5,0.0,0,0,0,0.2103,0.9468,0.0006,30.0,7350.0,SPXW260917P07350000,4.2,-9.0,0,0,694,0.1998,-0.053,0.0006,867.0
2026-09-17 16:00:00,SPXW260917C07355000,0.0,0.0,0,0,0,0.2084,0.9453,0.0006,0.0,7355.0,SPXW260917P07355000,4.2,-9.4,0,0,32,0.1981,-0.0546,0.0006,41.0
2026-09-17 16:00:00,SPXW260917C07360000,258.63,0.0,0,0,0,0.2064,0.9437,0.0006,3.0,7360.0,SPXW260917P07360000,4.5,-9.5,0,0,82,0.1968,-0.0562,0.0006,216.0
2026-09-17 16:00:00,SPXW260917C07365000,0.0,0.0,0,0,0,0.2004,0.942,0.0006,0.0,7365.0,SPXW260917P07365000,4.4,-10.05,0,0,60,0.1955,-0.0579,0.0006,51.0
2026-09-17 16:00:00,SPXW260917C07370000,301.73,59.68,0,0,30,0.1988,0.9402,0.0006,30.0,7370.0,SPXW260917P07370000,4.6,-10.2,0,0,51,0.1941,-0.0596,0.0006,160.0
2026-09-17 16:00:00,SPXW260917C07375000,334.07,0.0,0,0,0,0.1969,0.9384,0.0006,5.0,7375.0,SPXW260917P07375000,4.7,-10.65,0,0,57,0.1923,-0.0615,0.0006,227.0
2026-09-17 16:00:00,SPXW260917C07380000,229.64,0.0,0,0,0,0.1949,0.9365,0.0007,30.0,7380.0,SPXW260917P07380000,4.8,-11.0,0,0,89,0.1908,-0.0634,0.0007,133.0
2026-09-17 16:00:00,SPXW260917C07385000,235.18,0.0,0,0,0,0.1936,0.9345,0.0007,1.0,7385.0,SPXW260917P07385000,5.0,-11.3,0,0,33,0.1893,-0.0654,0.0007,64.0
2026-09-17 16:00:00,SPXW260917C07390000,0.0,0.0,0,0,0,0.1916,0.9324,0.0007,0.0,7390.0,SPXW260917P07390000,5.1,-11.7,0,0,75,0.1877,-0.0675,0.0007,98.0
2026-09-17 16:00:00,SPXW260917C07395000,0.0,0.0,0,0,0,0.1906,0.9302,0.0007,0.0,7395.0,SPXW260917P07395000,5.5,-11.8,0,0,67,0.1861,-0.0696,0.0007,68.0
2026-09-17 16:00:00,SPXW260917C07400000,277.21,62.06,0,0,7,0.1885,0.9279,0.0008,9.0,7400.0,SPXW260917P07400000,5.4,-12.45,0,0,122,0.1848,-0.0719,0.0008,623.0
2026-09-17 16:00:00,SPXW260917C07405000,0.0,0.0,0,0,0,0.1867,0.9255,0.0008,0.0,7405.0,SPXW260917P07405000,5.42,-12.98,0,0,37,0.1831,-0.0743,0.0008,67.0
2026-09-17 16:00:00,SPXW260917C07410000,202.32,0.0,0,0,0,0.1852,0.9231,0.0008,1.0,7410.0,SPXW260917P07410000,5.6,-13.4,0,0,82,0.1817,-0.0768,0.0008,145.0
2026-09-17 16:00:00,SPXW260917C07415000,0.0,0.0,0,0,0,0.184,0.9205,0.0008,0.0,7415.0,SPXW260917P07415000,5.8,-13.8,0,0,54,0.1803,-0.0794,0.0008,94.0
2026-09-17 16:00:00,SPXW260917C07420000,258.12,60.72,0,0,1,0.182,0.9178,0.0009,25.0,7420.0,SPXW260917P07420000,6.11,-14.09,0,0,1280,0.1784,-0.0821,0.0009,1307.0
2026-09-17 16:00:00,SPXW260917C07425000,0.0,0.0,0,0,0,0.1807,0.9149,0.0009,0.0,7425.0,SPXW260917P07425000,6.2,-14.16,0,0,1649,0.1772,-0.0849,0.0009,1609.0
2026-09-17 16:00:00,SPXW260917C07430000,247.96,59.16,0,0,1,0.179,0.912,0.0009,5.0,7430.0,SPXW260917P07430000,6.8,-14.7,0,0,97,0.1756,-0.0879,0.0009,230.0
2026-09-17 16:00:00,SPXW260917C07435000,0.0,0.0,0,0,0,0.1772,0.9089,0.001,0.0,7435.0,SPXW260917P07435000,7.25,-14.95,0,0,92,0.1743,-0.091,0.001,79.0
2026-09-17 16:00:00,SPXW260917C07440000,181.89,0.0,0,0,0,0.1754,0.9057,0.001,7.0,7440.0,SPXW260917P07440000,6.99,-15.91,0,0,98,0.1728,-0.0942,0.001,454.0
2026-09-17 16:00:00,SPXW260917C07445000,0.0,0.0,0,0,0,0.1742,0.9023,0.001,0.0,7445.0,SPXW260917P07445000,6.98,-16.3,0,0,94,0.1714,-0.0976,0.001,62.0
2026-09-17 16:00:00,SPXW260917C07450000,170.1,0.0,0,0,0,0.1725,0.8988,0.0011,35.0,7450.0,SPXW260917P07450000,7.37,-16.43,0,0,641,0.1698,-0.1011,0.0011,2095.0
2026-09-17 16:00:00,SPXW260917C07455000,0.0,0.0,0,0,0,0.1666,0.8951,0.0011,0.0,7455.0,SPXW260917P07455000,8.1,-17.05,0,0,88,0.1685,-0.1047,0.0011,86.0
2026-09-17 16:00:00,SPXW260917C07460000,0.0,0.0,0,0,0,0.1694,0.8913,0.0011,0.0,7460.0,SPXW260917P07460000,8.0,-18.0,0,0,34,0.1671,-0.1086,0.0011,700.0
2026-09-17 16:00:00,SPXW260917C07465000,211.52,52.47,0,0,3,0.1681,0.8872,0.0012,3.0,7465.0,SPXW260917P07465000,8.07,-18.73,0,0,30,0.1656,-0.1126,0.0012,55.0
2026-09-17 16:00:00,SPXW260917C07470000,205.73,50.78,0,0,30,0.1665,0.883,0.0012,31.0,7470.0,SPXW260917P07470000,8.72,-18.98,0,0,187,0.1641,-0.1168,0.0012,309.0
2026-09-17 16:00:00,SPXW260917C07475000,206.72,55.82,0,0,4,0.1648,0.8787,0.0013,4.0,7475.0,SPXW260917P07475000,8.67,-19.93,0,0,82,0.1627,-0.1212,0.0013,238.0
2026-09-17 16:00:00,SPXW260917C07480000,144.46,0.0,0,0,0,0.1636,0.8741,0.0013,30.0,7480.0,SPXW260917P07480000,9.5,-20.0,0,0,140,0.1613,-0.1258,0.0013,128.0
2026-09-17 16:00:00,SPXW260917C07485000,0.0,0.0,0,0,0,0.162,0.8693,0.0014,0.0,7485.0,SPXW260917P07485000,9.28,-21.17,0,0,62,0.16,-0.1305,0.0014,142.0
2026-09-17 16:00:00,SPXW260917C07490000,216.85,0.0,0,0,0,0.1606,0.8643,0.0014,4.0,7490.0,SPXW260917P07490000,10.17,-21.28,0,0,113,0.1587,-0.1355,0.0014,280.0
2026-09-17 16:00:00,SPXW260917C07495000,212.55,0.0,0,0,0,0.1593,0.8591,0.0014,4.0,7495.0,SPXW260917P07495000,10.0,-22.5,0,0,95,0.1572,-0.1408,0.0014,98.0
2026-09-17 16:00:00,SPXW260917C07500000,168.7,37.5,0,0,59,0.1577,0.8536,0.0015,75.0,7500.0,SPXW260917P07500000,11.09,-22.46,0,0,454,0.1559,-0.1462,0.0015,1070.0
2026-09-17 16:00:00,SPXW260917C07505000,119.4,0.0,0,0,0,0.1565,0.8479,0.0016,21.0,7505.0,SPXW260917P07505000,11.4,-23.25,0,0,112,0.1546,-0.1519,0.0016,88.0
2026-09-17 16:00:00,SPXW260917C07510000,159.74,36.29,0,0,50,0.1547,0.842,0.0016,54.0,7510.0,SPXW260917P07510000,11.9,-23.85,0,0,146,0.1533,-0.1579,0.0016,246.0
2026-09-17 16:00:00,SPXW260917C07515000,171.98,52.33,0,0,12,0.1537,0.8357,0.0017,9.0,7515.0,SPXW260917P07515000,11.7,-25.25,0,0,47,0.1519,-0.1641,0.0017,118.0
2026-09-17 16:00:00,SPXW260917C07520000,167.43,51.58,0,0,3,0.1522,0.8292,0.0017,23.0,7520.0,SPXW260917P07520000,13.0,-25.15,0,0,89,0.1504,-0.1706,0.0017,280.0
2026-09-17 16:00:00,SPXW260917C07525000,160.75,48.7,0,0,16,0.1504,0.8224,0.0018,31.0,7525.0,SPXW260917P07525000,13.48,-25.92,0,0,105,0.1493,-0.1774,0.0018,411.0
2026-09-17 16:00:00,SPXW260917C07530000,154.8,46.4,0,0,2,0.1491,0.8154,0.0018,11.0,7530.0,SPXW260917P07530000,14.26,-26.44,0,0,129,0.1478,-0.1845,0.0018,229.0
2026-09-17 16:00:00,SPXW260917C07535000,109.01,0.0,0,0,0,0.1477,0.808,0.0019,9.0,7535.0,SPXW260917P07535000,14.2,-27.85,0,0,86,0.1466,-0.1919,0.0019,191.0
2026-09-17 16:00:00,SPXW260917C07540000,108.2,0.0,0,0,0,0.1465,0.8002,0.002,15.0,7540.0,SPXW260917P07540000,15.61,-27.84,0,0,117,0.1452,-0.1996,0.002,573.0
2026-09-17 16:00:00,SPXW260917C07545000,95.66,0.0,0,0,0,0.1453,0.7922,0.002,56.0,7545.0,SPXW260917P07545000,16.29,-28.56,0,0,76,0.1439,-0.2076,0.002,95.0
2026-09-17 16:00:00,SPXW260917C07550000,134.97,40.92,0,0,1,0.1439,0.7838,0.0021,77.0,7550.0,SPXW260917P07550000,16.47,-29.88,0,0,269,0.1426,-0.216,0.0021,453.0
2026-09-17 16:00:00,SPXW260917C07555000,132.13,41.53,0,0,29,0.1424,0.7751,0.0022,36.0,7555.0,SPXW260917P07555000,16.73,-31.12,0,0,93,0.1413,-0.2248,0.0022,107.0
2026-09-17 16:00:00,SPXW260917C07560000,118.34,31.19,0,0,29,0.1409,0.766,0.0022,62.0,7560.0,SPXW260917P07560000,17.58,-31.87,0,0,113,0.14,-0.2339,0.0022,244.0
2026-09-17 16:00:00,SPXW260917C07565000,123.55,39.75,0,0,48,0.1397,0.7565,0.0023,59.0,7565.0,SPXW260917P07565000,19.9,-31.2,0,0,72,0.1388,-0.2434,0.0023,99.0
2026-09-17 16:00:00,SPXW260917C07570000,117.83,37.38,0,0,19,0.139,0.7466,0.0024,72.0,7570.0,SPXW260917P07570000,21.1,-31.65,0,0,80,0.1375,-0.2533,0.0024,111.0
2026-09-17 16:00:00,SPXW260917C07575000,105.6,28.35,0,0,2,0.137,0.7363,0.0024,51.0,7575.0,SPXW260917P07575000,21.46,-33.09,0,0,131,0.1363,-0.2636,0.0024,337.0
2026-09-17 16:00:00,SPXW260917C07580000,105.55,31.5,0,0,9,0.1358,0.7256,0.0025,201.0,7580.0,SPXW260917P07580000,22.14,-34.21,0,0,101,0.135,-0.2742,0.0025,561.0
2026-09-17 16:00:00,SPXW260917C07585000,110.62,39.72,0,0,18,0.1351,0.7145,0.0026,44.0,7585.0,SPXW260917P07585000,23.6,-34.55,0,0,80,0.1337,-0.2853,0.0026,206.0
2026-09-17 16:00:00,SPXW260917C07590000,93.6,25.75,0,0,17,0.1329,0.703,0.0027,56.0,7590.0,SPXW260917P07590000,23.8,-36.25,0,0,91,0.1326,-0.2968,0.0027,155.0
2026-09-17 16:00:00,SPXW260917C07595000,92.81,27.96,0,0,87,0.1313,0.691,0.0027,118.0,7595.0,SPXW260917P07595000,25.43,-36.62,0,0,204,0.1313,-0.3088,0.0027,309.0
2026-09-17 16:00:00,SPXW260917C07600000,84.6,22.7,0,0,28,0.1301,0.6787,0.0028,148.0,7600.0,SPXW260917P07600000,25.8,-38.35,0,0,1332,0.13,-0.3212,0.0028,1757.0
2026-09-17 16:00:00,SPXW260917C07605000,90.65,31.7,0,0,7,0.1288,0.6658,0.0029,35.0,7605.0,SPXW260917P07605000,25.38,-40.87,0,0,48,0.1288,-0.334,0.0029,85.0
2026-09-17 16:00:00,SPXW260917C07610000,78.51,22.36,0,0,14,0.1276,0.6526,0.003,84.0,7610.0,SPXW260917P07610000,29.6,-38.85,0,0,159,0.1276,-0.3473,0.003,291.0
2026-09-17 16:00:00,SPXW260917C07615000,74.81,21.41,0,0,18,0.1264,0.6389,0.003,112.0,7615.0,SPXW260917P07615000,31.0,-39.65,0,0,45,0.1263,-0.361,0.003,63.0
2026-09-17 16:00:00,SPXW260917C07620000,71.4,20.65,0,0,4,0.1252,0.6247,0.0031,51.0,7620.0,SPXW260917P07620000,30.5,-42.45,0,0,226,0.1251,-0.3751,0.0031,131.0
2026-09-17 16:00:00,SPXW260917C07625000,70.75,22.65,0,0,9,0.124,0.6101,0.0032,128.0,7625.0,SPXW260917P07625000,32.7,-42.65,0,0,198,0.1238,-0.3897,0.0032,614.0
2026-09-17 16:00:00,SPXW260917C07630000,67.75,22.15,0,0,23,0.1228,0.5951,0.0032,75.0,7630.0,SPXW260917P07630000,34.6,-42.63,0,0,184,0.1227,-0.4048,0.0032,257.0
2026-09-17 16:00:00,SPXW260917C07635000,64.63,21.53,0,0,4,0.1217,0.5796,0.0033,25.0,7635.0,SPXW260917P07635000,36.73,-43.62,0,0,120,0.1214,-0.4202,0.0033,104.0
2026-09-17 16:00:00,SPXW260917C07640000,56.2,15.5,0,0,30,0.1204,0.5638,0.0033,40.0,7640.0,SPXW260917P07640000,39.45,-44.55,0,0,93,0.1205,-0.4361,0.0033,204.0
2026-09-17 16:00:00,SPXW260917C07645000,53.4,15.0,0,0,45,0.1193,0.5475,0.0034,66.0,7645.0,SPXW260917P07645000,39.3,-46.35,0,0,67,0.1193,-0.4524,0.0034,139.0
2026-09-17 16:00:00,SPXW260917C07650000,49.91,13.41,0,0,93,0.1181,0.5308,0.0034,219.0,7650.0,SPXW260917P07650000,42.05,-46.07,0,0,2634,0.1182,-0.469,0.0034,3392.0
2026-09-17 16:00:00,SPXW260917C07655000,46.7,13.6,0,0,776,0.1171,0.5138,0.0035,198.0,7655.0,SPXW260917P07655000,44.19,-46.85,0,0,227,0.117,-0.4861,0.0035,196.0
2026-09-17 16:00:00,SPXW260917C07660000,44.3,12.4,0,0,526,0.116,0.4964,0.0035,202.0,7660.0,SPXW260917P07660000,45.7,-49.25,0,0,479,0.1158,-0.5034,0.0035,255.0
2026-09-17 16:00:00,SPXW260917C07665000,41.4,11.5,0,0,127,0.1149,0.4787,0.0035,123.0,7665.0,SPXW260917P07665000,47.7,-49.35,0,0,184,0.1148,-0.5211,0.0035,84.0
2026-09-17 16:00:00,SPXW260917C07670000,38.5,10.27,0,0,141,0.1138,0.4607,0.0036,804.0,7670.0,SPXW260917P07670000,50.7,-49.45,0,0,475,0.1139,-0.5391,0.0036,523.0
2026-09-17 16:00:00,SPXW260917C07675000,36.9,10.8,0,0,2419,0.1128,0.4425,0.0036,3846.0,7675.0,SPXW260917P07675000,54.6,-48.85,0,0,2635,0.1127,-0.5573,0.0036,3985.0
2026-09-17 16:00:00,SPXW260917C07680000,33.92,9.57,0,0,47,0.1119,0.4242,0.0036,736.0,7680.0,SPXW260917P07680000,55.6,-50.85,0,0,56,0.1117,-0.5757,0.0036,167.0
2026-09-17 16:00:00,SPXW260917C07685000,31.0,8.35,0,0,52,0.1107,0.4056,0.0036,97.0,7685.0,SPXW260917P07685000,59.5,-50.3,0,0,12,0.1108,-0.5942,0.0036,65.0
2026-09-17 16:00:00,SPXW260917C07690000,29.6,8.55,0,0,189,0.1098,0.387,0.0036,411.0,7690.0,SPXW260917P07690000,60.4,-52.7,0,0,40,0.1099,-0.6128,0.0036,294.0
2026-09-17 16:00:00,SPXW260917C07695000,27.5,8.0,0,0,58,0.1088,0.3684,0.0035,122.0,7695.0,SPXW260917P07695000,59.4,-57.4,0,0,134,0.109,-0.6314,0.0035,206.0
2026-09-17 16:00:00,SPXW260917C07700000,24.68,6.63,0,0,2514,0.1079,0.3499,0.0035,3213.0,7700.0,SPXW260917P07700000,67.3,-53.1,0,0,91,0.1081,-0.6499,0.0035,280.0
2026-09-17 16:00:00,SPXW260917C07705000,22.6,5.95,0,0,194,0.1072,0.3315,0.0034,368.0,7705.0,SPXW260917P07705000,69.2,-54.65,0,0,54,0.1072,-0.6684,0.0034,161.0
2026-09-17 16:00:00,SPXW260917C07710000,20.5,5.4,0,0,144,0.1064,0.3132,0.0034,217.0,7710.0,SPXW260917P07710000,68.16,-59.44,0,0,5,0.1063,-0.6866,0.0034,132.0
2026-09-17 16:00:00,SPXW260917C07715000,18.7,4.55,0,0,42,0.1055,0.2952,0.0033,159.0,7715.0,SPXW260917P07715000,70.42,-61.08,0,0,18,0.104,-0.7046,0.0033,163.0
2026-09-17 16:00:00,SPXW260917C07720000,17.13,4.13,0,0,113,0.1048,0.2775,0.0032,205.0,7720.0,SPXW260917P07720000,74.7,-56.65,0,0,36,0.1029,-0.7223,0.0032,121.0
2026-09-17 16:00:00,SPXW260917C07725000,15.5,3.6,0,0,86,0.104,0.2602,0.0032,727.0,7725.0,SPXW260917P07725000,74.52,-64.63,0,0,171,0.1033,-0.7396,0.0032,157.0
2026-09-17 16:00:00,SPXW260917C07730000,13.78,2.88,0,0,291,0.1033,0.2433,0.0031,474.0,7730.0,SPXW260917P07730000,76.54,-66.61,0,0,20,0.1016,-0.7565,0.0031,113.0
2026-09-17 16:00:00,SPXW260917C07735000,12.46,2.56,0,0,494,0.1027,0.2268,0.003,511.0,7735.0,SPXW260917P07735000,78.23,-69.07,0,0,1,0.1008,-0.773,0.003,30.0
2026-09-17 16:00:00,SPXW260917C07740000,11.49,2.49,0,0,463,0.102,0.2109,0.0029,484.0,7740.0,SPXW260917P07740000,89.99,-61.36,0,0,4,0.1,-0.7889,0.0029,118.0
2026-09-17 16:00:00,SPXW260917C07745000,10.39,2.19,0,0,136,0.1013,0.1955,0.0028,230.0,7745.0,SPXW260917P07745000,164.94,0.0,0,0,0,0.0991,-0.8043,0.0028,27.0
2026-09-17 16:00:00,SPXW260917C07750000,9.2,1.7,0,0,211,0.1008,0.1807,0.0026,907.0,7750.0,SPXW260917P07750000,95.0,-64.85,0,0,14,0.0987,-0.8191,0.0026,167.0
2026-09-17 16:00:00,SPXW260917C07755000,8.61,1.81,0,0,125,0.1003,0.1666,0.0025,144.0,7755.0,SPXW260917P07755000,101.54,-62.61,0,0,2,0.0979,-0.8333,0.0025,25.0
2026-09-17 16:00:00,SPXW260917C07760000,7.21,1.11,0,0,118,0.0998,0.153,0.0024,580.0,7760.0,SPXW260917P07760000,96.77,-71.68,0,0,5,0.0971,-0.8468,0.0024,97.0
2026-09-17 16:00:00,SPXW260917C07765000,6.99,1.49,0,0,55,0.099,0.1401,0.0023,124.0,7765.0,SPXW260917P07765000,163.72,0.0,0,0,0,0.0965,-0.8597,0.0023,26.0
2026-09-17 16:00:00,SPXW260917C07770000,5.72,0.72,0,0,131,0.0987,0.128,0.0022,1152.0,7770.0,SPXW260917P07770000,106.52,-70.33,0,0,11,0.0959,-0.8719,0.0022,62.0
2026-09-17 16:00:00,SPXW260917C07775000,5.1,0.87,0,0,205,0.0982,0.1165,0.002,781.0,7775.0,SPXW260917P07775000,137.48,0.0,0,0,0,0.0948,-0.8834,0.002,57.0
2026-09-17 16:00:00,SPXW260917C07780000,4.42,0.37,0,0,323,0.0978,0.1058,0.0019,315.0,7780.0,SPXW260917P07780000,110.24,0.0,0,0,0,0.0946,-0.8941,0.0019,39.0
2026-09-17 16:00:00,SPXW260917C07785000,3.92,0.32,0,0,149,0.0975,0.0957,0.0018,217.0,7785.0,SPXW260917P07785000,121.43,-68.87,0,0,2,0.094,-0.9041,0.0018,9.0
2026-09-17 16:00:00,SPXW260917C07790000,3.41,0.16,0,0,157,0.0971,0.0864,0.0016,316.0,7790.0,SPXW260917P07790000,196.95,0.0,0,0,0,0.0933,-0.9134,0.0016,25.0
2026-09-17 16:00:00,SPXW260917C07795000,2.94,0.04,0,0,157,0.0968,0.0779,0.0015,310.0,7795.0,SPXW260917P07795000,88.6,0.0,0,0,0,0.093,-0.922,0.0015,5.0
2026-09-17 16:00:00,SPXW260917C07800000,2.65,0.25,0,0,2004,0.0964,0.07,0.0014,3011.0,7800.0,SPXW260917P07800000,131.6,-73.4,0,0,5,0.0915,-0.9298,0.0014,91.0
2026-09-17 16:00:00,SPXW260917C07805000,2.4,0.1,0,0,1789,0.0962,0.0629,0.0013,1792.0,7805.0,SPXW260917P07805000,136.15,-73.0,0,0,2,0.0912,-0.937,0.0013,2.0
2026-09-17 16:00:00,SPXW260917C07810000,2.1,0.025,0,0,249,0.0961,0.0563,0.0012,388.0,7810.0,SPXW260917P07810000,142.35,-72.0,0,0,1,0.0906,-0.9435,0.0012,4.0
2026-09-17 16:00:00,SPXW260917C07815000,1.8,-0.025,0,0,218,0.0959,0.0504,0.0011,273.0,7815.0,SPXW260917P07815000,145.62,-73.93,0,0,1,0.0896,-0.9494,0.0011,2.0
2026-09-17 16:00:00,SPXW260917C07820000,1.55,-0.1,0,0,163,0.0957,0.0452,0.001,297.0,7820.0,SPXW260917P07820000,214.79,0.0,0,0,0,0.0758,-0.9547,0.001,16.0
2026-09-17 16:00:00,SPXW260917C07825000,1.35,-0.1,0,0,297,0.0957,0.0404,0.0009,673.0,7825.0,SPXW260917P07825000,166.35,-63.0,0,0,2,0.0713,-0.9594,0.0009,63.0
2026-09-17 16:00:00,SPXW260917C07830000,1.2,-0.1,0,0,249,0.0958,0.0362,0.0008,422.0,7830.0,SPXW260917P07830000,0.0,0.0,0,0,0,0.0543,-0.9637,0.0008,3.0
2026-09-17 16:00:00,SPXW260917C07835000,1.0,-0.15,0,0,238,0.0956,0.0324,0.0008,353.0,7835.0,SPXW260917P07835000,0.0,0.0,0,0,0,0.0,-0.9674,0.0008,0.0
2026-09-17 16:00:00,SPXW260917C07840000,0.9,-0.125,0,0,221,0.0959,0.0291,0.0007,333.0,7840.0,SPXW260917P07840000,232.47,0.0,0,0,0,0.0,-0.9708,0.0007,25.0
2026-09-17 16:00:00,SPXW260917C07845000,0.75,-0.2,0,0,240,0.096,0.0261,0.0006,327.0,7845.0,SPXW260917P07845000,0.0,0.0,0,0,0,0.0,-0.9737,0.0006,0.0
2026-09-17 16:00:00,SPXW260917C07850000,0.7,-0.15,0,0,262,0.0962,0.0235,0.0006,599.0,7850.0,SPXW260917P07850000,143.5,0.0,0,0,0,0.0,-0.9764,0.0006,45.0
2026-09-17 16:00:00,SPXW260917C07855000,0.6,-0.125,0,0,132,0.0968,0.0212,0.0005,201.0,7855.0,SPXW260917P07855000,247.32,0.0,0,0,0,0.0,-0.9787,0.0005,1.0
2026-09-17 16:00:00,SPXW260917C07860000,0.55,-0.15,0,0,65,0.0966,0.0192,0.0005,228.0,7860.0,SPXW260917P07860000,0.0,0.0,0,0,0,0.0,-0.9807,0.0005,0.0
2026-09-17 16:00:00,SPXW260917C07865000,0.55,-0.05,0,0,111,0.0974,0.0174,0.0004,200.0,7865.0,SPXW260917P07865000,0.0,0.0,0,0,0,0.0,-0.9825,0.0004,0.0
2026-09-17 16:00:00,SPXW260917C07870000,0.45,-0.1,0,0,95,0.0981,0.0158,0.0004,209.0,7870.0,SPXW260917P07870000,156.04,0.0,0,0,0,0.0961,-0.984,0.0004,2.0
2026-09-17 16:00:00,SPXW260917C07875000,0.4,-0.1,0,0,69,0.0986,0.0144,0.0004,301.0,7875.0,SPXW260917P07875000,159.99,0.0,0,0,0,0.0,-0.9854,0.0004,7.0
2026-09-17 16:00:00,SPXW260917C07880000,0.35,-0.1,0,0,86,0.0998,0.0132,0.0003,214.0,7880.0,SPXW260917P07880000,228.28,0.0,0,0,0,0.0,-0.9866,0.0003,4.0
2026-09-17 16:00:00,SPXW260917C07885000,0.35,-0.1,0,0,58,0.1001,0.0122,0.0003,305.0,7885.0,SPXW260917P07885000,0.0,0.0,0,0,0,0.0,-0.9877,0.0003,5.0
2026-09-17 16:00:00,SPXW260917C07890000,0.3,-0.075,0,0,67,0.101,0.0112,0.0003,366.0,7890.0,SPXW260917P07890000,0.0,0.0,0,0,0,0.0,-0.9886,0.0003,0.0
2026-09-17 16:00:00,SPXW260917C07895000,0.3,-0.075,0,0,75,0.1019,0.0104,0.0003,230.0,7895.0,SPXW260917P07895000,0.0,0.0,0,0,0,0.0,-0.9894,0.0003,0.0
2026-09-17 16:00:00,SPXW260917C07900000,0.3,-0.025,0,0,98,0.1028,0.0097,0.0002,753.0,7900.0,SPXW260917P07900000,239.35,-62.95,0,0,2,0.0,-0.9902,0.0002,20.0
2026-09-17 16:00:00,SPXW260917C07910000,0.25,-0.025,0,0,76,0.1041,0.0085,0.0002,211.0,7910.0,SPXW260917P07910000,0.0,0.0,0,0,0,0.0,-0.9914,0.0002,0.0
2026-09-17 16:00:00,SPXW260917C07920000,0.25,-0.025,0,0,66,0.1064,0.0075,0.0002,163.0,7920.0,SPXW260917P07920000,0.0,0.0,0,0,0,0.0,-0.9923,0.0002,0.0
2026-09-17 16:00:00,SPXW260917C07925000,0.2,-0.05,0,0,27,0.1082,0.0071,0.0002,321.0,7925.0,SPXW260917P07925000,246.79,0.0,0,0,0,0.0,-0.9927,0.0002,11.0
2026-09-17 16:00:00,SPXW260917C07930000,0.2,-0.05,0,0,64,0.1099,0.0068,0.0002,189.0,7930.0,SPXW260917P07930000,0.0,0.0,0,0,0,0.0,-0.9931,0.0002,0.0
2026-09-17 16:00:00,SPXW260917C07940000,0.2,-0.05,0,0,35,0.1104,0.0062,0.0002,106.0,7940.0,SPXW260917P07940000,0.0,0.0,0,0,0,0.0,-0.9937,0.0002,0.0
2026-09-17 16:00:00,SPXW260917C07950000,0.23,0.03,0,0,222,0.1138,0.0057,0.0001,2809.0,7950.0,SPXW260917P07950000,206.5,0.0,0,0,0,0.0,-0.9942,0.0001,1.0
2026-09-17 16:00:00,SPXW260917C07960000,0.2,0.0,0,0,8,0.1172,0.0052,0.0001,128.0,7960.0,SPXW260917P07960000,0.0,0.0,0,0,0,0.0,-0.9946,0.0001,0.0
2026-09-17 16:00:00,SPXW260917C07970000,0.3,0.1,0,0,9,0.1204,0.0049,0.0001,46.0,7970.0,SPXW260917P07970000,0.0,0.0,0,0,0,0.0,-0.995,0.0001,0.0
2026-09-17 16:00:00,SPXW260917C07975000,0.15,-0.025,0,0,239,0.1203,0.0047,0.0001,1491.0,7975.0,SPXW260917P07975000,0.0,0.0,0,0,0,0.0,-0.9951,0.0001,0.0
2026-09-17 16:00:00,SPXW260917C08000000,0.15,0.0,0,0,324,0.1263,0.0041,0.0001,738.0,8000.0,SPXW260917P08000000,406.17,0.0,0,0,0,0.0,-0.9957,0.0001,1.0
2026-09-17 16:00:00,SPXW260917C08025000,0.2,0.075,0,0,8,0.1344,0.0036,0.0001,183.0,8025.0,SPXW260917P08025000,0.0,0.0,0,0,0,0.0,-0.9962,0.0001,0.0
2026-09-17 16:00:00,SPXW260917C08050000,0.2,0.0,0,0,0,0.1423,0.0032,0.0001,308.0,8050.0,SPXW260917P08050000,0.0,0.0,0,0,0,0.0,-0.9966,0.0001,0.0
2026-09-17 16:00:00,SPXW260917C08075000,0.1,-0.05,0,0,5,0.147,0.0029,0.0001,57.0,8075.0,SPXW260917P08075000,0.0,0.0,0,0,0,0.0,-0.9969,0.0001,0.0
2026-09-17 16:00:00,SPXW260917C08100000,0.12,-0.005,0,0,18,0.1549,0.0026,0.0,200.0,8100.0,SPXW260917P08100000,334.4,0.0,0,0,0,0.0,-0.9972,0.0,1.0
2026-09-17 16:00:00,SPXW260917C08125000,0.1,-0.025,0,0,24,0.1625,0.0024,0.0,54.0,8125.0,SPXW260917P08125000,530.67,0.0,0,0,0,0.0,-0.9974,0.0,1.0
2026-09-17 16:00:00,SPXW260917C08150000,0.1,0.0,0,0,45,0.1701,0.0022,0.0,99.0,8150.0,SPXW260917P08150000,502.1,0.0,0,0,0,0.0,-0.9976,0.0,1.0
2026-09-17 16:00:00,SPXW260917C08175000,0.1,0.0,0,0,60,0.1777,0.002,0.0,76.0,8175.0,SPXW260917P08175000,0.0,0.0,0,0,0,0.0,-0.9978,0.0,0.0
2026-09-17 16:00:00,SPXW260917C08200000,0.1,0.025,0,0,64,0.1852,0.0019,0.0,102.0,8200.0,SPXW260917P08200000,0.0,0.0,0,0,0,0.0,-0.998,0.0,0.0
2026-09-17 16:00:00,SPXW260917C08225000,0.1,0.0,0,0,0,0.1927,0.0017,0.0,4.0,8225.0,SPXW260917P08225000,457.4,0.0,0,0,0,0.0,-0.9981,0.0,1.0
2026-09-17 16:00:00,SPXW260917C08250000,0.75,0.0,0,0,0,0.2001,0.0016,0.0,6.0,8250.0,SPXW260917P08250000,0.0,0.0,0,0,0,0.0,-0.9982,0.0,0.0
2026-09-17 16:00:00,SPXW260917C08275000,0.3,0.0,0,0,0,0.2074,0.0015,0.0,2.0,8275.0,SPXW260917P08275000,0.0,0.0,0,0,0,0.0,-0.9984,0.0,0.0
2026-09-17 16:00:00,SPXW260917C08300000,0.09,-0.01,0,0,1,0.2096,0.0014,0.0,4.0,8300.0,SPXW260917P08300000,0.0,0.0,0,0,0,0.0,-0.9985,0.0,0.0
2026-09-17 16:00:00,SPXW260917C08325000,0.1,0.0,0,0,1,0.2167,0.0013,0.0,1.0,8325.0,SPXW260917P08325000,0.0,0.0,0,0,0,0.0,-0.9986,0.0,0.0
2026-09-17 16:00:00,SPXW260917C08400000,0.1,0.0,0,0,0,0.2379,0.001,0.0,6.0,8400.0,SPXW260917P08400000,0.0,0.0,0,0,0,0.0,-0.9988,0.0,0.0
2026-09-17 16:00:00,SPXW260917C08500000,0.05,-0.025,0,0,1,0.2655,0.0008,0.0,8.0,8500.0,SPXW260917P08500000,0.0,0.0,0,0,0,0.0,-0.9991,0.0,0.0
2026-09-17 16:00:00,SPXW260917C08600000,0.05,-0.025,0,0,2,0.2834,0.0006,0.0,23.0,8600.0,SPXW260917P08600000,0.0,0.0,0,0,0,0.0,-0.9992,0.0,0.0
2026-09-17 16:00:00,SPXW260917C08800000,0.4,0.0,0,0,0,0.335,0.0004,0.0,5.0,8800.0,SPXW260917P08800000,0.0,0.0,0,0,0,0.0,-0.9995,0.0,0.0
2026-09-17 16:00:00,SPXW260917C09000000,0.05,0.0,0,0,1,0.3845,0.0002,0.0,12.0,9000.0,SPXW260917P09000000,0.0,0.0,0,0,0,0.0,-0.9996,0.0,0.0
2026-09-17 16:00:00,SPXW260917C09200000,0.15,0.0,0,0,0,0.4324,0.0001,0.0,1.0,9200.0,SPXW260917P09200000,0.0,0.0,0,0,0,0.0,-0.9997,0.0,0.0
2026-09-17 16:00:00,SPXW260917C09400000,0.0,0.0,0,0,0,0.479,0.0001,0.0,0.0,9400.0,SPXW260917P09400000,0.0,0.0,0,0,0,0.0,-0.9998,0.0,0.0
2026-09-17 16:00:00,SPXW260917C09600000,0.2,0.0,0,0,0,0.5006,0.0,0.0,1.0,9600.0,SPXW260917P09600000,0.0,0.0,0,0,0,0.0,-0.9998,0.0,0.0
2026-09-17 16:00:00,SPXW260917C09800000,0.0,0.0,0,0,0,0.5429,0.0,0.0,0.0,9800.0,SPXW260917P09800000,0.0,0.0,0,0,0,0.0,-0.9998,0.0,0.0
2026-09-17 16:00:00,SPXW260917C10000000,0.0,0.0,0,0,0,0.584,0.0,0.0,0.0,10000.0,SPXW260917P10000000,0.0,0.0,0,0,0,0.0,-0.9998,0.0,0.0
2026-09-18 16:00:00,SPX260918C00200000,7465.91,74.36,0,0,2,8.4679,0.9998,0.0,3280.0,200.0,SPX260918P00200000,0.03,0.0,0,0,0,7.284,0.0,0.0,817.0
2026-09-18 16:00:00,SPX260918C00400000,7305.05,0.0,0,0,0,6.8276,0.9998,0.0,396.0,400.0,SPX260918P00400000,0.1,0.0,0,0,0,5.839,0.0,0.0,535.0
2026-09-18 16:00:00,SPX260918C00600000,6834.23,0.0,0,0,0,5.7204,0.9998,0.0,204.0,600.0,SPX260918P00600000,0.05,0.0,0,0,0,5.0158,0.0,0.0,32400.0
2026-09-18 16:00:00,SPX260918C00800000,6868.67,0.0,0,0,0,5.117,0.9998,0.0,346.0,800.0,SPX260918P00800000,0.03,0.0,0,0,0,4.4403,0.0,0.0,42521.0
2026-09-18 16:00:00,SPX260918C01000000,6739.3,0.0,0,0,0,4.4826,0.9998,0.0,357.0,1000.0,SPX260918P01000000,0.03,0.0,0,0,0,3.9982,0.0,0.0,11639.0
2026-09-18 16:00:00,SPX260918C01200000,6463.64,69.5401,0,0,38,4.1345,0.9998,0.0,20.0,1200.0,SPX260918P01200000,0.05,0.0,0,0,0,3.6396,-0.0001,0.0,10666.0
2026-09-18 16:00:00,SPX260918C01400000,5962.04,0.0,0,0,0,3.8355,0.9998,0.0,43.0,1400.0,SPX260918P01400000,0.05,0.0,0,0,0,3.338,-0.0001,0.0,7933.0
2026-09-18 16:00:00,SPXW260918C01400000,6242.0,0.0,0,0,0,4.5308,0.9998,0.0,6.0,1400.0,SPXW260918P01400000,0.05,0.0,0,0,0,3.2725,0.0,0.0,976.0
2026-09-18 16:00:00,SPX260918C01600000,6069.19,0.0,0,0,0,3.4393,0.9998,0.0,38.0,1600.0,SPX260918P01600000,0.05,0.0,0,0,0,3.0773,-0.0001,0.0,9596.0
2026-09-18 16:00:00,SPXW260918C01600000,0.0,0.0,0,0,0,4.1631,0.9998,0.0,0.0,1600.0,SPXW260918P01600000,0.03,0.0,0,0,0,3.0174,0.0,0.0,456.0
2026-09-18 16:00:00,SPX260918C01800000,5905.45,0.0,0,0,0,3.2285,0.9998,0.0,3.0,1800.0,SPX260918P01800000,0.05,0.0,0,0,0,2.8486,-0.0001,0.0,6872.0
2026-09-18 16:00:00,SPXW260918C01800000,5842.4,0.0,0,0,0,3.8619,0.9998,0.0,4.0,1800.0,SPXW260918P01800000,0.1,0.0,0,0,0,2.7931,0.0,0.0,375.0
2026-09-18 16:00:00,SPX260918C02000000,5678.63,0.0,0,0,0,2.8955,0.9997,0.0,926.0,2000.0,SPX260918P02000000,0.03,0.0,0,0,0,2.7565,-0.0001,0.0,5926.0
2026-09-18 16:00:00,SPXW260918C02000000,5641.94,0.0,0,0,0,3.5741,0.9998,0.0,3.0,2000.0,SPXW260918P02000000,0.03,0.0,0,0,0,2.593,-0.0001,0.0,1069.0
2026-09-18 16:00:00,SPX260918C02200000,5473.16,79.21,0,0,4,2.7421,0.9997,0.0,2666.0,2200.0,SPX260918P02200000,0.05,0.0,0,0,0,2.5646,-0.0001,0.0,9849.0
2026-09-18 16:00:00,SPXW260918C02200000,5544.44,0.0,0,0,0,3.3336,0.9998,0.0,4.0,2200.0,SPXW260918P02200000,0.01,0.0,0,0,0,2.4123,-0.0001,0.0,378.0
2026-09-18 16:00:00,SPX260918C02300000,4356.4,0.0,0,0,0,2.6669,0.9997,0.0,18.0,2300.0,SPX260918P02300000,0.15,0.0,0,0,0,2.54,-0.0001,0.0,4505.0
2026-09-18 16:00:00,SPX260918C02400000,0.0,0.0,0,0,0,2.4388,0.9997,0.0,0.0,2400.0,SPX260918P02400000,0.05,0.0,0,0,0,2.2921,-0.0001,0.0,2766.0
2026-09-18 16:00:00,SPXW260918C02400000,0.0,0.0,0,0,0,3.1144,0.9998,0.0,0.0,2400.0,SPXW260918P02400000,0.22,0.0,0,0,0,2.2476,-0.0001,0.0,331.0
2026-09-18 16:00:00,SPX260918C02500000,5180.28,0.0,0,0,0,2.387,0.9997,0.0,1.0,2500.0,SPX260918P02500000,0.03,0.0,0,0,0,2.2134,-0.0001,0.0,12594.0
2026-09-18 16:00:00,SPX260918C02600000,4893.77,0.0,0,0,0,2.3321,0.9997,0.0,2.0,2600.0,SPX260918P02600000,0.05,0.0,0,0,0,2.2877,-0.0001,0.0,3048.0
2026-09-18 16:00:00,SPXW260918C02600000,5101.75,0.0,0,0,0,2.897,0.9998,0.0,1.0,2600.0,SPXW260918P02600000,0.03,0.0,0,0,0,2.0962,-0.0001,0.0,337.0
2026-09-18 16:00:00,SPX260918C02700000,0.0,0.0,0,0,0,2.2754,0.9997,0.0,0.0,2700.0,SPX260918P02700000,0.05,0.0,0,0,0,2.2101,-0.0001,0.0,4105.0
2026-09-18 16:00:00,SPX260918C02800000,0.0,0.0,0,0,0,2.218,0.9997,0.0,0.0,2800.0,SPX260918P02800000,0.08,0.0,0,0,0,1.9949,-0.0001,0.0,6667.0
2026-09-18 16:00:00,SPXW260918C02800000,4853.91,0.0,0,0,0,2.7116,0.9997,0.0,1.0,2800.0,SPXW260918P02800000,0.05,0.0,0,0,0,1.9562,-0.0001,0.0,159.0
2026-09-18 16:00:00,SPX260918C02900000,4766.97,0.0,0,0,0,2.001,0.9997,0.0,15.0,2900.0,SPX260918P02900000,0.08,0.0,0,0,0,1.9273,-0.0001,0.0,4893.0
2026-09-18 16:00:00,SPX260918C03000000,4659.39,0.0,0,0,0,1.9692,0.9997,0.0,9098.0,3000.0,SPX260918P03000000,0.07,0.0,0,0,0,1.9936,-0.0001,0.0,18225.0
2026-09-18 16:00:00,SPXW260918C03000000,4648.36,0.0,0,0,0,2.5247,0.9997,0.0,76.0,3000.0,SPXW260918P03000000,0.05,0.0,0,0,0,1.8258,-0.0001,0.0,1112.0
2026-09-18 16:00:00,SPX260918C03100000,0.0,0.0,0,0,0,1.9308,0.9997,0.0,0.0,3100.0,SPX260918P03100000,0.07,0.0,0,0,0,1.9262,-0.0001,0.0,1178.0
2026-09-18 16:00:00,SPX260918C03200000,4468.34,72.14,0,0,2,1.8885,0.9997,0.0,45.0,3200.0,SPX260918P03200000,0.03,0.005,0,0,2,1.861,-0.0001,0.0,4776.0
2026-09-18 16:00:00,SPXW260918C03200000,4483.22,0.0,0,0,0,2.364,0.9997,0.0,1.0,3200.0,SPXW260918P03200000,0.05,0.0,0,0,0,1.704,-0.0001,0.0,389.0
2026-09-18 16:00:00,SPX260918C03300000,0.0,0.0,0,0,0,1.8438,0.9997,0.0,0.0,3300.0,SPX260918P03300000,0.05,0.0,0,0,0,1.7978,-0.0001,0.0,2161.0
2026-09-18 16:00:00,SPX260918C03400000,4248.88,0.0,0,0,0,1.6176,0.9997,0.0,75.0,3400.0,SPX260918P03400000,0.1,0.0,0,0,0,1.7365,-0.0001,0.0,3883.0
2026-09-18 16:00:00,SPXW260918C03400000,0.0,0.0,0,0,0,2.1999,0.9997,0.0,0.0,3400.0,SPXW260918P03400000,0.05,0.0,0,0,0,1.5894,-0.0001,0.0,31.0
2026-09-18 16:00:00,SPX260918C03450000,0.0,0.0,0,0,0,1.7168,0.9997,0.0,0.0,3450.0,SPX260918P03450000,0.05,0.025,0,0,8,1.7065,-0.0001,0.0,1808.0
2026-09-18 16:00:00,SPX260918C03500000,3955.71,0.0,0,0,0,1.6097,0.9997,0.0,6.0,3500.0,SPX260918P03500000,0.05,0.0,0,0,0,1.6769,-0.0001,0.0,7091.0
2026-09-18 16:00:00,SPXW260918C03500000,0.0,0.0,0,0,0,2.128,0.9997,0.0,0.0,3500.0,SPXW260918P03500000,0.2,0.0,0,0,0,1.5346,-0.0001,0.0,855.0
2026-09-18 16:00:00,SPX260918C03550000,0.0,0.0,0,0,0,1.6775,0.9997,0.0,0.0,3550.0,SPX260918P03550000,0.05,0.0,0,0,0,1.6477,-0.0001,0.0,692.0
2026-09-18 16:00:00,SPX260918C03600000,3920.99,0.0,0,0,0,1.5869,0.9997,0.0,1.0,3600.0,SPX260918P03600000,0.05,0.0,0,0,0,1.619,-0.0001,0.0,4147.0
2026-09-18 16:00:00,SPXW260918C03600000,0.0,0.0,0,0,0,2.058,0.9997,0.0,0.0,3600.0,SPXW260918P03600000,0.05,0.0,0,0,0,1.4814,-0.0001,0.0,328.0
2026-09-18 16:00:00,SPX260918C03650000,3856.76,0.0,0,0,0,1.4292,0.9997,0.0,0.0,3650.0,SPX260918P03650000,0.1,0.0,0,0,0,1.5906,-0.0001,0.0,698.0
2026-09-18 16:00:00,SPX260918C03700000,3918.16,0.0,0,0,0,1.5568,0.9997,0.0,1.0,3700.0,SPX260918P03700000,0.05,0.0,0,0,0,1.5626,-0.0001,0.0,4860.0
2026-09-18 16:00:00,SPXW260918C03700000,0.0,0.0,0,0,0,1.9898,0.9997,0.0,0.0,3700.0,SPXW260918P03700000,0.03,0.0,0,0,0,1.4296,-0.0001,0.0,980.0
2026-09-18 16:00:00,SPX260918C03750000,0.0,0.0,0,0,0,1.4435,0.9997,0.0,0.0,3750.0,SPX260918P03750000,0.1,0.0,0,0,0,1.535,-0.0001,0.0,2305.0
2026-09-18 16:00:00,SPX260918C03800000,3889.0,0.0,0,0,0,1.5224,0.9997,0.0,3.0,3800.0,SPX260918P03800000,0.05,0.0,0,0,0,1.5078,-0.0001,0.0,3601.0
2026-09-18 16:00:00,SPXW260918C03800000,0.0,0.0,0,0,0,1.9232,0.9997,0.0,0.0,3800.0,SPXW260918P03800000,0.05,0.0,0,0,0,1.3792,-0.0001,0.0,3829.0
2026-09-18 16:00:00,SPX260918C03850000,0.0,0.0,0,0,0,1.4304,0.9997,0.0,0.0,3850.0,SPX260918P03850000,0.15,0.0,0,0,0,1.4808,-0.0001,0.0,2405.0
2026-09-18 16:00:00,SPX260918C03900000,2281.71,0.0,0,0,0,1.1799,0.9997,0.0,0.0,3900.0,SPX260918P03900000,0.05,0.0,0,0,0,1.4543,-0.0002,0.0,2415.0
2026-09-18 16:00:00,SPXW260918C03900000,0.0,0.0,0,0,0,1.8584,0.9997,0.0,0.0,3900.0,SPXW260918P03900000,0.03,0.0,0,0,0,1.3884,-0.0001,0.0,1706.0
2026-09-18 16:00:00,SPX260918C03950000,3672.06,0.0,0,0,0,1.4065,0.9996,0.0,1.0,3950.0,SPX260918P03950000,0.15,0.0,0,0,0,1.428,-0.0002,0.0,1595.0
2026-09-18 16:00:00,SPX260918C03975000,0.0,0.0,0,0,0,1.355,0.9996,0.0,0.0,3975.0,SPX260918P03975000,0.1,0.0,0,0,0,1.415,-0.0002,0.0,1019.0
2026-09-18 16:00:00,SPX260918C04000000,3727.33,0.0,0,0,0,1.2797,0.9996,0.0,2655.0,4000.0,SPX260918P04000000,0.05,0.0,0,0,0,1.4021,-0.0002,0.0,12558.0
2026-09-18 16:00:00,SPXW260918C04000000,3620.85,0.0,0,0,0,1.7843,0.9997,0.0,32.0,4000.0,SPXW260918P04000000,0.05,0.0,0,0,0,1.3385,-0.0002,0.0,1351.0
2026-09-18 16:00:00,SPX260918C04025000,0.0,0.0,0,0,0,0.0,0.9996,0.0,0.0,4025.0,SPX260918P04025000,0.15,0.0,0,0,0,1.3893,-0.0002,0.0,1351.0
2026-09-18 16:00:00,SPX260918C04050000,0.0,0.0,0,0,0,1.3769,0.9996,0.0,0.0,4050.0,SPX260918P04050000,0.05,0.0,0,0,0,1.3765,-0.0002,0.0,1472.0
2026-09-18 16:00:00,SPX260918C04075000,3437.91,0.0,0,0,0,1.3345,0.9996,0.0,0.0,4075.0,SPX260918P04075000,0.12,0.0,0,0,0,1.3638,-0.0002,0.0,1102.0
2026-09-18 16:00:00,SPX260918C04100000,0.0,0.0,0,0,0,1.2811,0.9996,0.0,0.0,4100.0,SPX260918P04100000,0.1,0.0,0,0,0,1.3512,-0.0002,0.0,4628.0
2026-09-18 16:00:00,SPXW260918C04100000,0.0,0.0,0,0,0,1.7228,0.9997,0.0,0.0,4100.0,SPXW260918P04100000,0.1,0.0,0,0,0,1.2898,-0.0002,0.0,1214.0
2026-09-18 16:00:00,SPX260918C04125000,0.0,0.0,0,0,0,1.1948,0.9996,0.0,0.0,4125.0,SPX260918P04125000,0.1,0.0,0,0,0,1.3387,-0.0002,0.0,1020.0
2026-09-18 16:00:00,SPX260918C04150000,2481.33,0.0,0,0,0,0.0,0.9996,0.0,2.0,4150.0,SPX260918P04150000,0.05,0.0,0,0,0,1.3262,-0.0002,0.0,1366.0
2026-09-18 16:00:00,SPX260918C04175000,0.0,0.0,0,0,0,1.3074,0.9996,0.0,0.0,4175.0,SPX260918P04175000,0.05,0.0,0,0,0,1.3138,-0.0002,0.0,1026.0
2026-09-18 16:00:00,SPX260918C04200000,3388.08,0.0,0,0,0,1.2644,0.9996,0.0,2.0,4200.0,SPX260918P04200000,0.05,0.0,0,0,0,1.3015,-0.0002,0.0,5400.0
2026-09-18 16:00:00,SPXW260918C04200000,3439.0,0.0,0,0,0,1.6626,0.9996,0.0,1.0,4200.0,SPXW260918P04200000,0.05,0.0,0,0,0,1.2763,-0.0002,0.0,1126.0
2026-09-18 16:00:00,SPX260918C04225000,0.0,0.0,0,0,0,1.2082,0.9996,0.0,0.0,4225.0,SPX260918P04225000,0.05,0.0,0,0,0,1.2892,-0.0002,0.0,902.0
2026-09-18 16:00:00,SPX260918C04250000,2523.38,0.0,0,0,0,1.1002,0.9996,0.0,0.0,4250.0,SPX260918P04250000,0.1,0.0,0,0,0,1.2771,-0.0002,0.0,1641.0
2026-09-18 16:00:00,SPX260918C04275000,2391.93,0.0,0,0,0,0.0,0.9996,0.0,3.0,4275.0,SPX260918P04275000,0.1,0.0,0,0,0,1.265,-0.0002,0.0,1102.0
2026-09-18 16:00:00,SPX260918C04300000,3465.92,0.0,0,0,0,1.2397,0.9996,0.0,21.0,4300.0,SPX260918P04300000,0.1,0.0,0,0,0,1.2529,-0.0002,0.0,4269.0
2026-09-18 16:00:00,SPXW260918C04300000,0.0,0.0,0,0,0,1.6037,0.9996,0.0,0.0,4300.0,SPXW260918P04300000,0.05,0.0,0,0,0,1.2287,-0.0002,0.0,662.0
2026-09-18 16:00:00,SPX260918C04325000,0.0,0.0,0,0,0,1.196,0.9996,0.0,0.0,4325.0,SPX260918P04325000,0.1,0.0,0,0,0,1.2409,-0.0002,0.0,1032.0
2026-09-18 16:00:00,SPX260918C04350000,0.0,0.0,0,0,0,1.1357,0.9996,0.0,0.0,4350.0,SPX260918P04350000,0.1,0.0,0,0,0,1.229,-0.0002,0.0,2240.0
2026-09-18 16:00:00,SPX260918C04375000,0.0,0.0,0,0,0,0.9358,0.9996,0.0,0.0,4375.0,SPX260918P04375000,0.1,0.0,0,0,0,1.2172,-0.0002,0.0,1119.0
2026-09-18 16:00:00,SPX260918C04400000,3127.74,0.0,0,0,0,1.2105,0.9996,0.0,364.0,4400.0,SPX260918P04400000,0.1,0.0,0,0,0,1.2054,-0.0002,0.0,7584.0
2026-09-18 16:00:00,SPXW260918C04400000,0.0,0.0,0,0,0,1.546,0.9996,0.0,0.0,4400.0,SPXW260918P04400000,0.05,0.0,0,0,5,1.1013,-0.0002,0.0,1241.0
2026-09-18 16:00:00,SPX260918C04425000,0.0,0.0,0,0,0,1.1739,0.9996,0.0,0.0,4425.0,SPX260918P04425000,0.1,0.0,0,0,0,1.1937,-0.0002,0.0,888.0
2026-09-18 16:00:00,SPX260918C04450000,3020.65,0.0,0,0,0,1.1289,0.9996,0.0,320.0,4450.0,SPX260918P04450000,0.1,0.0,0,0,0,1.182,-0.0002,0.0,2373.0
2026-09-18 16:00:00,SPX260918C04475000,0.0,0.0,0,0,0,1.0624,0.9996,0.0,0.0,4475.0,SPX260918P04475000,0.1,0.0,0,0,0,1.1942,-0.0002,0.0,1537.0
2026-09-18 16:00:00,SPX260918C04500000,3038.41,0.0,0,0,0,0.0,0.9996,0.0,78.0,4500.0,SPX260918P04500000,0.1,0.0,0,0,0,1.1589,-0.0002,0.0,8356.0
2026-09-18 16:00:00,SPXW260918C04500000,3136.26,0.0,0,0,0,1.4895,0.9996,0.0,27.0,4500.0,SPXW260918P04500000,0.05,0.0,0,0,56,1.1365,-0.0002,0.0,1418.0
2026-09-18 16:00:00,SPX260918C04525000,0.0,0.0,0,0,0,1.1466,0.9996,0.0,0.0,4525.0,SPX260918P04525000,0.1,0.0,0,0,0,1.1708,-0.0002,0.0,1255.0
2026-09-18 16:00:00,SPX260918C04550000,1703.05,0.0,0,0,0,1.1097,0.9996,0.0,1.0,4550.0,SPX260918P04550000,0.1,0.0,0,0,0,1.136,-0.0002,0.0,1194.0
2026-09-18 16:00:00,SPX260918C04575000,0.0,0.0,0,0,0,1.063,0.9996,0.0,0.0,4575.0,SPX260918P04575000,0.1,0.0,0,0,0,1.1476,-0.0003,0.0,1238.0
2026-09-18 16:00:00,SPX260918C04600000,3060.54,0.0,0,0,0,0.9861,0.9996,0.0,10.0,4600.0,SPX260918P04600000,0.1,0.0,0,0,0,1.1134,-0.0003,0.0,3789.0
2026-09-18 16:00:00,SPXW260918C04600000,3131.23,0.0,0,0,0,1.4252,0.9996,0.0,2.0,4600.0,SPXW260918P04600000,0.05,-0.025,0,0,1530,1.0919,-0.0003,0.0,2347.0
2026-09-18 16:00:00,SPX260918C04625000,0.0,0.0,0,0,0,0.0,0.9995,0.0,0.0,4625.0,SPX260918P04625000,0.05,0.0,0,0,0,1.1247,-0.0003,0.0,1134.0
2026-09-18 16:00:00,SPX260918C04650000,0.0,0.0,0,0,0,1.0843,0.9995,0.0,0.0,4650.0,SPX260918P04650000,0.05,0.0,0,0,0,1.091,-0.0003,0.0,3015.0
2026-09-18 16:00:00,SPXW260918C04650000,0.0,0.0,0,0,0,1.4024,0.9996,0.0,0.0,4650.0,SPXW260918P04650000,0.05,0.05,0,0,1500,1.0699,-0.0003,0.0,1500.0
2026-09-18 16:00:00,SPX260918C04675000,0.0,0.0,0,0,0,1.047,0.9995,0.0,0.0,4675.0,SPX260918P04675000,0.15,0.0,0,0,0,1.102,-0.0003,0.0,1312.0
2026-09-18 16:00:00,SPX260918C04700000,2816.53,0.0,0,0,0,0.9979,0.9995,0.0,2.0,4700.0,SPX260918P04700000,0.05,0.0,0,0,0,1.0688,-0.0003,0.0,3944.0
2026-09-18 16:00:00,SPXW260918C04700000,0.0,0.0,0,0,0,1.3712,0.9995,0.0,0.0,4700.0,SPXW260918P04700000,0.05,-0.025,0,0,5,1.0482,-0.0003,0.0,327.0
2026-09-18 16:00:00,SPX260918C04725000,2835.67,0.0,0,0,0,0.899,0.9995,0.0,1.0,4725.0,SPX260918P04725000,0.1,0.0,0,0,0,1.0795,-0.0003,0.0,958.0
2026-09-18 16:00:00,SPX260918C04750000,0.0,0.0,0,0,0,1.0553,0.9995,0.0,0.0,4750.0,SPX260918P04750000,0.1,0.0,0,0,0,1.0469,-0.0003,0.0,5498.0
2026-09-18 16:00:00,SPXW260918C04750000,0.0,0.0,0,0,0,1.3487,0.9995,0.0,0.0,4750.0,SPXW260918P04750000,0.0,0.0,0,0,0,1.0266,-0.0003,0.0,0.0
2026-09-18 16:00:00,SPX260918C04775000,0.0,0.0,0,0,0,1.0236,0.9995,0.0,0.0,4775.0,SPX260918P04775000,0.1,0.0,0,0,0,1.0573,-0.0003,0.0,1549.0
2026-09-18 16:00:00,SPX260918C04800000,2862.44,64.44,0,0,3,0.9856,0.9995,0.0,406.0,4800.0,SPX260918P04800000,0.05,-0.025,0,0,10,1.0251,-0.0003,0.0,4504.0
2026-09-18 16:00:00,SPXW260918C04800000,0.0,0.0,0,0,0,1.3181,0.9995,0.0,0.0,4800.0,SPXW260918P04800000,0.05,-0.05,0,0,5,1.0053,-0.0003,0.0,376.0
2026-09-18 16:00:00,SPX260918C04825000,2121.44,0.0,0,0,0,0.9329,0.9995,0.0,1.0,4825.0,SPX260918P04825000,0.1,0.0,0,0,0,1.0352,-0.0004,0.0,1188.0
2026-09-18 16:00:00,SPX260918C04850000,2662.41,0.0,0,0,0,0.0,0.9995,0.0,330.0,4850.0,SPX260918P04850000,0.1,0.025,0,0,2,1.0036,-0.0004,0.0,3662.0
2026-09-18 16:00:00,SPXW260918C04850000,0.0,0.0,0,0,0,1.2959,0.9995,0.0,0.0,4850.0,SPXW260918P04850000,0.0,0.0,0,0,0,0.9842,-0.0004,0.0,0.0
2026-09-18 16:00:00,SPX260918C04875000,2817.88,0.0,0,0,0,0.9961,0.9994,0.0,17.0,4875.0,SPX260918P04875000,0.1,0.025,0,0,2,1.0134,-0.0004,0.0,1654.0
2026-09-18 16:00:00,SPX260918C04900000,2764.39,67.74,0,0,8,0.9644,0.9994,0.0,4.0,4900.0,SPX260918P04900000,0.1,0.025,0,0,7,0.9823,-0.0004,0.0,4308.0
2026-09-18 16:00:00,SPXW260918C04900000,2707.06,0.0,0,0,0,1.2659,0.9994,0.0,1.0,4900.0,SPXW260918P04900000,0.05,-0.05,0,0,5,0.9994,-0.0004,0.0,346.0
2026-09-18 16:00:00,SPX260918C04925000,2721.77,0.0,0,0,0,0.9253,0.9994,0.0,3.0,4925.0,SPX260918P04925000,0.05,0.0,0,0,0,1.0224,-0.0004,0.0,890.0
2026-09-18 16:00:00,SPX260918C04950000,2648.0,0.0,0,0,0,0.8671,0.9994,0.0,156.0,4950.0,SPX260918P04950000,0.05,0.0,0,0,0,0.9973,-0.0004,0.0,1664.0
2026-09-18 16:00:00,SPXW260918C04950000,2694.2,0.0,0,0,0,1.244,0.9994,0.0,20.0,4950.0,SPXW260918P04950000,0.05,-0.05,0,0,3000,0.978,-0.0004,0.0,3128.0
2026-09-18 16:00:00,SPX260918C04975000,1893.83,0.0,0,0,0,0.9662,0.9994,0.0,1.0,4975.0,SPX260918P04975000,0.1,0.0,0,0,0,1.0001,-0.0004,0.0,1520.0
2026-09-18 16:00:00,SPX260918C05000000,2671.1,73.8999,0,0,1,1.0655,0.9994,0.0,39451.0,5000.0,SPX260918P05000000,0.1,0.0,0,0,0,0.9597,-0.0004,0.0,53843.0
2026-09-18 16:00:00,SPXW260918C05000000,2646.4,0.0,0,0,0,1.2146,0.9994,0.0,224.0,5000.0,SPXW260918P05000000,0.1,-0.025,0,0,1261,0.9568,-0.0005,0.0,1991.0
2026-09-18 16:00:00,SPX260918C05025000,2740.44,0.0,0,0,0,0.9065,0.9994,0.0,1.0,5025.0,SPX260918P05025000,0.05,0.0,0,0,0,0.9783,-0.0004,0.0,863.0
2026-09-18 16:00:00,SPX260918C05050000,2535.49,0.0,0,0,0,0.866,0.9993,0.0,91.0,5050.0,SPX260918P05050000,0.05,0.0,0,0,0,0.9542,-0.0005,0.0,1872.0
2026-09-18 16:00:00,SPXW260918C05050000,0.0,0.0,0,0,0,1.193,0.9993,0.0,0.0,5050.0,SPXW260918P05050000,0.1,-0.05,0,0,9,0.9358,-0.0005,0.0,354.0
2026-09-18 16:00:00,SPX260918C05075000,0.0,0.0,0,0,0,0.9345,0.9993,0.0,0.0,5075.0,SPX260918P05075000,0.05,0.0,0,0,0,0.9567,-0.0005,0.0,2135.0
2026-09-18 16:00:00,SPX260918C05100000,1820.46,0.0,0,0,0,0.9096,0.9993,0.0,16.0,5100.0,SPX260918P05100000,0.1,0.0,0,0,0,0.933,-0.0005,0.0,9276.0
2026-09-18 16:00:00,SPXW260918C05100000,0.0,0.0,0,0,0,1.1642,0.9993,0.0,0.0,5100.0,SPXW260918P05100000,0.1,-0.05,0,0,331,0.915,-0.0005,0.0,1071.0
2026-09-18 16:00:00,SPX260918C05125000,0.0,0.0,0,0,0,0.8821,0.9993,0.0,0.0,5125.0,SPX260918P05125000,0.05,0.0,0,0,0,0.9353,-0.0005,0.0,3291.0
2026-09-18 16:00:00,SPX260918C05150000,2613.19,0.0,0,0,0,0.8498,0.9993,0.0,172.0,5150.0,SPX260918P05150000,0.1,0.0,0,0,0,0.9246,-0.0006,0.0,4825.0
2026-09-18 16:00:00,SPXW260918C05150000,2550.88,0.0,0,0,0,1.1428,0.9992,0.0,2.0,5150.0,SPXW260918P05150000,0.1,-0.05,0,0,81,0.8943,-0.0006,0.0,295.0
2026-09-18 16:00:00,SPX260918C05175000,1675.83,0.0,0,0,0,0.8074,0.9992,0.0,3.0,5175.0,SPX260918P05175000,0.25,0.0,0,0,0,0.9141,-0.0006,0.0,1813.0
2026-09-18 16:00:00,SPX260918C05200000,2493.52,0.0,0,0,0,0.879,0.9992,0.0,157.0,5200.0,SPX260918P05200000,0.05,0.0,0,0,0,0.891,-0.0006,0.0,9179.0
2026-09-18 16:00:00,SPXW260918C05200000,2454.18,56.9799,0,0,1,1.1145,0.9992,0.0,1.0,5200.0,SPXW260918P05200000,0.15,0.0,0,0,476,0.8968,-0.0006,0.0,1470.0
2026-09-18 16:00:00,SPX260918C05225000,0.0,0.0,0,0,0,0.8545,0.9992,0.0,0.0,5225.0,SPX260918P05225000,0.15,0.0,0,0,0,0.893,-0.0006,0.0,1017.0
2026-09-18 16:00:00,SPX260918C05250000,2368.08,0.0,0,0,0,0.8271,0.9992,0.0,5.0,5250.0,SPX260918P05250000,0.15,0.0,0,0,0,0.8704,-0.0006,0.0,3922.0
2026-09-18 16:00:00,SPXW260918C05250000,2425.03,77.63,0,0,1,1.0934,0.9992,0.0,3.0,5250.0,SPXW260918P05250000,0.12,-0.03,0,0,205,0.8761,-0.0007,0.0,1678.0
2026-09-18 16:00:00,SPX260918C05275000,0.0,0.0,0,0,0,0.7943,0.9992,0.0,0.0,5275.0,SPX260918P05275000,0.05,0.0,0,0,0,0.8828,-0.0007,0.0,3637.0
2026-09-18 16:00:00,SPX260918C05300000,2458.83,0.0,0,0,0,0.8471,0.9991,0.0,2.0,5300.0,SPX260918P05300000,0.1,0.0,0,0,0,0.8723,-0.0007,0.0,13373.0
2026-09-18 16:00:00,SPXW260918C05300000,2383.81,0.0,0,0,0,1.0656,0.9991,0.0,3.0,5300.0,SPXW260918P05300000,0.1,-0.1,0,0,35,0.8555,-0.0007,0.0,838.0
2026-09-18 16:00:00,SPX260918C05325000,0.0,0.0,0,0,0,0.8249,0.9991,0.0,0.0,5325.0,SPX260918P05325000,0.05,0.0,0,0,0,0.8619,-0.0007,0.0,2222.0
2026-09-18 16:00:00,SPX260918C05350000,2114.14,0.0,0,0,0,0.8007,0.9991,0.0,3.0,5350.0,SPX260918P05350000,0.1,-0.075,0,0,230,0.8515,-0.0008,0.0,2773.0
2026-09-18 16:00:00,SPXW260918C05350000,0.0,0.0,0,0,0,1.0446,0.999,0.0,0.0,5350.0,SPXW260918P05350000,0.15,-0.05,0,0,91,0.8351,-0.0008,0.0,273.0
2026-09-18 16:00:00,SPX260918C05375000,2182.39,0.0,0,0,0,0.7733,0.999,0.0,3.0,5375.0,SPX260918P05375000,0.1,-0.075,0,0,104,0.831,-0.0008,0.0,1010.0
2026-09-18 16:00:00,SPX260918C05400000,2233.0,0.0,0,0,0,0.8143,0.999,0.0,518.0,5400.0,SPX260918P05400000,0.15,-0.05,0,0,216,0.8208,-0.0008,0.0,6169.0
2026-09-18 16:00:00,SPXW260918C05400000,2309.87,0.0,0,0,0,1.0174,0.999,0.0,1.0,5400.0,SPXW260918P05400000,0.13,-0.07,0,0,220,0.8148,-0.0009,0.0,1969.0
2026-09-18 16:00:00,SPX260918C05425000,1353.98,0.0,0,0,0,0.7938,0.999,0.0,1.0,5425.0,SPX260918P05425000,0.15,-0.05,0,0,13,0.8206,-0.0008,0.0,981.0
2026-09-18 16:00:00,SPX260918C05450000,2132.25,0.0,0,0,0,0.772,0.9989,0.0,5.0,5450.0,SPX260918P05450000,0.1,0.0,0,0,0,0.8005,-0.0009,0.0,4387.0
2026-09-18 16:00:00,SPXW260918C05450000,0.0,0.0,0,0,0,0.9966,0.9989,0.0,0.0,5450.0,SPXW260918P05450000,0.15,-0.1,0,0,289,0.8112,-0.001,0.0,471.0
2026-09-18 16:00:00,SPX260918C05475000,0.0,0.0,0,0,0,0.7481,0.9989,0.0,0.0,5475.0,SPX260918P05475000,0.1,0.0,0,0,0,0.8002,-0.0009,0.0,1229.0
2026-09-18 16:00:00,SPX260918C05500000,2132.5,0.0,0,0,0,0.7809,0.9989,0.0,47.0,5500.0,SPX260918P05500000,0.12,-0.105,0,0,5,0.8064,-0.001,0.0,12987.0
2026-09-18 16:00:00,SPXW260918C05500000,2147.1,0.0,0,0,0,0.9699,0.9988,0.0,75.0,5500.0,SPXW260918P05500000,0.2,-0.05,0,0,1290,0.7909,-0.001,0.0,1830.0
2026-09-18 16:00:00,SPX260918C05525000,2184.2,0.0,0,0,0,0.7618,0.9988,0.0,5.0,5525.0,SPX260918P05525000,0.17,-0.055,0,0,2,0.7961,-0.001,0.0,4378.0
2026-09-18 16:00:00,SPX260918C05550000,2004.1,0.0,0,0,0,0.7418,0.9988,0.0,5.0,5550.0,SPX260918P05550000,0.15,0.0,0,0,0,0.7783,-0.001,0.0,3691.0
2026-09-18 16:00:00,SPXW260918C05550000,2197.78,0.0,0,0,0,0.9493,0.9987,0.0,1.0,5550.0,SPXW260918P05550000,0.2,-0.1,0,0,612,0.7708,-0.0012,0.0,1182.0
2026-09-18 16:00:00,SPX260918C05575000,0.0,0.0,0,0,0,0.7204,0.9987,0.0,0.0,5575.0,SPX260918P05575000,0.15,-0.125,0,0,300,0.7682,-0.0011,0.0,2572.0
2026-09-18 16:00:00,SPX260918C05600000,2043.49,0.0,0,0,0,0.747,0.9987,0.0,265.0,5600.0,SPX260918P05600000,0.2,0.0,0,0,0,0.7655,-0.0011,0.0,12019.0
2026-09-18 16:00:00,SPXW260918C05600000,2053.22,0.0,0,0,0,0.923,0.9986,0.0,1.0,5600.0,SPXW260918P05600000,0.2,-0.1,0,0,684,0.7636,-0.0012,0.0,2639.0
2026-09-18 16:00:00,SPX260918C05610000,2058.28,0.0,0,0,0,0.7399,0.9987,0.0,1.0,5610.0,SPX260918P05610000,0.4,0.0,0,0,0,0.7614,-0.0012,0.0,832.0
2026-09-18 16:00:00,SPX260918C05620000,0.0,0.0,0,0,0,0.7327,0.9986,0.0,0.0,5620.0,SPX260918P05620000,0.4,0.0,0,0,0,0.7574,-0.0012,0.0,243.0
2026-09-18 16:00:00,SPX260918C05625000,1333.5,0.0,0,0,0,0.7291,0.9986,0.0,1.0,5625.0,SPX260918P05625000,0.2,0.0,0,0,0,0.7554,-0.0012,0.0,1389.0
2026-09-18 16:00:00,SPX260918C05630000,0.0,0.0,0,0,0,0.7254,0.9986,0.0,0.0,5630.0,SPX260918P05630000,0.28,0.0,0,0,0,0.7534,-0.0012,0.0,189.0
2026-09-18 16:00:00,SPX260918C05640000,0.0,0.0,0,0,0,0.7181,0.9986,0.0,0.0,5640.0,SPX260918P05640000,0.7,0.0,0,0,0,0.7493,-0.0012,0.0,374.0
2026-09-18 16:00:00,SPX260918C05650000,2072.25,0.0,0,0,0,0.7105,0.9986,0.0,131.0,5650.0,SPX260918P05650000,0.15,0.0,0,0,0,0.7453,-0.0012,0.0,2395.0
2026-09-18 16:00:00,SPXW260918C05650000,2044.14,0.0,0,0,0,0.9025,0.9985,0.0,1.0,5650.0,SPXW260918P05650000,0.25,-0.1,0,0,2,0.7435,-0.0014,0.0,351.0
2026-09-18 16:00:00,SPX260918C05660000,0.0,0.0,0,0,0,0.7028,0.9986,0.0,0.0,5660.0,SPX260918P05660000,0.2,-0.1,0,0,144,0.7481,-0.0013,0.0,711.0
2026-09-18 16:00:00,SPX260918C05670000,0.0,0.0,0,0,0,0.695,0.9985,0.0,0.0,5670.0,SPX260918P05670000,0.45,0.0,0,0,0,0.7441,-0.0013,0.0,392.0
2026-09-18 16:00:00,SPX260918C05675000,1241.23,0.0,0,0,0,0.7291,0.9985,0.0,70.0,5675.0,SPX260918P05675000,0.2,0.0,0,0,0,0.748,-0.0013,0.0,767.0
2026-09-18 16:00:00,SPX260918C05680000,0.0,0.0,0,0,0,0.7259,0.9985,0.0,0.0,5680.0,SPX260918P05680000,0.28,0.0,0,0,0,0.7459,-0.0013,0.0,234.0
2026-09-18 16:00:00,SPX260918C05690000,0.0,0.0,0,0,0,0.7193,0.9985,0.0,0.0,5690.0,SPX260918P05690000,0.9,0.0,0,0,0,0.7418,-0.0013,0.0,343.0
2026-09-18 16:00:00,SPX260918C05700000,1990.98,0.0,0,0,0,0.7127,0.9985,0.0,87.0,5700.0,SPX260918P05700000,0.19,-0.135,0,0,5802,0.7317,-0.0014,0.0,17996.0
2026-09-18 16:00:00,SPXW260918C05700000,1976.51,78.16,0,0,1,0.8767,0.9983,0.0,132.0,5700.0,SPXW260918P05700000,0.25,-0.1,0,0,114,0.7236,-0.0015,0.0,697.0
2026-09-18 16:00:00,SPX260918C05710000,0.0,0.0,0,0,0,0.706,0.9984,0.0,0.0,5710.0,SPX260918P05710000,0.17,-0.155,0,0,55,0.7277,-0.0014,0.0,371.0
2026-09-18 16:00:00,SPX260918C05720000,0.0,0.0,0,0,0,0.6993,0.9984,0.0,0.0,5720.0,SPX260918P05720000,0.3,-0.025,0,0,58,0.7237,-0.0014,0.0,208.0
2026-09-18 16:00:00,SPX260918C05725000,1006.5,0.0,0,0,0,0.6959,0.9984,0.0,3.0,5725.0,SPX260918P05725000,0.25,-0.075,0,0,29,0.7276,-0.0014,0.0,621.0
2026-09-18 16:00:00,SPXW260918C05725000,0.0,0.0,0,0,0,0.8692,0.9983,0.0,0.0,5725.0,SPXW260918P05725000,0.25,0.25,0,0,28,0.7242,-0.0016,0.0,28.0
2026-09-18 16:00:00,SPX260918C05730000,0.0,0.0,0,0,0,0.6924,0.9984,0.0,0.0,5730.0,SPX260918P05730000,0.95,0.0,0,0,0,0.7256,-0.0014,0.0,406.0
2026-09-18 16:00:00,SPX260918C05740000,0.0,0.0,0,0,0,0.6855,0.9984,0.0,0.0,5740.0,SPX260918P05740000,0.33,0.0,0,0,0,0.7216,-0.0014,0.0,260.0
2026-09-18 16:00:00,SPX260918C05750000,1845.9,0.0,0,0,0,0.6785,0.9984,0.0,6.0,5750.0,SPX260918P05750000,0.37,0.0,0,0,0,0.7175,-0.0015,0.0,3591.0
2026-09-18 16:00:00,SPXW260918C05750000,1918.37,0.0,0,0,0,0.8564,0.9982,0.0,31.0,5750.0,SPXW260918P05750000,0.25,-0.15,0,0,24,0.7142,-0.0016,0.0,380.0
2026-09-18 16:00:00,SPX260918C05760000,0.0,0.0,0,0,0,0.6713,0.9983,0.0,0.0,5760.0,SPX260918P05760000,0.34,0.0,0,0,0,0.7135,-0.0015,0.0,487.0
2026-09-18 16:00:00,SPX260918C05770000,0.0,0.0,0,0,0,0.697,0.9983,0.0,0.0,5770.0,SPX260918P05770000,0.35,0.0,0,0,0,0.7095,-0.0015,0.0,405.0
2026-09-18 16:00:00,SPX260918C05775000,1333.7,0.0,0,0,0,0.6939,0.9983,0.0,4.0,5775.0,SPX260918P05775000,0.2,0.0,0,0,0,0.7075,-0.0015,0.0,1316.0
2026-09-18 16:00:00,SPXW260918C05775000,0.0,0.0,0,0,0,0.8436,0.9981,0.0,0.0,5775.0,SPXW260918P05775000,0.25,0.25,0,0,8,0.7042,-0.0017,0.0,8.0
2026-09-18 16:00:00,SPX260918C05780000,0.0,0.0,0,0,0,0.6908,0.9983,0.0,0.0,5780.0,SPX260918P05780000,0.34,0.0,0,0,0,0.7055,-0.0016,0.0,234.0
2026-09-18 16:00:00,SPX260918C05790000,1712.03,0.0,0,0,0,0.6845,0.9982,0.0,2.0,5790.0,SPX260918P05790000,1.5,0.0,0,0,0,0.7014,-0.0016,0.0,466.0
2026-09-18 16:00:00,SPX260918C05800000,1891.08,0.0,0,0,0,0.6782,0.9982,0.0,135.0,5800.0,SPX260918P05800000,0.2,-0.175,0,0,300,0.6974,-0.0016,0.0,10224.0
2026-09-18 16:00:00,SPXW260918C05800000,1790.63,0.0,0,0,0,0.831,0.998,0.0,31.0,5800.0,SPXW260918P05800000,0.3,-0.15,0,0,223,0.6942,-0.0018,0.0,1744.0
2026-09-18 16:00:00,SPX260918C05810000,0.0,0.0,0,0,0,0.6719,0.9982,0.0,0.0,5810.0,SPX260918P05810000,0.34,0.0,0,0,0,0.699,-0.0016,0.0,377.0
2026-09-18 16:00:00,SPX260918C05820000,0.0,0.0,0,0,0,0.6655,0.9982,0.0,0.0,5820.0,SPX260918P05820000,1.55,0.0,0,0,0,0.6998,-0.0016,0.0,301.0
2026-09-18 16:00:00,SPX260918C05825000,957.0,0.0,0,0,0,0.6622,0.9982,0.0,6.0,5825.0,SPX260918P05825000,0.3,0.0,0,0,0,0.6977,-0.0017,0.0,1474.0
2026-09-18 16:00:00,SPXW260918C05825000,0.0,0.0,0,0,0,0.8234,0.998,0.0,0.0,5825.0,SPXW260918P05825000,0.3,0.3,0,0,37,0.6843,-0.0019,0.0,37.0
2026-09-18 16:00:00,SPX260918C05830000,0.0,0.0,0,0,0,0.659,0.9981,0.0,0.0,5830.0,SPX260918P05830000,0.32,0.0,0,0,0,0.6957,-0.0017,0.0,321.0
2026-09-18 16:00:00,SPX260918C05840000,0.0,0.0,0,0,0,0.6525,0.9981,0.0,0.0,5840.0,SPX260918P05840000,0.2,-0.225,0,0,473,0.6867,-0.0017,0.0,14201.0
2026-09-18 16:00:00,SPX260918C05850000,1794.92,0.0,0,0,0,0.6733,0.9981,0.0,44.0,5850.0,SPX260918P05850000,0.35,0.0,0,0,0,0.6876,-0.0017,0.0,5051.0
2026-09-18 16:00:00,SPXW260918C05850000,1815.65,67.65,0,0,1,0.8108,0.9979,0.0,1.0,5850.0,SPXW260918P05850000,0.3,-0.175,0,0,40,0.6832,-0.0019,0.0,921.0
2026-09-18 16:00:00,SPX260918C05860000,0.0,0.0,0,0,0,0.6674,0.998,0.0,0.0,5860.0,SPX260918P05860000,0.2,-0.225,0,0,1,0.6836,-0.0018,0.0,600.0
2026-09-18 16:00:00,SPX260918C05870000,1847.51,0.0,0,0,0,0.6615,0.998,0.0,1.0,5870.0,SPX260918P05870000,0.15,-0.3,0,0,1,0.6796,-0.0018,0.0,1469.0
2026-09-18 16:00:00,SPX260918C05875000,1222.04,0.0,0,0,0,0.6585,0.998,0.0,7.0,5875.0,SPX260918P05875000,0.3,0.0,0,0,0,0.6776,-0.0018,0.0,2059.0
2026-09-18 16:00:00,SPXW260918C05875000,0.0,0.0,0,0,0,0.7983,0.9978,0.0,0.0,5875.0,SPXW260918P05875000,0.3,0.3,0,0,14,0.6733,-0.002,0.0,14.0
2026-09-18 16:00:00,SPX260918C05880000,0.0,0.0,0,0,0,0.6556,0.998,0.0,0.0,5880.0,SPX260918P05880000,0.4,0.0,0,0,0,0.6756,-0.0018,0.0,418.0
2026-09-18 16:00:00,SPX260918C05890000,0.0,0.0,0,0,0,0.6496,0.998,0.0,0.0,5890.0,SPX260918P05890000,0.4,0.0,0,0,0,0.6716,-0.0019,0.0,347.0
2026-09-18 16:00:00,SPX260918C05900000,1779.07,0.0,0,0,0,0.6436,0.9979,0.0,135.0,5900.0,SPX260918P05900000,0.2,-0.275,0,0,102,0.6676,-0.0019,0.0,23978.0
2026-09-18 16:00:00,SPXW260918C05900000,1782.36,0.0,0,0,0,0.7906,0.9977,0.0,66.0,5900.0,SPXW260918P05900000,0.35,-0.175,0,0,983,0.6633,-0.0021,0.0,3373.0
2026-09-18 16:00:00,SPX260918C05910000,0.0,0.0,0,0,0,0.6375,0.9979,0.0,0.0,5910.0,SPX260918P05910000,1.3,0.0,0,0,0,0.6636,-0.0019,0.0,509.0
2026-09-18 16:00:00,SPX260918C05920000,0.0,0.0,0,0,0,0.6314,0.9978,0.0,0.0,5920.0,SPX260918P05920000,0.35,-0.125,0,0,2000,0.6596,-0.002,0.0,2241.0
2026-09-18 16:00:00,SPX260918C05925000,1622.86,0.0,0,0,0,0.6283,0.9978,0.0,6.0,5925.0,SPX260918P05925000,0.4,0.0,0,0,0,0.6623,-0.002,0.0,12174.0
2026-09-18 16:00:00,SPXW260918C05925000,1767.83,0.0,0,0,0,0.7782,0.9976,0.0,64.0,5925.0,SPXW260918P05925000,0.35,-0.2,0,0,28,0.6534,-0.0022,0.0,279.0
2026-09-18 16:00:00,SPX260918C05930000,0.0,0.0,0,0,0,0.6487,0.9978,0.0,0.0,5930.0,SPX260918P05930000,0.35,-0.125,0,0,1500,0.66,-0.002,0.0,1982.0
2026-09-18 16:00:00,SPX260918C05940000,793.3,0.0,0,0,0,0.643,0.9978,0.0,52.0,5940.0,SPX260918P05940000,1.85,0.0,0,0,0,0.6602,-0.002,0.0,463.0
2026-09-18 16:00:00,SPX260918C05950000,1198.43,0.0,0,0,0,0.6374,0.9978,0.0,54.0,5950.0,SPX260918P05950000,0.3,-0.225,0,0,15000,0.6562,-0.0021,0.0,17425.0
2026-09-18 16:00:00,SPXW260918C05950000,1645.91,0.0,0,0,0,0.7658,0.9975,0.0,1.0,5950.0,SPXW260918P05950000,0.35,-0.2,0,0,69,0.6511,-0.0023,0.0,528.0
2026-09-18 16:00:00,SPX260918C05960000,0.0,0.0,0,0,0,0.6317,0.9977,0.0,0.0,5960.0,SPX260918P05960000,0.47,0.0,0,0,0,0.6521,-0.0021,0.0,213.0
2026-09-18 16:00:00,SPX260918C05970000,0.0,0.0,0,0,0,0.626,0.9977,0.0,0.0,5970.0,SPX260918P05970000,0.25,-0.275,0,0,2,0.6481,-0.0021,0.0,204.0
2026-09-18 16:00:00,SPX260918C05975000,1553.6,0.0,0,0,0,0.6232,0.9977,0.0,1.0,5975.0,SPX260918P05975000,0.25,-0.275,0,0,1,0.6461,-0.0022,0.0,2087.0
2026-09-18 16:00:00,SPXW260918C05975000,0.0,0.0,0,0,0,0.758,0.9974,0.0,0.0,5975.0,SPXW260918P05975000,0.4,-0.2,0,0,7,0.6412,-0.0024,0.0,687.0
2026-09-18 16:00:00,SPX260918C05980000,0.0,0.0,0,0,0,0.6203,0.9976,0.0,0.0,5980.0,SPX260918P05980000,0.71,0.0,0,0,0,0.6441,-0.0022,0.0,323.0
2026-09-18 16:00:00,SPX260918C05990000,0.0,0.0,0,0,0,0.6146,0.9976,0.0,0.0,5990.0,SPX260918P05990000,0.4,-0.175,0,0,215,0.6401,-0.0022,0.0,683.0
2026-09-18 16:00:00,SPX260918C06000000,1675.91,77.06,0,0,1331,0.6512,0.9976,0.0,153929.0,6000.0,SPX260918P06000000,0.3,-0.275,0,0,1428,0.6361,-0.0023,0.0,167903.0
2026-09-18 16:00:00,SPXW260918C06000000,1693.6,0.0,0,0,0,0.7457,0.9973,0.0,432.0,6000.0,SPXW260918P06000000,0.4,-0.2,0,0,1128,0.6313,-0.0025,0.0,4855.0
2026-09-18 16:00:00,SPX260918C06010000,0.0,0.0,0,0,0,0.6233,0.9975,0.0,0.0,6010.0,SPX260918P06010000,1.85,0.0,0,0,0,0.6322,-0.0023,0.0,1943.0
2026-09-18 16:00:00,SPX260918C06020000,1429.61,0.0,0,0,0,0.6178,0.9975,0.0,0.0,6020.0,SPX260918P06020000,1.35,0.0,0,0,0,0.6323,-0.0023,0.0,144.0
2026-09-18 16:00:00,SPX260918C06025000,1165.67,0.0,0,0,0,0.6151,0.9975,0.0,55.0,6025.0,SPX260918P06025000,0.4,0.0,0,0,0,0.6302,-0.0024,0.0,4448.0
2026-09-18 16:00:00,SPXW260918C06025000,0.0,0.0,0,0,0,0.7334,0.9972,0.0,0.0,6025.0,SPXW260918P06025000,0.4,-0.25,0,0,12,0.6281,-0.0026,0.0,275.0
2026-09-18 16:00:00,SPX260918C06030000,0.0,0.0,0,0,0,0.6124,0.9974,0.0,0.0,6030.0,SPX260918P06030000,0.55,0.0,0,0,0,0.6316,-0.0024,0.0,837.0
2026-09-18 16:00:00,SPX260918C06040000,1400.53,0.0,0,0,0,0.607,0.9974,0.0,1.0,6040.0,SPX260918P06040000,0.5,0.0,0,0,0,0.6276,-0.0024,0.0,316.0
2026-09-18 16:00:00,SPX260918C06050000,1708.45,0.0,0,0,0,0.6015,0.9974,0.0,258.0,6050.0,SPX260918P06050000,0.3,-0.325,0,0,122,0.6235,-0.0025,0.0,4292.0
2026-09-18 16:00:00,SPXW260918C06050000,1635.67,0.0,0,0,0,0.7256,0.9971,0.0,1.0,6050.0,SPXW260918P06050000,0.4,-0.25,0,0,67,0.6182,-0.0028,0.0,694.0
2026-09-18 16:00:00,SPX260918C06060000,1200.3,0.0,0,0,0,0.596,0.9973,0.0,1.0,6060.0,SPX260918P06060000,0.4,0.0,0,0,0,0.6195,-0.0025,0.0,352.0
2026-09-18 16:00:00,SPX260918C06070000,0.0,0.0,0,0,0,0.5905,0.9973,0.0,0.0,6070.0,SPX260918P06070000,0.55,0.0,0,0,0,0.6156,-0.0026,0.0,235.0
2026-09-18 16:00:00,SPX260918C06075000,1254.74,0.0,0,0,0,0.5878,0.9972,0.0,10.0,6075.0,SPX260918P06075000,0.3,-0.325,0,0,1,0.6136,-0.0026,0.0,2250.0
2026-09-18 16:00:00,SPXW260918C06075000,1620.27,0.0,0,0,0,0.7134,0.997,0.0,3.0,6075.0,SPXW260918P06075000,0.45,-0.25,0,0,87,0.6083,-0.0029,0.0,444.0
2026-09-18 16:00:00,SPX260918C06080000,0.0,0.0,0,0,0,0.585,0.9972,0.0,0.0,6080.0,SPX260918P06080000,1.35,0.0,0,0,0,0.6116,-0.0026,0.0,501.0
2026-09-18 16:00:00,SPXW260918C06080000,0.0,0.0,0,0,0,0.7109,0.9969,0.0,0.0,6080.0,SPXW260918P06080000,0.45,0.45,0,0,13,0.6122,-0.0029,0.0,13.0
2026-09-18 16:00:00,SPX260918C06090000,0.0,0.0,0,0,0,0.5972,0.9972,0.0,0.0,6090.0,SPX260918P06090000,1.4,0.0,0,0,0,0.6076,-0.0026,0.0,240.0
2026-09-18 16:00:00,SPXW260918C06090000,0.0,0.0,0,0,0,0.7061,0.9969,0.0,0.0,6090.0,SPXW260918P06090000,0.45,0.45,0,0,13,0.6083,-0.003,0.0,13.0
2026-09-18 16:00:00,SPX260918C06100000,1624.74,0.0,0,0,0,0.592,0.9971,0.0,535.0,6100.0,SPX260918P06100000,0.29,-0.385,0,0,30,0.6072,-0.0027,0.0,14108.0
2026-09-18 16:00:00,SPXW260918C06100000,1497.77,0.0,0,0,0,0.7012,0.9968,0.0,4.0,6100.0,SPXW260918P06100000,0.45,-0.25,0,0,106,0.6043,-0.003,0.0,2217.0
2026-09-18 16:00:00,SPX260918C06110000,0.0,0.0,0,0,0,0.5867,0.9971,0.0,0.0,6110.0,SPX260918P06110000,1.45,0.0,0,0,0,0.6032,-0.0027,0.0,219.0
2026-09-18 16:00:00,SPXW260918C06110000,0.0,0.0,0,0,0,0.7006,0.9968,0.0,0.0,6110.0,SPXW260918P06110000,0.45,0.45,0,0,5,0.6003,-0.0031,0.0,5.0
2026-09-18 16:00:00,SPX260918C06120000,0.0,0.0,0,0,0,0.5814,0.997,0.0,0.0,6120.0,SPX260918P06120000,1.4,0.0,0,0,0,0.6021,-0.0028,0.0,245.0
2026-09-18 16:00:00,SPXW260918C06120000,0.0,0.0,0,0,0,0.6957,0.9967,0.0,0.0,6120.0,SPXW260918P06120000,0.45,0.45,0,0,37,0.5964,-0.0031,0.0,37.0
2026-09-18 16:00:00,SPX260918C06125000,1434.91,0.0,0,0,0,0.5788,0.997,0.0,54.0,6125.0,SPX260918P06125000,0.55,0.0,0,0,0,0.6001,-0.0028,0.0,1999.0
2026-09-18 16:00:00,SPXW260918C06125000,1580.93,0.0,0,0,0,0.6933,0.9967,0.0,24.0,6125.0,SPXW260918P06125000,0.45,-0.3,0,0,2,0.5944,-0.0032,0.0,606.0
2026-09-18 16:00:00,SPX260918C06130000,1642.58,0.0,0,0,0,0.5762,0.997,0.0,2.0,6130.0,SPX260918P06130000,0.59,0.0,0,0,0,0.598,-0.0028,0.0,300.0
2026-09-18 16:00:00,SPXW260918C06130000,0.0,0.0,0,0,0,0.6908,0.9967,0.0,0.0,6130.0,SPXW260918P06130000,0.5,0.5,0,0,7,0.5924,-0.0032,0.0,7.0
2026-09-18 16:00:00,SPX260918C06140000,0.0,0.0,0,0,0,0.5709,0.9969,0.0,0.0,6140.0,SPX260918P06140000,1.45,0.0,0,0,0,0.594,-0.0029,0.0,233.0
2026-09-18 16:00:00,SPXW260918C06140000,0.0,0.0,0,0,0,0.686,0.9966,0.0,0.0,6140.0,SPXW260918P06140000,0.5,-0.25,0,0,3,0.5938,-0.0032,0.0,140.0
2026-09-18 16:00:00,SPX260918C06150000,1575.25,0.0,0,0,0,0.5809,0.9969,0.0,412.0,6150.0,SPX260918P06150000,0.3,-0.425,0,0,1,0.5901,-0.0029,0.0,6560.0
2026-09-18 16:00:00,SPXW260918C06150000,1519.68,71.13,0,0,1,0.6812,0.9965,0.0,6.0,6150.0,SPXW260918P06150000,0.55,-0.25,0,0,1014,0.5898,-0.0033,0.0,1514.0
2026-09-18 16:00:00,SPX260918C06160000,1640.77,0.0,0,0,0,0.5758,0.9968,0.0,3.0,6160.0,SPX260918P06160000,1.55,0.0,0,0,0,0.5861,-0.003,0.0,656.0
2026-09-18 16:00:00,SPXW260918C06160000,0.0,0.0,0,0,0,0.6764,0.9965,0.0,0.0,6160.0,SPXW260918P06160000,0.5,-0.3,0,0,4,0.5859,-0.0034,0.0,151.0
2026-09-18 16:00:00,SPX260918C06170000,0.0,0.0,0,0,0,0.5707,0.9968,0.0,0.0,6170.0,SPX260918P06170000,0.7,0.0,0,0,0,0.5852,-0.003,0.0,249.0
2026-09-18 16:00:00,SPXW260918C06170000,0.0,0.0,0,0,0,0.6755,0.9964,0.0,0.0,6170.0,SPXW260918P06170000,0.5,-0.3,0,0,4,0.5819,-0.0034,0.0,63.0
2026-09-18 16:00:00,SPX260918C06175000,1274.22,0.0,0,0,0,0.5681,0.9968,0.0,187.0,6175.0,SPX260918P06175000,0.5,0.0,0,0,0,0.5859,-0.0031,0.0,2933.0
2026-09-18 16:00:00,SPXW260918C06175000,1515.07,0.0,0,0,0,0.6731,0.9964,0.0,80.0,6175.0,SPXW260918P06175000,0.5,-0.3,0,0,12,0.5799,-0.0034,0.0,577.0
2026-09-18 16:00:00,SPX260918C06180000,0.0,0.0,0,0,0,0.5656,0.9967,0.0,0.0,6180.0,SPX260918P06180000,1.55,0.0,0,0,0,0.5839,-0.0031,0.0,241.0
2026-09-18 16:00:00,SPXW260918C06180000,1548.51,0.0,0,0,0,0.6707,0.9964,0.0,1.0,6180.0,SPXW260918P06180000,0.55,-0.275,0,0,2,0.5779,-0.0035,0.0,307.0
2026-09-18 16:00:00,SPX260918C06190000,0.0,0.0,0,0,0,0.5605,0.9967,0.0,0.0,6190.0,SPX260918P06190000,0.58,0.0,0,0,0,0.5798,-0.0031,0.0,282.0
2026-09-18 16:00:00,SPXW260918C06190000,0.0,0.0,0,0,0,0.6659,0.9963,0.0,0.0,6190.0,SPXW260918P06190000,0.55,-0.3,0,0,8,0.574,-0.0035,0.0,56.0
2026-09-18 16:00:00,SPX260918C06200000,1446.92,0.0,0,0,0,0.5554,0.9966,0.0,3623.0,6200.0,SPX260918P06200000,0.3,-0.475,0,0,3,0.5758,-0.0032,0.0,17932.0
2026-09-18 16:00:00,SPXW260918C06200000,1486.3,0.0,0,0,0,0.6611,0.9962,0.0,6.0,6200.0,SPXW260918P06200000,0.55,-0.3,0,0,124,0.5748,-0.0036,0.0,1662.0
2026-09-18 16:00:00,SPX260918C06210000,1342.59,0.0,0,0,0,0.5636,0.9966,0.0,1.0,6210.0,SPX260918P06210000,0.63,0.0,0,0,0,0.5718,-0.0032,0.0,404.0
2026-09-18 16:00:00,SPXW260918C06210000,0.0,0.0,0,0,0,0.6563,0.9962,0.0,0.0,6210.0,SPXW260918P06210000,0.55,-0.3,0,0,5,0.5709,-0.0036,0.0,52.0
2026-09-18 16:00:00,SPX260918C06220000,0.0,0.0,0,0,0,0.5586,0.9965,0.0,0.0,6220.0,SPX260918P06220000,1.5,0.0,0,0,0,0.5708,-0.0033,0.0,231.0
2026-09-18 16:00:00,SPXW260918C06220000,0.0,0.0,0,0,0,0.6515,0.9961,0.0,0.0,6220.0,SPXW260918P06220000,0.6,-0.275,0,0,104,0.5669,-0.0037,0.0,125.0
2026-09-18 16:00:00,SPX260918C06225000,822.45,0.0,0,0,0,0.5561,0.9965,0.0,150.0,6225.0,SPX260918P06225000,0.58,0.0,0,0,0,0.5686,-0.0033,0.0,14105.0
2026-09-18 16:00:00,SPXW260918C06225000,0.0,0.0,0,0,0,0.6529,0.9961,0.0,0.0,6225.0,SPXW260918P06225000,0.6,-0.3,0,0,236,0.5649,-0.0038,0.0,558.0
2026-09-18 16:00:00,SPX260918C06230000,1348.66,0.0,0,0,0,0.5536,0.9964,0.0,1.0,6230.0,SPX260918P06230000,0.27,-0.555,0,0,158,0.5666,-0.0034,0.0,385.0
2026-09-18 16:00:00,SPXW260918C06230000,0.0,0.0,0,0,0,0.6505,0.996,0.0,0.0,6230.0,SPXW260918P06230000,0.55,-0.35,0,0,1,0.5629,-0.0038,0.0,10.0
2026-09-18 16:00:00,SPX260918C06240000,530.46,0.0,0,0,0,0.5487,0.9964,0.0,50.0,6240.0,SPX260918P06240000,1.6,0.0,0,0,0,0.565,-0.0034,0.0,361.0
2026-09-18 16:00:00,SPXW260918C06240000,0.0,0.0,0,0,0,0.6458,0.996,0.0,0.0,6240.0,SPXW260918P06240000,0.6,-0.3,0,0,6,0.5612,-0.0038,0.0,178.0
2026-09-18 16:00:00,SPX260918C06250000,1426.18,74.78,0,0,1,0.5437,0.9963,0.0,233.0,6250.0,SPX260918P06250000,0.55,-0.375,0,0,171,0.561,-0.0035,0.0,8103.0
2026-09-18 16:00:00,SPXW260918C06250000,1439.83,0.0,0,0,0,0.641,0.9959,0.0,17.0,6250.0,SPXW260918P06250000,0.6,-0.325,0,0,47,0.5594,-0.0039,0.0,32389.0
2026-09-18 16:00:00,SPX260918C06260000,1461.87,0.0,0,0,0,0.5387,0.9963,0.0,3.0,6260.0,SPX260918P06260000,0.67,0.0,0,0,0,0.557,-0.0036,0.0,428.0
2026-09-18 16:00:00,SPXW260918C06260000,0.0,0.0,0,0,0,0.6362,0.9958,0.0,0.0,6260.0,SPXW260918P06260000,0.6,-0.35,0,0,4,0.5554,-0.004,0.0,14.0
2026-09-18 16:00:00,SPX260918C06270000,1257.73,0.0,0,0,0,0.5455,0.9962,0.0,6.0,6270.0,SPX260918P06270000,1.45,0.0,0,0,0,0.5557,-0.0036,0.0,564.0
2026-09-18 16:00:00,SPXW260918C06270000,0.0,0.0,0,0,0,0.6314,0.9958,0.0,0.0,6270.0,SPXW260918P06270000,0.6,-0.35,0,0,3,0.5514,-0.0041,0.0,9.0
2026-09-18 16:00:00,SPX260918C06275000,629.2,0.0,0,0,0,0.5431,0.9962,0.0,524.0,6275.0,SPX260918P06275000,0.35,-0.525,0,0,1,0.5536,-0.0036,0.0,4267.0
2026-09-18 16:00:00,SPXW260918C06275000,0.0,0.0,0,0,0,0.629,0.9957,0.0,0.0,6275.0,SPXW260918P06275000,0.6,-0.35,0,0,7,0.5495,-0.0041,0.0,23771.0
2026-09-18 16:00:00,SPX260918C06280000,0.0,0.0,0,0,0,0.5407,0.9962,0.0,0.0,6280.0,SPX260918P06280000,1.5,0.0,0,0,0,0.554,-0.0037,0.0,521.0
2026-09-18 16:00:00,SPXW260918C06280000,0.0,0.0,0,0,0,0.6303,0.9957,0.0,0.0,6280.0,SPXW260918P06280000,2.6,0.0,0,0,0,0.5475,-0.0041,0.0,1.0
2026-09-18 16:00:00,SPX260918C06290000,0.0,0.0,0,0,0,0.5358,0.9961,0.0,0.0,6290.0,SPX260918P06290000,0.75,0.0,0,0,0,0.5496,-0.0037,0.0,770.0
2026-09-18 16:00:00,SPXW260918C06290000,0.0,0.0,0,0,0,0.6256,0.9956,0.0,0.0,6290.0,SPXW260918P06290000,0.65,-0.35,0,0,9,0.5456,-0.0042,0.0,9.0
2026-09-18 16:00:00,SPX260918C06300000,1357.36,0.0,0,0,0,0.5309,0.996,0.0,5403.0,6300.0,SPX260918P06300000,0.4,-0.525,0,0,205,0.5456,-0.0038,0.0,19730.0
2026-09-18 16:00:00,SPXW260918C06300000,1474.49,0.0,0,0,0,0.6208,0.9956,0.0,2.0,6300.0,SPXW260918P06300000,0.65,-0.35,0,0,10302,0.5436,-0.0043,0.0,13086.0
2026-09-18 16:00:00,SPX260918C06310000,0.0,0.0,0,0,0,0.5261,0.996,0.0,0.0,6310.0,SPX260918P06310000,0.3,-0.65,0,0,156,0.5416,-0.0039,0.0,866.0
2026-09-18 16:00:00,SPXW260918C06310000,0.0,0.0,0,0,0,0.616,0.9955,0.0,0.0,6310.0,SPXW260918P06310000,0.65,-0.35,0,0,1,0.5396,-0.0044,0.0,305.0
2026-09-18 16:00:00,SPX260918C06320000,1432.09,0.0,0,0,0,0.5212,0.9959,0.0,1.0,6320.0,SPX260918P06320000,0.7,0.0,0,0,0,0.5401,-0.0039,0.0,952.0
2026-09-18 16:00:00,SPXW260918C06320000,0.0,0.0,0,0,0,0.6113,0.9954,0.0,0.0,6320.0,SPXW260918P06320000,0.75,0.0,0,0,0,0.5356,-0.0044,0.0,98.0
2026-09-18 16:00:00,SPX260918C06325000,1489.82,0.0,0,0,0,0.5292,0.9958,0.0,619.0,6325.0,SPX260918P06325000,0.7,0.0,0,0,0,0.538,-0.004,0.0,1937.0
2026-09-18 16:00:00,SPXW260918C06325000,0.0,0.0,0,0,0,0.6089,0.9954,0.0,0.0,6325.0,SPXW260918P06325000,0.7,-0.35,0,0,3,0.5336,-0.0045,0.0,362.0
2026-09-18 16:00:00,SPX260918C06330000,0.0,0.0,0,0,0,0.5268,0.9958,0.0,0.0,6330.0,SPX260918P06330000,0.7,0.0,0,0,0,0.5382,-0.004,0.0,2263.0
2026-09-18 16:00:00,SPXW260918C06330000,0.0,0.0,0,0,0,0.6066,0.9953,0.0,0.0,6330.0,SPXW260918P06330000,0.65,-0.4,0,0,7,0.5336,-0.0045,0.0,17.0
2026-09-18 16:00:00,SPX260918C06340000,1435.07,0.0,0,0,0,0.5221,0.9957,0.0,1.0,6340.0,SPX260918P06340000,0.88,0.0,0,0,0,0.5339,-0.0041,0.0,676.0
2026-09-18 16:00:00,SPXW260918C06340000,0.0,0.0,0,0,0,0.6053,0.9952,0.0,0.0,6340.0,SPXW260918P06340000,0.7,-0.35,0,0,4,0.5315,-0.0046,0.0,3084.0
2026-09-18 16:00:00,SPX260918C06350000,1452.92,0.0,0,0,0,0.5173,0.9957,0.0,1773.0,6350.0,SPX260918P06350000,0.7,0.0,0,0,0,0.5298,-0.0042,0.0,7342.0
2026-09-18 16:00:00,SPXW260918C06350000,1326.83,77.88,0,0,2,0.6006,0.9952,0.0,5.0,6350.0,SPXW260918P06350000,0.7,-0.375,0,0,64,0.5275,-0.0047,0.0,34597.0
2026-09-18 16:00:00,SPX260918C06360000,1415.65,0.0,0,0,0,0.5125,0.9956,0.0,1.0,6360.0,SPX260918P06360000,0.7,0.0,0,0,0,0.5258,-0.0042,0.0,641.0
2026-09-18 16:00:00,SPXW260918C06360000,0.0,0.0,0,0,0,0.5958,0.9951,0.0,0.0,6360.0,SPXW260918P06360000,0.7,-0.4,0,0,5,0.5235,-0.0048,0.0,115.0
2026-09-18 16:00:00,SPX260918C06370000,1327.73,0.0,0,0,0,0.5078,0.9955,0.0,23.0,6370.0,SPX260918P06370000,0.7,0.0,0,0,0,0.524,-0.0043,0.0,622.0
2026-09-18 16:00:00,SPXW260918C06370000,0.0,0.0,0,0,0,0.5911,0.995,0.0,0.0,6370.0,SPXW260918P06370000,0.75,-0.35,0,0,3,0.5195,-0.0048,0.0,90.0
2026-09-18 16:00:00,SPX260918C06375000,1373.33,0.0,0,0,0,0.5054,0.9955,0.0,256.0,6375.0,SPX260918P06375000,0.8,0.0,0,0,0,0.5241,-0.0043,0.0,3671.0
2026-09-18 16:00:00,SPXW260918C06375000,0.0,0.0,0,0,0,0.5888,0.995,0.0,0.0,6375.0,SPXW260918P06375000,0.75,-0.35,0,0,24,0.5193,-0.0049,0.0,23783.0
2026-09-18 16:00:00,SPX260918C06380000,1039.9,0.0,0,0,0,0.5123,0.9954,0.0,1.0,6380.0,SPX260918P06380000,0.3,-0.775,0,0,9,0.5218,-0.0044,0.0,428.0
2026-09-18 16:00:00,SPXW260918C06380000,0.0,0.0,0,0,0,0.5864,0.9949,0.0,0.0,6380.0,SPXW260918P06380000,0.75,-0.4,0,0,18,0.519,-0.0049,0.0,59.0
2026-09-18 16:00:00,SPX260918C06390000,0.0,0.0,0,0,0,0.5076,0.9954,0.0,0.0,6390.0,SPX260918P06390000,0.69,0.0,0,0,0,0.5177,-0.0045,0.0,426.0
2026-09-18 16:00:00,SPXW260918C06390000,0.0,0.0,0,0,0,0.585,0.9948,0.0,0.0,6390.0,SPXW260918P06390000,0.75,-0.4,0,0,8,0.515,-0.005,0.0,50.0
2026-09-18 16:00:00,SPX260918C06400000,1236.59,0.0,0,0,0,0.5029,0.9953,0.0,3203.0,6400.0,SPX260918P06400000,0.75,-0.325,0,0,5509,0.5137,-0.0046,0.0,20998.0
2026-09-18 16:00:00,SPXW260918C06400000,1266.83,67.28,0,0,4,0.5803,0.9947,0.0,11.0,6400.0,SPXW260918P06400000,0.75,-0.4,0,0,401,0.511,-0.0051,0.0,1215.0
2026-09-18 16:00:00,SPX260918C06410000,0.0,0.0,0,0,0,0.4982,0.9952,0.0,0.0,6410.0,SPX260918P06410000,0.77,0.0,0,0,0,0.5118,-0.0046,0.0,1080.0
2026-09-18 16:00:00,SPXW260918C06410000,1343.17,0.0,0,0,0,0.5756,0.9946,0.0,21.0,6410.0,SPXW260918P06410000,0.75,-0.45,0,0,54,0.507,-0.0052,0.0,263.0
2026-09-18 16:00:00,SPX260918C06420000,1252.59,0.0,0,0,0,0.4935,0.9951,0.0,2.0,6420.0,SPX260918P06420000,0.8,0.0,0,0,0,0.5096,-0.0047,0.0,574.0
2026-09-18 16:00:00,SPXW260918C06420000,1320.69,0.0,0,0,0,0.5709,0.9945,0.0,4.0,6420.0,SPXW260918P06420000,0.8,-0.4,0,0,7,0.5063,-0.0053,0.0,216.0
2026-09-18 16:00:00,SPX260918C06425000,1153.6,0.0,0,0,0,0.4912,0.9951,0.0,132.0,6425.0,SPX260918P06425000,0.65,-0.475,0,0,23,0.5073,-0.0048,0.0,2847.0
2026-09-18 16:00:00,SPXW260918C06425000,1312.73,0.0,0,0,0,0.5685,0.9945,0.0,3.0,6425.0,SPXW260918P06425000,0.8,-0.4,0,0,17,0.5043,-0.0053,0.0,309.0
2026-09-18 16:00:00,SPX260918C06430000,1316.36,0.0,0,0,0,0.4888,0.995,0.0,6.0,6430.0,SPX260918P06430000,1.22,0.0,0,0,0,0.5052,-0.0048,0.0,316.0
2026-09-18 16:00:00,SPXW260918C06430000,1258.16,0.0,0,0,0,0.5662,0.9944,0.0,10.0,6430.0,SPXW260918P06430000,0.8,-0.425,0,0,5,0.5023,-0.0054,0.0,123.0
2026-09-18 16:00:00,SPX260918C06440000,1105.21,0.0,0,0,0,0.4926,0.9949,0.0,7.0,6440.0,SPX260918P06440000,1.65,0.0,0,0,0,0.5012,-0.0049,0.0,412.0
2026-09-18 16:00:00,SPXW260918C06440000,1313.95,0.0,0,0,0,0.5647,0.9944,0.0,20.0,6440.0,SPXW260918P06440000,0.75,-0.5,0,0,2,0.4983,-0.0055,0.0,173.0
2026-09-18 16:00:00,SPX260918C06450000,1294.97,0.0,0,0,0,0.4879,0.9948,0.0,3239.0,6450.0,SPX260918P06450000,0.47,-0.705,0,0,1,0.4971,-0.005,0.0,6013.0
2026-09-18 16:00:00,SPXW260918C06450000,1295.08,0.0,0,0,0,0.56,0.9942,0.0,3.0,6450.0,SPXW260918P06450000,0.8,-0.45,0,0,19,0.4943,-0.0056,0.0,313.0
2026-09-18 16:00:00,SPX260918C06460000,493.71,0.0,0,0,0,0.4833,0.9948,0.0,63.0,6460.0,SPX260918P06460000,0.45,-0.75,0,0,25,0.4968,-0.0051,0.0,547.0
2026-09-18 16:00:00,SPXW260918C06460000,1276.97,0.0,0,0,0,0.5553,0.9942,0.0,3.0,6460.0,SPXW260918P06460000,0.85,-0.45,0,0,9,0.4918,-0.0057,0.0,139.0
2026-09-18 16:00:00,SPX260918C06470000,489.99,0.0,0,0,0,0.4787,0.9947,0.0,7.0,6470.0,SPX260918P06470000,1.15,0.0,0,0,0,0.4925,-0.0052,0.0,512.0
2026-09-18 16:00:00,SPXW260918C06470000,1220.14,0.0,0,0,0,0.5506,0.994,0.0,29.0,6470.0,SPXW260918P06470000,0.85,-0.45,0,0,5,0.4893,-0.0058,0.0,270.0
2026-09-18 16:00:00,SPX260918C06475000,1248.84,0.0,0,0,0,0.4764,0.9946,0.0,1611.0,6475.0,SPX260918P06475000,0.45,-0.775,0,0,1,0.4906,-0.0052,0.0,4727.0
2026-09-18 16:00:00,SPXW260918C06475000,1225.26,0.0,0,0,0,0.5483,0.994,0.0,12.0,6475.0,SPXW260918P06475000,0.85,-0.475,0,0,3,0.4873,-0.0058,0.0,117.0
2026-09-18 16:00:00,SPX260918C06480000,467.9,0.0,0,0,0,0.474,0.9946,0.0,21.0,6480.0,SPX260918P06480000,0.95,0.0,0,0,0,0.4884,-0.0053,0.0,490.0
2026-09-18 16:00:00,SPXW260918C06480000,1218.12,0.0,0,0,0,0.5459,0.9939,0.0,6.0,6480.0,SPXW260918P06480000,0.85,-0.475,0,0,2,0.4853,-0.0059,0.0,131.0
2026-09-18 16:00:00,SPX260918C06490000,476.32,0.0,0,0,0,0.477,0.9945,0.0,95.0,6490.0,SPX260918P06490000,1.8,0.0,0,0,0,0.4844,-0.0054,0.0,670.0
2026-09-18 16:00:00,SPXW260918C06490000,1200.5,0.0,0,0,0,0.5443,0.9938,0.0,29.0,6490.0,SPXW260918P06490000,0.85,-0.5,0,0,8,0.4813,-0.006,0.0,183.0
2026-09-18 16:00:00,SPX260918C06500000,1166.48,66.33,0,0,10,0.4724,0.9944,0.0,6078.0,6500.0,SPX260918P06500000,0.85,-0.425,0,0,644,0.4821,-0.0054,0.0,25912.0
2026-09-18 16:00:00,SPXW260918C06500000,1139.71,0.0,0,0,0,0.5396,0.9937,0.0,64.0,6500.0,SPXW260918P06500000,0.9,-0.45,0,0,169,0.4788,-0.0061,0.0,2125.0
2026-09-18 16:00:00,SPX260918C06510000,455.14,0.0,0,0,0,0.4678,0.9943,0.0,4.0,6510.0,SPX260918P06510000,0.4,-0.9,0,0,17,0.4796,-0.0056,0.0,1211.0
2026-09-18 16:00:00,SPXW260918C06510000,1177.78,0.0,0,0,0,0.5349,0.9936,0.0,11.0,6510.0,SPXW260918P06510000,0.9,-0.5,0,0,3,0.4761,-0.0062,0.0,140.0
2026-09-18 16:00:00,SPX260918C06520000,1152.04,0.0,0,0,0,0.4633,0.9942,0.0,5.0,6520.0,SPX260918P06520000,0.8,-0.525,0,0,1,0.4754,-0.0057,0.0,748.0
2026-09-18 16:00:00,SPXW260918C06520000,0.0,0.0,0,0,0,0.5303,0.9935,0.0,0.0,6520.0,SPXW260918P06520000,0.9,-0.525,0,0,1,0.4721,-0.0063,0.0,74.0
2026-09-18 16:00:00,SPX260918C06525000,908.54,0.0,0,0,0,0.461,0.9941,0.0,2348.0,6525.0,SPX260918P06525000,0.57,-0.755,0,0,325,0.4733,-0.0057,0.0,3887.0
2026-09-18 16:00:00,SPXW260918C06525000,1124.15,0.0,0,0,0,0.5279,0.9934,0.0,12.0,6525.0,SPXW260918P06525000,0.95,-0.475,0,0,5,0.4701,-0.0064,0.0,336.0
2026-09-18 16:00:00,SPX260918C06530000,435.68,0.0,0,0,0,0.4587,0.9941,0.0,8.0,6530.0,SPX260918P06530000,1.1,0.0,0,0,0,0.4713,-0.0058,0.0,496.0
2026-09-18 16:00:00,SPXW260918C06530000,0.0,0.0,0,0,0,0.5256,0.9934,0.0,0.0,6530.0,SPXW260918P06530000,0.95,-0.5,0,0,8,0.4695,-0.0064,0.0,178.0
2026-09-18 16:00:00,SPX260918C06540000,585.72,0.0,0,0,0,0.461,0.994,0.0,16.0,6540.0,SPX260918P06540000,0.96,0.0,0,0,0,0.4705,-0.0059,0.0,393.0
2026-09-18 16:00:00,SPXW260918C06540000,0.0,0.0,0,0,0,0.5238,0.9933,0.0,0.0,6540.0,SPXW260918P06540000,0.95,-0.5,0,0,145,0.4668,-0.0066,0.0,3360.0
2026-09-18 16:00:00,SPX260918C06550000,1107.2,0.0,0,0,0,0.4565,0.9938,0.0,3264.0,6550.0,SPX260918P06550000,0.47,-0.905,0,0,7,0.4662,-0.006,0.0,8434.0
2026-09-18 16:00:00,SPXW260918C06550000,0.0,0.0,0,0,0,0.5192,0.9931,0.0,2.0,6550.0,SPXW260918P06550000,0.95,-0.55,0,0,64,0.4628,-0.0067,0.0,1706.0
2026-09-18 16:00:00,SPX260918C06560000,409.36,0.0,0,0,0,0.4519,0.9937,0.0,28.0,6560.0,SPX260918P06560000,1.05,0.0,0,0,0,0.4621,-0.0061,0.0,439.0
2026-09-18 16:00:00,SPXW260918C06560000,0.0,0.0,0,0,0,0.5145,0.993,0.0,0.0,6560.0,SPXW260918P06560000,1.05,-0.475,0,0,55,0.4587,-0.0068,0.0,113.0
2026-09-18 16:00:00,SPX260918C06570000,919.79,0.0,0,0,0,0.4474,0.9936,0.0,19.0,6570.0,SPX260918P06570000,1.1,0.0,0,0,0,0.458,-0.0062,0.0,416.0
2026-09-18 16:00:00,SPXW260918C06570000,0.0,0.0,0,0,0,0.5099,0.9929,0.0,0.0,6570.0,SPXW260918P06570000,1.0,-0.55,0,0,26,0.456,-0.0069,0.0,212.0
2026-09-18 16:00:00,SPX260918C06575000,1243.14,0.0,0,0,0,0.4451,0.9936,0.0,1964.0,6575.0,SPX260918P06575000,0.92,-0.53,0,0,110,0.456,-0.0063,0.0,2824.0
2026-09-18 16:00:00,SPXW260918C06575000,1142.82,0.0,0,0,0,0.5075,0.9928,0.0,11.0,6575.0,SPXW260918P06575000,0.95,-0.6,0,0,41,0.4552,-0.007,0.0,361.0
2026-09-18 16:00:00,SPX260918C06580000,936.1,0.0,0,0,0,0.4492,0.9935,0.0,64.0,6580.0,SPX260918P06580000,0.5,-0.975,0,0,117,0.4557,-0.0063,0.0,479.0
2026-09-18 16:00:00,SPXW260918C06580000,1090.77,69.87,0,0,2,0.5052,0.9928,0.0,12.0,6580.0,SPXW260918P06580000,1.0,-0.575,0,0,5,0.4532,-0.0071,0.0,55.0
2026-09-18 16:00:00,SPX260918C06590000,1059.67,0.0,0,0,0,0.4446,0.9934,0.0,17.0,6590.0,SPX260918P06590000,1.25,0.0,0,0,0,0.4526,-0.0064,0.0,467.0
2026-09-18 16:00:00,SPXW260918C06590000,0.0,0.0,0,0,0,0.5033,0.9926,0.0,0.0,6590.0,SPXW260918P06590000,1.0,-0.6,0,0,5640,0.4492,-0.0072,0.0,6078.0
2026-09-18 16:00:00,SPX260918C06600000,999.12,0.0,0,0,0,0.4513,0.9932,0.0,10454.0,6600.0,SPX260918P06600000,0.95,-0.575,0,0,6614,0.4486,-0.0066,0.0,30665.0
2026-09-18 16:00:00,SPXW260918C06600000,1067.59,67.89,0,0,5,0.4987,0.9925,0.0,820.0,6600.0,SPXW260918P06600000,1.0,-0.6,0,0,3016,0.4451,-0.0073,0.0,4091.0
2026-09-18 16:00:00,SPX260918C06610000,515.61,0.0,0,0,0,0.4356,0.9931,0.0,7.0,6610.0,SPX260918P06610000,0.75,-0.775,0,0,208,0.4445,-0.0067,0.0,695.0
2026-09-18 16:00:00,SPXW260918C06610000,1090.68,0.0,0,0,0,0.494,0.9924,0.0,3.0,6610.0,SPXW260918P06610000,1.05,-0.6,0,0,85,0.4435,-0.0075,0.0,151.0
2026-09-18 16:00:00,SPX260918C06620000,1104.38,0.0,0,0,0,0.4311,0.993,0.0,8.0,6620.0,SPX260918P06620000,0.6,-0.975,0,0,150,0.4432,-0.0068,0.0,1623.0
2026-09-18 16:00:00,SPXW260918C06620000,0.0,0.0,0,0,0,0.4894,0.9922,0.0,700.0,6620.0,SPXW260918P06620000,1.05,-0.65,0,0,171,0.4395,-0.0076,0.0,159.0
2026-09-18 16:00:00,SPX260918C06625000,1052.56,0.0,0,0,0,0.4288,0.9929,0.0,1114.0,6625.0,SPX260918P06625000,0.67,-0.905,0,0,1,0.441,-0.0069,0.0,2158.0
2026-09-18 16:00:00,SPXW260918C06625000,1126.54,0.0,0,0,0,0.4871,0.9921,0.0,823.0,6625.0,SPXW260918P06625000,1.1,-0.6,0,0,62,0.4374,-0.0077,0.0,227.0
2026-09-18 16:00:00,SPX260918C06630000,1010.92,0.0,0,0,0,0.4324,0.9929,0.0,132.0,6630.0,SPX260918P06630000,0.9,-0.7,0,0,2168,0.4393,-0.007,0.0,2662.0
2026-09-18 16:00:00,SPXW260918C06630000,1084.11,0.0,0,0,0,0.4848,0.9921,0.0,6.0,6630.0,SPXW260918P06630000,1.05,-0.65,0,0,31,0.4354,-0.0078,0.0,75.0
2026-09-18 16:00:00,SPX260918C06640000,495.99,0.0,0,0,0,0.4279,0.9927,0.0,14.0,6640.0,SPX260918P06640000,0.71,-0.915,0,0,100,0.4352,-0.0071,0.0,926.0
2026-09-18 16:00:00,SPXW260918C06640000,0.0,0.0,0,0,0,0.4827,0.9919,0.0,0.0,6640.0,SPXW260918P06640000,1.1,-0.65,0,0,28,0.4325,-0.0079,0.0,256.0
2026-09-18 16:00:00,SPX260918C06650000,1013.82,63.12,0,0,20,0.4234,0.9926,0.0,4204.0,6650.0,SPX260918P06650000,0.73,-0.895,0,0,145,0.4323,-0.0072,0.0,10564.0
2026-09-18 16:00:00,SPXW260918C06650000,1017.98,67.23,0,0,3,0.4781,0.9918,0.0,14.0,6650.0,SPXW260918P06650000,1.1,-0.65,0,0,79,0.4296,-0.0081,0.0,1179.0
2026-09-18 16:00:00,SPX260918C06660000,1000.87,0.0,0,0,0,0.4189,0.9924,0.0,34.0,6660.0,SPX260918P06660000,0.6,-1.075,0,0,10,0.4294,-0.0074,0.0,576.0
2026-09-18 16:00:00,SPXW260918C06660000,1005.49,64.49,0,0,1,0.4735,0.9916,0.0,76.0,6660.0,SPXW260918P06660000,1.2,-0.6,0,0,259,0.4256,-0.0082,0.0,429.0
2026-09-18 16:00:00,SPX260918C06670000,1148.5,0.0,0,0,0,0.4144,0.9923,0.0,139.0,6670.0,SPX260918P06670000,0.73,-0.995,0,0,1,0.4254,-0.0075,0.0,991.0
2026-09-18 16:00:00,SPXW260918C06670000,1083.1,0.0,0,0,0,0.4689,0.9915,0.0,1.0,6670.0,SPXW260918P06670000,1.15,-0.7,0,0,34,0.4226,-0.0084,0.0,250.0
2026-09-18 16:00:00,SPX260918C06675000,473.3,0.0,0,0,0,0.4175,0.9922,0.0,656.0,6675.0,SPX260918P06675000,1.8,0.0,0,0,0,0.4234,-0.0076,0.0,2934.0
2026-09-18 16:00:00,SPXW260918C06675000,1060.65,0.0,0,0,0,0.469,0.9914,0.0,7.0,6675.0,SPXW260918P06675000,1.1,-0.75,0,0,124,0.4216,-0.0084,0.0,429.0
2026-09-18 16:00:00,SPX260918C06680000,751.6,0.0,0,0,0,0.4153,0.9922,0.0,68.0,6680.0,SPX260918P06680000,1.3,0.0,0,0,0,0.4213,-0.0076,0.0,1279.0
2026-09-18 16:00:00,SPXW260918C06680000,1056.16,0.0,0,0,0,0.4667,0.9913,0.0,7.0,6680.0,SPXW260918P06680000,1.2,-0.675,0,0,72,0.4196,-0.0085,0.0,179.0
2026-09-18 16:00:00,SPX260918C06690000,860.53,0.0,0,0,0,0.4108,0.992,0.0,27.0,6690.0,SPX260918P06690000,0.75,-1.025,0,0,1,0.4193,-0.0078,0.0,418.0
2026-09-18 16:00:00,SPXW260918C06690000,959.06,0.0,0,0,0,0.4621,0.9911,0.0,2.0,6690.0,SPXW260918P06690000,1.15,-0.75,0,0,5666,0.4155,-0.0087,0.0,5720.0
2026-09-18 16:00:00,SPX260918C06700000,966.96,66.06,0,0,40,0.4063,0.9918,0.0,7482.0,6700.0,SPX260918P06700000,1.12,-0.68,0,0,168,0.4154,-0.008,0.0,18295.0
2026-09-18 16:00:00,SPXW260918C06700000,894.25,0.0,0,0,0,0.4575,0.991,0.0,18.0,6700.0,SPXW260918P06700000,1.15,-0.8,0,0,4227,0.4125,-0.0089,0.0,4882.0
2026-09-18 16:00:00,SPX260918C06710000,634.89,0.0,0,0,0,0.4019,0.9917,0.0,75.0,6710.0,SPX260918P06710000,1.15,-0.7,0,0,1,0.4113,-0.0081,0.0,498.0
2026-09-18 16:00:00,SPXW260918C06710000,884.69,0.0,0,0,0,0.4529,0.9908,0.0001,2.0,6710.0,SPXW260918P06710000,1.2,-0.775,0,0,28,0.4094,-0.0091,0.0001,129.0
2026-09-18 16:00:00,SPX260918C06720000,767.2,0.0,0,0,0,0.4023,0.9915,0.0,25.0,6720.0,SPX260918P06720000,1.15,-0.725,0,0,44,0.4093,-0.0083,0.0,430.0
2026-09-18 16:00:00,SPXW260918C06720000,965.6,0.0,0,0,0,0.4506,0.9906,0.0001,29.0,6720.0,SPXW260918P06720000,1.2,-0.825,0,0,21,0.4054,-0.0092,0.0001,70.0
2026-09-18 16:00:00,SPX260918C06725000,800.42,0.0,0,0,0,0.4001,0.9914,0.0,879.0,6725.0,SPX260918P06725000,0.72,-1.155,0,0,37,0.4071,-0.0084,0.0,3215.0
2026-09-18 16:00:00,SPXW260918C06725000,876.69,0.0,0,0,0,0.4483,0.9905,0.0001,9.0,6725.0,SPXW260918P06725000,1.25,-0.8,0,0,17,0.4043,-0.0093,0.0001,216.0
2026-09-18 16:00:00,SPX260918C06730000,806.06,0.0,0,0,0,0.3979,0.9914,0.0,164.0,6730.0,SPX260918P06730000,1.2,-0.7,0,0,2,0.4053,-0.0085,0.0,580.0
2026-09-18 16:00:00,SPXW260918C06730000,0.0,0.0,0,0,0,0.446,0.9904,0.0001,0.0,6730.0,SPXW260918P06730000,1.25,-0.8,0,0,22,0.4023,-0.0094,0.0001,85.0
2026-09-18 16:00:00,SPX260918C06740000,1085.79,0.0,0,0,0,0.3934,0.9912,0.0001,149.0,6740.0,SPX260918P06740000,1.2,-0.75,0,0,16,0.4012,-0.0086,0.0001,624.0
2026-09-18 16:00:00,SPXW260918C06740000,855.0,0.0,0,0,0,0.4414,0.9902,0.0001,2.0,6740.0,SPXW260918P06740000,1.25,-0.85,0,0,34,0.3992,-0.0096,0.0001,81.0
2026-09-18 16:00:00,SPX260918C06750000,844.09,0.0,0,0,0,0.389,0.991,0.0001,2201.0,6750.0,SPX260918P06750000,1.25,-0.725,0,0,295,0.399,-0.0088,0.0001,13748.0
2026-09-18 16:00:00,SPXW260918C06750000,844.49,0.0,0,0,0,0.4368,0.99,0.0001,11.0,6750.0,SPXW260918P06750000,1.25,-0.9,0,0,47,0.396,-0.0098,0.0001,1703.0
2026-09-18 16:00:00,SPX260918C06760000,815.0,0.0,0,0,0,0.3891,0.9908,0.0001,44.0,6760.0,SPX260918P06760000,1.0,-1.025,0,0,38,0.3948,-0.009,0.0001,881.0
2026-09-18 16:00:00,SPXW260918C06760000,921.29,0.0,0,0,0,0.4344,0.9898,0.0001,2.0,6760.0,SPXW260918P06760000,1.3,-0.875,0,0,25,0.3928,-0.01,0.0001,190.0
2026-09-18 16:00:00,SPX260918C06770000,383.5,0.0,0,0,0,0.3846,0.9906,0.0001,55.0,6770.0,SPX260918P06770000,0.85,-1.225,0,0,2,0.3909,-0.0092,0.0001,642.0
2026-09-18 16:00:00,SPXW260918C06770000,1046.1,0.0,0,0,0,0.4298,0.9896,0.0001,0.0,6770.0,SPXW260918P06770000,1.3,-0.925,0,0,20,0.3888,-0.0102,0.0001,107.0
2026-09-18 16:00:00,SPX260918C06775000,850.62,0.0,0,0,0,0.3824,0.9905,0.0001,493.0,6775.0,SPX260918P06775000,0.82,-1.255,0,0,4,0.3907,-0.0093,0.0001,2957.0
2026-09-18 16:00:00,SPXW260918C06775000,826.93,0.0,0,0,0,0.4275,0.9895,0.0001,6.0,6775.0,SPXW260918P06775000,1.3,-0.95,0,0,15,0.3876,-0.0103,0.0001,400.0
2026-09-18 16:00:00,SPX260918C06780000,841.72,0.0,0,0,0,0.3802,0.9904,0.0001,22.0,6780.0,SPX260918P06780000,0.95,-1.125,0,0,213,0.3885,-0.0094,0.0001,761.0
2026-09-18 16:00:00,SPXW260918C06780000,773.73,0.0,0,0,0,0.4252,0.9894,0.0001,1.0,6780.0,SPXW260918P06780000,1.3,-0.975,0,0,23,0.3856,-0.0104,0.0001,100.0
2026-09-18 16:00:00,SPX260918C06790000,878.21,0.0,0,0,0,0.3758,0.9902,0.0001,28.0,6790.0,SPX260918P06790000,1.6,0.0,0,0,0,0.3846,-0.0096,0.0001,752.0
2026-09-18 16:00:00,SPXW260918C06790000,891.51,0.0,0,0,0,0.4206,0.9892,0.0001,102.0,6790.0,SPXW260918P06790000,1.25,-1.075,0,0,28,0.3823,-0.0106,0.0001,175.0
2026-09-18 16:00:00,SPX260918C06800000,898.96,0.0,0,0,0,0.3755,0.99,0.0001,8225.0,6800.0,SPX260918P06800000,1.2,-0.975,0,0,466,0.3812,-0.0098,0.0001,41029.0
2026-09-18 16:00:00,SPXW260918C06800000,891.18,0.0,0,0,0,0.4181,0.989,0.0001,59.0,6800.0,SPXW260918P06800000,1.3,-1.05,0,0,10193,0.3791,-0.0108,0.0001,11535.0
2026-09-18 16:00:00,SPX260918C06810000,970.44,0.0,0,0,0,0.3711,0.9898,0.0001,64.0,6810.0,SPX260918P06810000,1.25,-1.0,0,0,2,0.3779,-0.01,0.0001,589.0
2026-09-18 16:00:00,SPXW260918C06810000,0.0,0.0,0,0,0,0.4135,0.9888,0.0001,0.0,6810.0,SPXW260918P06810000,1.4,-1.025,0,0,39,0.3758,-0.0111,0.0001,226.0
2026-09-18 16:00:00,SPX260918C06820000,747.8,0.0,0,0,0,0.3667,0.9896,0.0001,52.0,6820.0,SPX260918P06820000,1.25,-1.05,0,0,14,0.374,-0.0102,0.0001,622.0
2026-09-18 16:00:00,SPXW260918C06820000,913.45,0.0,0,0,0,0.4089,0.9885,0.0001,11.0,6820.0,SPXW260918P06820000,1.3,-1.175,0,0,61,0.3725,-0.0113,0.0001,308.0
2026-09-18 16:00:00,SPX260918C06825000,852.34,0.0,0,0,0,0.3644,0.9895,0.0001,923.0,6825.0,SPX260918P06825000,1.25,-1.025,0,0,92,0.3726,-0.0103,0.0001,2969.0
2026-09-18 16:00:00,SPXW260918C06825000,778.09,0.0,0,0,0,0.4066,0.9884,0.0001,1.0,6825.0,SPXW260918P06825000,1.35,-1.15,0,0,15,0.3705,-0.0114,0.0001,531.0
2026-09-18 16:00:00,SPX260918C06830000,708.7,0.0,0,0,0,0.3622,0.9894,0.0001,14.0,6830.0,SPX260918P06830000,1.22,-1.105,0,0,26,0.3715,-0.0104,0.0001,1513.0
2026-09-18 16:00:00,SPXW260918C06830000,856.4,0.0,0,0,0,0.4064,0.9883,0.0001,0.0,6830.0,SPXW260918P06830000,1.4,-1.125,0,0,48,0.3692,-0.0116,0.0001,328.0
2026-09-18 16:00:00,SPX260918C06840000,809.65,0.0,0,0,0,0.3617,0.9892,0.0001,15.0,6840.0,SPX260918P06840000,2.0,0.0,0,0,0,0.3673,-0.0107,0.0001,2191.0
2026-09-18 16:00:00,SPXW260918C06840000,772.39,0.0,0,0,0,0.4018,0.988,0.0001,22.0,6840.0,SPXW260918P06840000,1.4,-1.175,0,0,173,0.3651,-0.0118,0.0001,230.0
2026-09-18 16:00:00,SPX260918C06845000,0.0,0.0,0,0,0,0.3595,0.989,0.0001,0.0,6845.0,SPX260918P06845000,1.3,1.3,0,0,6,0.3661,-0.0108,0.0001,6.0
2026-09-18 16:00:00,SPXW260918C06845000,0.0,0.0,0,0,0,0.3995,0.9879,0.0001,0.0,6845.0,SPXW260918P06845000,1.45,1.45,0,0,3,0.3638,-0.0119,0.0001,3.0
2026-09-18 16:00:00,SPX260918C06850000,872.3,0.0,0,0,0,0.3573,0.9889,0.0001,6788.0,6850.0,SPX260918P06850000,1.3,-1.125,0,0,2643,0.3639,-0.0109,0.0001,16453.0
2026-09-18 16:00:00,SPXW260918C06850000,761.59,0.0,0,0,0,0.3972,0.9878,0.0001,42.0,6850.0,SPXW260918P06850000,1.55,-1.075,0,0,73,0.3617,-0.012,0.0001,1665.0
2026-09-18 16:00:00,SPX260918C06855000,0.0,0.0,0,0,0,0.3551,0.9888,0.0001,0.0,6855.0,SPX260918P06855000,0.95,0.95,0,0,10,0.3628,-0.011,0.0001,10.0
2026-09-18 16:00:00,SPXW260918C06855000,0.0,0.0,0,0,0,0.3948,0.9876,0.0001,0.0,6855.0,SPXW260918P06855000,1.45,1.45,0,0,49,0.3604,-0.0122,0.0001,48.0
2026-09-18 16:00:00,SPX260918C06860000,819.48,0.0,0,0,0,0.3528,0.9887,0.0001,170.0,6860.0,SPX260918P06860000,0.85,-1.625,0,0,16,0.3606,-0.0112,0.0001,779.0
2026-09-18 16:00:00,SPXW260918C06860000,870.37,0.0,0,0,0,0.3925,0.9875,0.0001,5.0,6860.0,SPXW260918P06860000,1.45,-1.25,0,0,31,0.3584,-0.0123,0.0001,136.0
2026-09-18 16:00:00,SPX260918C06865000,0.0,0.0,0,0,0,0.3506,0.9886,0.0001,0.0,6865.0,SPX260918P06865000,1.0,1.0,0,0,10,0.3595,-0.0113,0.0001,10.0
2026-09-18 16:00:00,SPXW260918C06865000,0.0,0.0,0,0,0,0.3922,0.9874,0.0001,0.0,6865.0,SPXW260918P06865000,1.5,1.5,0,0,3,0.3571,-0.0124,0.0001,3.0
2026-09-18 16:00:00,SPX260918C06870000,618.72,0.0,0,0,0,0.352,0.9884,0.0001,92.0,6870.0,SPX260918P06870000,1.35,-1.175,0,0,161,0.3565,-0.0114,0.0001,1264.0
2026-09-18 16:00:00,SPXW260918C06870000,780.56,0.0,0,0,0,0.3899,0.9872,0.0001,2.0,6870.0,SPXW260918P06870000,1.6,-1.15,0,0,23,0.355,-0.0126,0.0001,141.0
2026-09-18 16:00:00,SPX260918C06875000,725.47,0.0,0,0,0,0.3498,0.9883,0.0001,1201.0,6875.0,SPX260918P06875000,1.35,-1.225,0,0,6,0.3561,-0.0115,0.0001,2886.0
2026-09-18 16:00:00,SPXW260918C06875000,871.04,0.0,0,0,0,0.3876,0.9871,0.0001,15.0,6875.0,SPXW260918P06875000,1.55,-1.25,0,0,31,0.3537,-0.0127,0.0001,541.0
2026-09-18 16:00:00,SPX260918C06880000,607.13,0.0,0,0,0,0.3476,0.9882,0.0001,32.0,6880.0,SPX260918P06880000,1.42,-1.18,0,0,37,0.3539,-0.0117,0.0001,1430.0
2026-09-18 16:00:00,SPXW260918C06880000,599.95,0.0,0,0,0,0.3853,0.987,0.0001,1.0,6880.0,SPXW260918P06880000,1.55,-1.275,0,0,18,0.3516,-0.0129,0.0001,159.0
2026-09-18 16:00:00,SPX260918C06885000,0.0,0.0,0,0,0,0.3454,0.988,0.0001,0.0,6885.0,SPX260918P06885000,0.0,0.0,0,0,0,0.3518,-0.0118,0.0001,0.0
2026-09-18 16:00:00,SPXW260918C06885000,0.0,0.0,0,0,0,0.383,0.9868,0.0001,0.0,6885.0,SPXW260918P06885000,1.65,1.65,0,0,4,0.3502,-0.013,0.0001,4.0
2026-09-18 16:00:00,SPX260918C06890000,894.9,0.0,0,0,0,0.3432,0.9879,0.0001,146.0,6890.0,SPX260918P06890000,1.45,-1.2,0,0,103,0.3505,-0.0119,0.0001,2780.0
2026-09-18 16:00:00,SPXW260918C06890000,856.61,0.0,0,0,0,0.3807,0.9867,0.0001,8.0,6890.0,SPXW260918P06890000,1.65,-1.38,0,0,24,0.3482,-0.0132,0.0001,95.0
2026-09-18 16:00:00,SPX260918C06895000,0.0,0.0,0,0,0,0.341,0.9878,0.0001,0.0,6895.0,SPX260918P06895000,1.4,1.4,0,0,21,0.3486,-0.0121,0.0001,21.0
2026-09-18 16:00:00,SPXW260918C06895000,0.0,0.0,0,0,0,0.3803,0.9865,0.0001,0.0,6895.0,SPXW260918P06895000,1.65,1.65,0,0,3,0.3468,-0.0133,0.0001,3.0
2026-09-18 16:00:00,SPX260918C06900000,701.99,0.0,0,0,0,0.3422,0.9876,0.0001,9606.0,6900.0,SPX260918P06900000,1.4,-1.325,0,0,282,0.3472,-0.0122,0.0001,25773.0
2026-09-18 16:00:00,SPXW260918C06900000,787.46,0.0,0,0,0,0.378,0.9864,0.0001,39.0,6900.0,SPXW260918P06900000,1.7,-1.42,0,0,1542,0.3454,-0.0135,0.0001,1770.0
2026-09-18 16:00:00,SPX260918C06905000,0.0,0.0,0,0,0,0.3399,0.9875,0.0001,0.0,6905.0,SPX260918P06905000,1.05,1.05,0,0,2,0.3449,-0.0124,0.0001,1.0
2026-09-18 16:00:00,SPXW260918C06905000,0.0,0.0,0,0,0,0.3756,0.9862,0.0001,0.0,6905.0,SPXW260918P06905000,1.7,-1.325,0,0,42,0.3433,-0.0136,0.0001,86.0
2026-09-18 16:00:00,SPX260918C06910000,771.1,0.0,0,0,0,0.3377,0.9873,0.0001,2809.0,6910.0,SPX260918P06910000,1.45,-1.325,0,0,248,0.3436,-0.0125,0.0001,792.0
2026-09-18 16:00:00,SPXW260918C06910000,0.0,0.0,0,0,0,0.3733,0.9861,0.0001,0.0,6910.0,SPXW260918P06910000,1.65,-1.375,0,0,160,0.3419,-0.0138,0.0001,224.0
2026-09-18 16:00:00,SPX260918C06915000,0.0,0.0,0,0,0,0.3355,0.9872,0.0001,0.0,6915.0,SPX260918P06915000,0.0,0.0,0,0,0,0.3415,-0.0126,0.0001,0.0
2026-09-18 16:00:00,SPXW260918C06915000,0.0,0.0,0,0,0,0.371,0.9859,0.0001,0.0,6915.0,SPXW260918P06915000,1.7,-1.4,0,0,79,0.3399,-0.0139,0.0001,56.0
2026-09-18 16:00:00,SPX260918C06920000,901.88,0.0,0,0,0,0.3333,0.987,0.0001,63.0,6920.0,SPX260918P06920000,1.45,-1.4,0,0,11,0.3403,-0.0128,0.0001,1396.0
2026-09-18 16:00:00,SPXW260918C06920000,690.64,0.0,0,0,0,0.3687,0.9857,0.0001,1.0,6920.0,SPXW260918P06920000,1.65,-1.45,0,0,13,0.3384,-0.0141,0.0001,88.0
2026-09-18 16:00:00,SPX260918C06925000,889.53,0.0,0,0,0,0.3311,0.9869,0.0001,759.0,6925.0,SPX260918P06925000,1.45,-1.45,0,0,47,0.338,-0.013,0.0001,2932.0
2026-09-18 16:00:00,SPXW260918C06925000,755.7,0.0,0,0,0,0.3682,0.9856,0.0001,12.0,6925.0,SPXW260918P06925000,1.6,-1.55,0,0,53,0.3364,-0.0143,0.0001,232.0
2026-09-18 16:00:00,SPX260918C06930000,785.75,0.0,0,0,0,0.332,0.9867,0.0001,105.0,6930.0,SPX260918P06930000,1.02,-1.905,0,0,115,0.3366,-0.0131,0.0001,887.0
2026-09-18 16:00:00,SPXW260918C06930000,762.5,0.0,0,0,0,0.3659,0.9854,0.0001,3.0,6930.0,SPXW260918P06930000,1.6,-1.6,0,0,1410,0.3349,-0.0144,0.0001,1512.0
2026-09-18 16:00:00,SPX260918C06935000,0.0,0.0,0,0,0,0.3298,0.9866,0.0001,0.0,6935.0,SPX260918P06935000,1.15,1.15,0,0,205,0.3347,-0.0133,0.0001,205.0
2026-09-18 16:00:00,SPXW260918C06935000,0.0,0.0,0,0,0,0.3636,0.9852,0.0001,0.0,6935.0,SPXW260918P06935000,1.62,-1.58,0,0,2818,0.3335,-0.0146,0.0001,2815.0
2026-09-18 16:00:00,SPX260918C06940000,621.7,0.0,0,0,0,0.3402,0.9864,0.0001,44.0,6940.0,SPX260918P06940000,1.5,-1.5,0,0,16,0.3333,-0.0134,0.0001,482.0
2026-09-18 16:00:00,SPXW260918C06940000,754.45,0.0,0,0,0,0.3613,0.9851,0.0001,2.0,6940.0,SPXW260918P06940000,1.65,-1.65,0,0,2846,0.3314,-0.0148,0.0001,2913.0
2026-09-18 16:00:00,SPX260918C06945000,0.0,0.0,0,0,0,0.334,0.9862,0.0001,0.0,6945.0,SPX260918P06945000,1.5,1.5,0,0,122,0.3318,-0.0136,0.0001,122.0
2026-09-18 16:00:00,SPXW260918C06945000,0.0,0.0,0,0,0,0.359,0.9849,0.0001,0.0,6945.0,SPXW260918P06945000,1.7,-1.6,0,0,1424,0.3299,-0.015,0.0001,1400.0
2026-09-18 16:00:00,SPX260918C06950000,715.8,63.35,0,0,1,0.3304,0.9861,0.0001,3836.0,6950.0,SPX260918P06950000,1.45,-1.65,0,0,276,0.3296,-0.0138,0.0001,12509.0
2026-09-18 16:00:00,SPXW260918C06950000,645.45,0.0,0,0,0,0.3566,0.9847,0.0001,260.0,6950.0,SPXW260918P06950000,1.65,-1.7,0,0,5736,0.3285,-0.0151,0.0001,7917.0
2026-09-18 16:00:00,SPX260918C06955000,0.0,0.0,0,0,0,0.3334,0.9859,0.0001,0.0,6955.0,SPX260918P06955000,0.0,0.0,0,0,0,0.3283,-0.0139,0.0001,0.0
2026-09-18 16:00:00,SPXW260918C06955000,0.0,0.0,0,0,0,0.3561,0.9845,0.0001,0.0,6955.0,SPXW260918P06955000,1.7,-1.7,0,0,30,0.3264,-0.0153,0.0001,41.0
2026-09-18 16:00:00,SPX260918C06960000,775.0,0.0,0,0,0,0.3259,0.9857,0.0001,536.0,6960.0,SPX260918P06960000,1.55,-1.6,0,0,79,0.326,-0.0141,0.0001,1054.0
2026-09-18 16:00:00,SPXW260918C06960000,547.13,0.0,0,0,0,0.3538,0.9843,0.0001,1.0,6960.0,SPXW260918P06960000,1.75,-1.7,0,0,40,0.3249,-0.0155,0.0001,250.0
2026-09-18 16:00:00,SPX260918C06965000,0.0,0.0,0,0,0,0.3289,0.9855,0.0001,0.0,6965.0,SPX260918P06965000,0.0,0.0,0,0,0,0.3246,-0.0143,0.0001,0.0
2026-09-18 16:00:00,SPXW260918C06965000,0.0,0.0,0,0,0,0.3514,0.9841,0.0001,0.0,6965.0,SPXW260918P06965000,1.75,-1.78,0,0,14,0.3234,-0.0157,0.0001,70.0
2026-09-18 16:00:00,SPX260918C06970000,622.8,0.0,0,0,0,0.3279,0.9854,0.0001,2.0,6970.0,SPX260918P06970000,4.4,0.0,0,0,0,0.3226,-0.0145,0.0001,529.0
2026-09-18 16:00:00,SPXW260918C06970000,0.0,0.0,0,0,0,0.3491,0.9839,0.0001,0.0,6970.0,SPXW260918P06970000,1.8,-1.7,0,0,36,0.3213,-0.0159,0.0001,139.0
2026-09-18 16:00:00,SPX260918C06975000,620.43,0.0,0,0,0,0.3244,0.9852,0.0001,2189.0,6975.0,SPX260918P06975000,1.3,-2.0,0,0,64,0.3211,-0.0146,0.0001,4974.0
2026-09-18 16:00:00,SPXW260918C06975000,695.5,0.0,0,0,0,0.3468,0.9837,0.0001,6.0,6975.0,SPXW260918P06975000,1.8,-1.88,0,0,26,0.3198,-0.0161,0.0001,842.0
2026-09-18 16:00:00,SPX260918C06980000,855.73,0.0,0,0,0,0.3209,0.985,0.0001,9.0,6980.0,SPX260918P06980000,1.57,-1.65,0,0,4,0.3195,-0.0148,0.0001,1425.0
2026-09-18 16:00:00,SPXW260918C06980000,690.7,0.0,0,0,0,0.3462,0.9835,0.0001,1.0,6980.0,SPXW260918P06980000,1.88,-1.72,0,0,13,0.3183,-0.0163,0.0001,281.0
2026-09-18 16:00:00,SPX260918C06985000,0.0,0.0,0,0,0,0.3223,0.9848,0.0001,0.0,6985.0,SPX260918P06985000,0.0,0.0,0,0,0,0.3176,-0.015,0.0001,0.0
2026-09-18 16:00:00,SPXW260918C06985000,616.86,0.0,0,0,0,0.3438,0.9833,0.0001,2.0,6985.0,SPXW260918P06985000,1.95,-1.75,0,0,27,0.3162,-0.0165,0.0001,76.0
2026-09-18 16:00:00,SPX260918C06990000,833.54,0.0,0,0,0,0.3201,0.9846,0.0001,66.0,6990.0,SPX260918P06990000,1.65,-1.8,0,0,14,0.316,-0.0152,0.0001,1328.0
2026-09-18 16:00:00,SPXW260918C06990000,0.0,0.0,0,0,0,0.3415,0.9831,0.0001,0.0,6990.0,SPXW260918P06990000,1.8,-1.95,0,0,91,0.3146,-0.0167,0.0001,370.0
2026-09-18 16:00:00,SPX260918C06995000,704.34,0.0,0,0,0,0.3178,0.9844,0.0001,7.0,6995.0,SPX260918P06995000,1.65,-1.85,0,0,55,0.3144,-0.0154,0.0001,2982.0
2026-09-18 16:00:00,SPXW260918C06995000,0.0,0.0,0,0,0,0.3392,0.9829,0.0001,0.0,6995.0,SPXW260918P06995000,1.95,-1.85,0,0,50,0.3131,-0.0169,0.0001,161.0
2026-09-18 16:00:00,SPX260918C07000000,667.96,65.01,0,0,7885,0.3156,0.9842,0.0001,367249.0,7000.0,SPX260918P07000000,1.6,-1.85,0,0,10751,0.3124,-0.0156,0.0001,382647.0
2026-09-18 16:00:00,SPXW260918C07000000,668.02,65.77,0,0,74,0.3369,0.9827,0.0001,262.0,7000.0,SPXW260918P07000000,1.8,-2.1,0,0,1090,0.311,-0.0172,0.0001,2778.0
2026-09-18 16:00:00,SPX260918C07005000,683.44,0.0,0,0,0,0.3109,0.984,0.0001,22.0,7005.0,SPX260918P07005000,1.8,-1.8,0,0,45,0.3115,-0.0158,0.0001,430.0
2026-09-18 16:00:00,SPXW260918C07005000,715.27,0.0,0,0,0,0.3362,0.9825,0.0001,5.0,7005.0,SPXW260918P07005000,2.0,-1.9,0,0,40,0.31,-0.0174,0.0001,41.0
2026-09-18 16:00:00,SPX260918C07010000,713.2,0.0,0,0,0,0.3134,0.9838,0.0001,55.0,7010.0,SPX260918P07010000,1.7,-1.95,0,0,3,0.3094,-0.016,0.0001,543.0
2026-09-18 16:00:00,SPXW260918C07010000,678.93,0.0,0,0,0,0.3338,0.9822,0.0001,22.0,7010.0,SPXW260918P07010000,1.85,-2.15,0,0,35,0.3078,-0.0176,0.0001,164.0
2026-09-18 16:00:00,SPX260918C07015000,499.14,0.0,0,0,0,0.3111,0.9835,0.0001,5.0,7015.0,SPX260918P07015000,1.7,-2.0,0,0,2,0.3071,-0.0163,0.0001,679.0
2026-09-18 16:00:00,SPXW260918C07015000,0.0,0.0,0,0,0,0.3315,0.982,0.0001,37.0,7015.0,SPXW260918P07015000,1.95,-2.05,0,0,32,0.3062,-0.0178,0.0001,42.0
2026-09-18 16:00:00,SPX260918C07020000,542.9,0.0,0,0,0,0.3088,0.9833,0.0001,8.0,7020.0,SPX260918P07020000,1.85,-1.9,0,0,14,0.3062,-0.0165,0.0001,450.0
2026-09-18 16:00:00,SPXW260918C07020000,647.71,63.56,0,0,2,0.3292,0.9818,0.0001,2.0,7020.0,SPXW260918P07020000,1.95,-2.15,0,0,33,0.3046,-0.0181,0.0001,143.0
2026-09-18 16:00:00,SPX260918C07025000,656.9,0.0,0,0,0,0.3043,0.9831,0.0001,1414.0,7025.0,SPX260918P07025000,1.5,-2.3,0,0,50,0.3041,-0.0167,0.0001,2734.0
2026-09-18 16:00:00,SPXW260918C07025000,626.35,0.0,0,0,0,0.3284,0.9815,0.0001,26.0,7025.0,SPXW260918P07025000,1.9,-2.25,0,0,100,0.3025,-0.0183,0.0001,500.0
2026-09-18 16:00:00,SPX260918C07030000,692.21,0.0,0,0,0,0.3043,0.9829,0.0001,18.0,7030.0,SPX260918P07030000,1.75,-2.1,0,0,10,0.3013,-0.017,0.0001,949.0
2026-09-18 16:00:00,SPXW260918C07030000,553.59,0.0,0,0,0,0.3261,0.9813,0.0001,1.0,7030.0,SPXW260918P07030000,1.9,-2.3,0,0,1451,0.3014,-0.0186,0.0001,1554.0
2026-09-18 16:00:00,SPX260918C07035000,525.1,0.0,0,0,0,0.3043,0.9826,0.0001,1.0,7035.0,SPX260918P07035000,1.8,-2.15,0,0,2,0.3009,-0.0172,0.0001,1250.0
2026-09-18 16:00:00,SPXW260918C07035000,0.0,0.0,0,0,0,0.3237,0.981,0.0001,0.0,7035.0,SPXW260918P07035000,1.92,-2.38,0,0,2822,0.2993,-0.0188,0.0001,2823.0
2026-09-18 16:00:00,SPX260918C07040000,414.41,0.0,0,0,0,0.302,0.9824,0.0001,30.0,7040.0,SPX260918P07040000,2.67,0.0,0,0,0,0.2988,-0.0174,0.0001,897.0
2026-09-18 16:00:00,SPXW260918C07040000,712.71,0.0,0,0,0,0.3214,0.9807,0.0001,10.0,7040.0,SPXW260918P07040000,1.95,-2.4,0,0,2805,0.2982,-0.0191,0.0001,3047.0
2026-09-18 16:00:00,SPX260918C07045000,518.4,0.0,0,0,0,0.2976,0.9821,0.0001,1.0,7045.0,SPX260918P07045000,1.8,-2.25,0,0,1,0.2966,-0.0177,0.0001,894.0
2026-09-18 16:00:00,SPXW260918C07045000,0.0,0.0,0,0,0,0.3206,0.9805,0.0001,0.0,7045.0,SPXW260918P07045000,2.0,-2.43,0,0,1427,0.296,-0.0194,0.0001,1442.0
2026-09-18 16:00:00,SPX260918C07050000,561.6,0.0,0,0,0,0.2975,0.9819,0.0001,4342.0,7050.0,SPX260918P07050000,1.95,-2.15,0,0,40,0.2956,-0.0179,0.0001,6254.0
2026-09-18 16:00:00,SPXW260918C07050000,618.34,65.54,0,0,2,0.3182,0.9802,0.0001,29.0,7050.0,SPXW260918P07050000,2.05,-2.45,0,0,5886,0.2944,-0.0196,0.0001,6045.0
2026-09-18 16:00:00,SPX260918C07055000,727.56,0.0,0,0,0,0.2973,0.9816,0.0001,363.0,7055.0,SPX260918P07055000,1.95,-2.2,0,0,10,0.2934,-0.0182,0.0001,712.0
2026-09-18 16:00:00,SPXW260918C07055000,0.0,0.0,0,0,0,0.3159,0.9799,0.0002,0.0,7055.0,SPXW260918P07055000,2.0,-2.6,0,0,93,0.2928,-0.0199,0.0002,122.0
2026-09-18 16:00:00,SPX260918C07060000,631.18,0.0,0,0,0,0.295,0.9814,0.0001,6.0,7060.0,SPX260918P07060000,5.4,0.0,0,0,0,0.2923,-0.0185,0.0001,848.0
2026-09-18 16:00:00,SPXW260918C07060000,0.0,0.0,0,0,0,0.3135,0.9796,0.0002,0.0,7060.0,SPXW260918P07060000,2.0,-2.6,0,0,27,0.2911,-0.0202,0.0002,195.0
2026-09-18 16:00:00,SPX260918C07065000,591.64,0.0,0,0,0,0.2927,0.9811,0.0001,1.0,7065.0,SPX260918P07065000,5.3,0.0,0,0,0,0.2902,-0.0187,0.0001,141.0
2026-09-18 16:00:00,SPXW260918C07065000,0.0,0.0,0,0,0,0.3126,0.9793,0.0002,0.0,7065.0,SPXW260918P07065000,2.0,-2.7,0,0,23,0.2894,-0.0205,0.0002,107.0
2026-09-18 16:00:00,SPX260918C07070000,430.42,0.0,0,0,0,0.2905,0.9808,0.0001,2.0,7070.0,SPX260918P07070000,4.85,0.0,0,0,0,0.2889,-0.019,0.0001,561.0
2026-09-18 16:00:00,SPXW260918C07070000,0.0,0.0,0,0,0,0.3103,0.979,0.0002,300.0,7070.0,SPXW260918P07070000,2.05,-2.75,0,0,36,0.2877,-0.0208,0.0002,291.0
2026-09-18 16:00:00,SPX260918C07075000,536.0,0.0,0,0,0,0.2902,0.9805,0.0002,1182.0,7075.0,SPX260918P07075000,1.57,-2.88,0,0,6,0.2869,-0.0193,0.0002,2103.0
2026-09-18 16:00:00,SPXW260918C07075000,597.79,69.04,0,0,58,0.308,0.9787,0.0002,62.0,7075.0,SPXW260918P07075000,2.1,-2.8,0,0,73,0.2861,-0.0211,0.0002,497.0
2026-09-18 16:00:00,SPX260918C07080000,568.15,0.0,0,0,0,0.2879,0.9802,0.0002,28.0,7080.0,SPX260918P07080000,1.59,-2.96,0,0,2,0.2851,-0.0196,0.0002,2027.0
2026-09-18 16:00:00,SPXW260918C07080000,592.16,66.86,0,0,58,0.3056,0.9784,0.0002,58.0,7080.0,SPXW260918P07080000,2.15,-2.8,0,0,35,0.2848,-0.0214,0.0002,285.0
2026-09-18 16:00:00,SPX260918C07085000,640.56,0.0,0,0,0,0.2856,0.9799,0.0002,3.0,7085.0,SPX260918P07085000,1.92,-2.68,0,0,50,0.2835,-0.0199,0.0002,736.0
2026-09-18 16:00:00,SPXW260918C07085000,588.45,70.55,0,0,3,0.3047,0.9781,0.0002,3.0,7085.0,SPXW260918P07085000,2.1,-2.95,0,0,130,0.2826,-0.0217,0.0002,155.0
2026-09-18 16:00:00,SPX260918C07090000,695.44,0.0,0,0,0,0.2833,0.9796,0.0002,4.0,7090.0,SPX260918P07090000,2.0,-2.65,0,0,14,0.2813,-0.0202,0.0002,637.0
2026-09-18 16:00:00,SPXW260918C07090000,556.75,0.0,0,0,0,0.3023,0.9778,0.0002,6.0,7090.0,SPXW260918P07090000,2.2,-2.9,0,0,24,0.2814,-0.0221,0.0002,1536.0
2026-09-18 16:00:00,SPX260918C07095000,693.05,0.0,0,0,0,0.283,0.9793,0.0002,6.0,7095.0,SPX260918P07095000,2.0,-2.75,0,0,14,0.2801,-0.0205,0.0002,322.0
2026-09-18 16:00:00,SPXW260918C07095000,0.0,0.0,0,0,0,0.3,0.9774,0.0002,0.0,7095.0,SPXW260918P07095000,2.15,-3.05,0,0,122,0.2792,-0.0224,0.0002,139.0
2026-09-18 16:00:00,SPX260918C07100000,513.2,0.0,0,0,0,0.2816,0.979,0.0002,10961.0,7100.0,SPX260918P07100000,1.85,-3.0,0,0,1262,0.2778,-0.0208,0.0002,22146.0
2026-09-18 16:00:00,SPXW260918C07100000,571.38,66.03,0,0,6,0.299,0.9771,0.0002,89.0,7100.0,SPXW260918P07100000,2.25,-3.05,0,0,279,0.2779,-0.0228,0.0002,3062.0
2026-09-18 16:00:00,SPX260918C07105000,639.32,0.0,0,0,0,0.2784,0.9786,0.0002,6.0,7105.0,SPX260918P07105000,3.12,0.0,0,0,0,0.2766,-0.0212,0.0002,1842.0
2026-09-18 16:00:00,SPXW260918C07105000,0.0,0.0,0,0,0,0.2966,0.9767,0.0002,0.0,7105.0,SPXW260918P07105000,2.2,-3.2,0,0,15,0.2757,-0.0231,0.0002,76.0
2026-09-18 16:00:00,SPX260918C07110000,422.33,0.0,0,0,0,0.2761,0.9783,0.0002,91.0,7110.0,SPX260918P07110000,4.25,0.0,0,0,0,0.2744,-0.0215,0.0002,919.0
2026-09-18 16:00:00,SPXW260918C07110000,560.55,65.0,0,0,6,0.2942,0.9763,0.0002,11.0,7110.0,SPXW260918P07110000,2.3,-3.2,0,0,36,0.2744,-0.0235,0.0002,139.0
2026-09-18 16:00:00,SPX260918C07115000,656.71,0.0,0,0,0,0.2756,0.978,0.0002,9.0,7115.0,SPX260918P07115000,3.4,0.0,0,0,0,0.2731,-0.0219,0.0002,1460.0
2026-09-18 16:00:00,SPXW260918C07115000,0.0,0.0,0,0,0,0.2932,0.976,0.0002,0.0,7115.0,SPXW260918P07115000,2.25,-3.35,0,0,67,0.2726,-0.0239,0.0002,226.0
2026-09-18 16:00:00,SPX260918C07120000,386.01,0.0,0,0,0,0.2715,0.9776,0.0002,585.0,7120.0,SPX260918P07120000,1.75,-3.5,0,0,2,0.2709,-0.0222,0.0002,1232.0
2026-09-18 16:00:00,SPXW260918C07120000,661.44,0.0,0,0,0,0.2908,0.9756,0.0002,10.0,7120.0,SPXW260918P07120000,2.3,-3.35,0,0,25,0.2709,-0.0242,0.0002,159.0
2026-09-18 16:00:00,SPX260918C07125000,555.4,0.0,0,0,0,0.2728,0.9772,0.0002,1259.0,7125.0,SPX260918P07125000,1.92,-3.38,0,0,2,0.2696,-0.0226,0.0002,4954.0
2026-09-18 16:00:00,SPXW260918C07125000,546.12,66.07,0,0,1,0.2884,0.9752,0.0002,18.0,7125.0,SPXW260918P07125000,2.35,-3.45,0,0,105,0.2695,-0.0246,0.0002,419.0
2026-09-18 16:00:00,SPX260918C07130000,402.5,0.0,0,0,0,0.2696,0.9768,0.0002,65.0,7130.0,SPX260918P07130000,1.84,-3.56,0,0,7,0.2683,-0.023,0.0002,1566.0
2026-09-18 16:00:00,SPXW260918C07130000,657.67,0.0,0,0,0,0.2874,0.9748,0.0002,6.0,7130.0,SPXW260918P07130000,2.35,-3.6,0,0,54,0.2677,-0.0251,0.0002,287.0
2026-09-18 16:00:00,SPX260918C07135000,0.0,0.0,0,0,0,0.2664,0.9764,0.0002,0.0,7135.0,SPX260918P07135000,2.0,-3.5,0,0,169,0.266,-0.0234,0.0002,803.0
2026-09-18 16:00:00,SPXW260918C07135000,652.85,0.0,0,0,0,0.285,0.9743,0.0002,2.0,7135.0,SPXW260918P07135000,2.5,-3.55,0,0,31,0.2659,-0.0255,0.0002,147.0
2026-09-18 16:00:00,SPX260918C07140000,530.33,65.23,0,0,2,0.2675,0.976,0.0002,19.0,7140.0,SPX260918P07140000,1.87,-3.78,0,0,42,0.2648,-0.0238,0.0002,646.0
2026-09-18 16:00:00,SPXW260918C07140000,411.6,0.0,0,0,0,0.2826,0.9739,0.0002,6.0,7140.0,SPXW260918P07140000,2.4,-3.8,0,0,92,0.2645,-0.0259,0.0002,208.0
2026-09-18 16:00:00,SPX260918C07145000,436.74,0.0,0,0,0,0.2644,0.9756,0.0002,7.0,7145.0,SPX260918P07145000,2.25,-3.5,0,0,9,0.2629,-0.0242,0.0002,705.0
2026-09-18 16:00:00,SPXW260918C07145000,637.98,0.0,0,0,0,0.2814,0.9735,0.0002,10.0,7145.0,SPXW260918P07145000,2.45,-3.85,0,0,164,0.2627,-0.0264,0.0002,305.0
2026-09-18 16:00:00,SPX260918C07150000,520.38,65.18,0,0,2,0.2612,0.9752,0.0002,5551.0,7150.0,SPX260918P07150000,2.3,-3.55,0,0,91,0.2616,-0.0246,0.0002,8142.0
2026-09-18 16:00:00,SPXW260918C07150000,568.01,0.0,0,0,0,0.2791,0.973,0.0002,17.0,7150.0,SPXW260918P07150000,2.57,-3.83,0,0,270,0.2612,-0.0268,0.0002,7105.0
2026-09-18 16:00:00,SPX260918C07155000,581.26,0.0,0,0,0,0.2622,0.9748,0.0002,5.0,7155.0,SPX260918P07155000,2.4,-3.55,0,0,1,0.2601,-0.025,0.0002,591.0
2026-09-18 16:00:00,SPXW260918C07155000,618.45,0.0,0,0,0,0.2767,0.9725,0.0002,3.0,7155.0,SPXW260918P07155000,2.55,-4.0,0,0,95,0.2594,-0.0273,0.0002,152.0
2026-09-18 16:00:00,SPX260918C07160000,529.08,0.0,0,0,0,0.2607,0.9743,0.0002,56.0,7160.0,SPX260918P07160000,2.35,-3.7,0,0,52,0.2578,-0.0255,0.0002,912.0
2026-09-18 16:00:00,SPXW260918C07160000,602.32,0.0,0,0,0,0.2755,0.972,0.0002,9.0,7160.0,SPXW260918P07160000,2.55,-4.1,0,0,36,0.2579,-0.0278,0.0002,202.0
2026-09-18 16:00:00,SPX260918C07165000,550.0,0.0,0,0,0,0.2591,0.9739,0.0002,35.0,7165.0,SPX260918P07165000,2.35,-3.85,0,0,121,0.2565,-0.0259,0.0002,738.0
2026-09-18 16:00:00,SPXW260918C07165000,489.29,0.0,0,0,0,0.2731,0.9715,0.0002,11.0,7165.0,SPXW260918P07165000,2.6,-4.2,0,0,41,0.2568,-0.0283,0.0002,174.0
2026-09-18 16:00:00,SPX260918C07170000,322.88,0.0,0,0,0,0.256,0.9734,0.0002,15.0,7170.0,SPX260918P07170000,2.37,-3.98,0,0,2777,0.255,-0.0264,0.0002,3304.0
2026-09-18 16:00:00,SPXW260918C07170000,609.0,0.0,0,0,0,0.2719,0.971,0.0002,8.0,7170.0,SPXW260918P07170000,2.7,-4.25,0,0,141,0.2545,-0.0288,0.0002,275.0
2026-09-18 16:00:00,SPX260918C07175000,440.3,0.0,0,0,0,0.2521,0.9729,0.0002,2166.0,7175.0,SPX260918P07175000,2.45,-4.0,0,0,196,0.2532,-0.0269,0.0002,6465.0
2026-09-18 16:00:00,SPXW260918C07175000,494.4,62.5,0,0,1,0.2695,0.9705,0.0002,200.0,7175.0,SPXW260918P07175000,2.74,-4.36,0,0,179,0.2533,-0.0293,0.0002,965.0
2026-09-18 16:00:00,SPX260918C07180000,498.21,72.11,0,0,1,0.2536,0.9724,0.0002,17.0,7180.0,SPX260918P07180000,2.4,-4.2,0,0,64,0.2512,-0.0274,0.0002,689.0
2026-09-18 16:00:00,SPXW260918C07180000,572.19,0.0,0,0,0,0.2682,0.97,0.0002,21.0,7180.0,SPXW260918P07180000,2.7,-4.55,0,0,60,0.2514,-0.0299,0.0002,252.0
2026-09-18 16:00:00,SPX260918C07185000,607.05,0.0,0,0,0,0.252,0.9719,0.0002,7.0,7185.0,SPX260918P07185000,2.5,-4.25,0,0,34,0.2498,-0.0279,0.0002,517.0
2026-09-18 16:00:00,SPXW260918C07185000,488.91,0.0,0,0,0,0.2658,0.9694,0.0003,6.0,7185.0,SPXW260918P07185000,2.75,-4.65,0,0,49,0.2495,-0.0304,0.0003,236.0
2026-09-18 16:00:00,SPX260918C07190000,570.31,0.0,0,0,0,0.2496,0.9713,0.0002,209.0,7190.0,SPX260918P07190000,2.5,-4.35,0,0,5,0.2482,-0.0285,0.0002,1775.0
2026-09-18 16:00:00,SPXW260918C07190000,324.0,0.0,0,0,0,0.2645,0.9688,0.0003,5.0,7190.0,SPXW260918P07190000,2.8,-4.75,0,0,62,0.248,-0.031,0.0003,219.0
2026-09-18 16:00:00,SPX260918C07195000,350.19,0.0,0,0,0,0.2466,0.9708,0.0003,4.0,7195.0,SPX260918P07195000,2.65,-4.4,0,0,165,0.2466,-0.029,0.0003,536.0
2026-09-18 16:00:00,SPXW260918C07195000,421.95,0.0,0,0,0,0.2621,0.9682,0.0003,21.0,7195.0,SPXW260918P07195000,2.8,-4.88,0,0,60,0.2464,-0.0316,0.0003,279.0
2026-09-18 16:00:00,SPX260918C07200000,404.32,0.0,0,0,0,0.2464,0.9702,0.0003,17773.0,7200.0,SPX260918P07200000,2.75,-4.4,0,0,2408,0.2447,-0.0296,0.0003,31674.0
2026-09-18 16:00:00,SPXW260918C07200000,476.0,68.0,0,0,3,0.246,0.9676,0.0003,2067.0,7200.0,SPXW260918P07200000,2.9,-5.0,0,0,477,0.2448,-0.0322,0.0003,3609.0
2026-09-18 16:00:00,SPX260918C07205000,587.87,0.0,0,0,0,0.2426,0.9696,0.0003,34.0,7205.0,SPX260918P07205000,2.7,-4.65,0,0,89,0.2435,-0.0302,0.0003,1164.0
2026-09-18 16:00:00,SPXW260918C07205000,312.2,0.0,0,0,0,0.2583,0.9669,0.0003,19.0,7205.0,SPXW260918P07205000,2.9,-5.1,0,0,102,0.2432,-0.0329,0.0003,129.0
2026-09-18 16:00:00,SPX260918C07210000,340.0,0.0,0,0,0,0.2417,0.969,0.0003,1626.0,7210.0,SPX260918P07210000,2.75,-4.75,0,0,2,0.2415,-0.0308,0.0003,850.0
2026-09-18 16:00:00,SPXW260918C07210000,517.45,0.0,0,0,0,0.257,0.9663,0.0003,60.0,7210.0,SPXW260918P07210000,3.01,-5.24,0,0,110,0.2415,-0.0336,0.0003,390.0
2026-09-18 16:00:00,SPX260918C07215000,395.7,0.0,0,0,0,0.2393,0.9684,0.0003,17.0,7215.0,SPX260918P07215000,2.75,-4.9,0,0,96,0.2403,-0.0314,0.0003,313.0
2026-09-18 16:00:00,SPXW260918C07215000,321.5,0.0,0,0,0,0.2545,0.9656,0.0003,22.0,7215.0,SPXW260918P07215000,3.1,-5.35,0,0,84,0.2405,-0.0342,0.0003,312.0
2026-09-18 16:00:00,SPX260918C07220000,580.04,0.0,0,0,0,0.2383,0.9677,0.0003,33.0,7220.0,SPX260918P07220000,2.8,-5.05,0,0,3,0.2384,-0.0321,0.0003,721.0
2026-09-18 16:00:00,SPXW260918C07220000,511.89,0.0,0,0,0,0.2531,0.9649,0.0003,15.0,7220.0,SPXW260918P07220000,3.1,-5.55,0,0,67,0.2382,-0.0349,0.0003,381.0
2026-09-18 16:00:00,SPX260918C07225000,451.72,69.02,0,0,1,0.2366,0.9671,0.0003,1017.0,7225.0,SPX260918P07225000,2.85,-5.2,0,0,7,0.2371,-0.0327,0.0003,5213.0
2026-09-18 16:00:00,SPXW260918C07225000,512.69,0.0,0,0,0,0.2507,0.9642,0.0003,47.0,7225.0,SPXW260918P07225000,3.1,-5.7,0,0,98,0.2371,-0.0357,0.0003,989.0
2026-09-18 16:00:00,SPX260918C07230000,476.8,0.0,0,0,0,0.2362,0.9664,0.0003,129.0,7230.0,SPX260918P07230000,2.95,-5.3,0,0,30,0.2351,-0.0334,0.0003,638.0
2026-09-18 16:00:00,SPXW260918C07230000,460.42,0.0,0,0,0,0.2492,0.9634,0.0003,252.0,7230.0,SPXW260918P07230000,3.2,-5.85,0,0,94,0.2348,-0.0364,0.0003,210.0
2026-09-18 16:00:00,SPX260918C07235000,459.53,0.0,0,0,0,0.2338,0.9657,0.0003,21.0,7235.0,SPX260918P07235000,2.85,-5.55,0,0,11,0.2334,-0.0341,0.0003,353.0
2026-09-18 16:00:00,SPXW260918C07235000,322.6,0.0,0,0,0,0.2478,0.9626,0.0003,10.0,7235.0,SPXW260918P07235000,3.4,-5.8,0,0,89,0.2337,-0.0372,0.0003,198.0
2026-09-18 16:00:00,SPX260918C07240000,304.68,0.0,0,0,0,0.2314,0.9649,0.0003,262.0,7240.0,SPX260918P07240000,2.95,-5.65,0,0,36,0.2317,-0.0349,0.0003,709.0
2026-09-18 16:00:00,SPXW260918C07240000,302.0,0.0,0,0,0,0.2453,0.9618,0.0003,32.0,7240.0,SPXW260918P07240000,3.4,-6.05,0,0,635,0.2325,-0.038,0.0003,346.0
2026-09-18 16:00:00,SPX260918C07245000,312.1,0.0,0,0,0,0.2315,0.9642,0.0003,14.0,7245.0,SPX260918P07245000,2.95,-5.9,0,0,38,0.23,-0.0356,0.0003,1528.0
2026-09-18 16:00:00,SPXW260918C07245000,302.0,0.0,0,0,0,0.2438,0.961,0.0003,95.0,7245.0,SPXW260918P07245000,3.4,-6.25,0,0,94,0.2302,-0.0388,0.0003,195.0
2026-09-18 16:00:00,SPX260918C07250000,414.34,55.79,0,0,2,0.2278,0.9634,0.0003,5318.0,7250.0,SPX260918P07250000,3.1,-5.95,0,0,3586,0.2288,-0.0364,0.0003,9878.0
2026-09-18 16:00:00,SPXW260918C07250000,399.65,0.0,0,0,0,0.2423,0.9601,0.0004,78.0,7250.0,SPXW260918P07250000,3.51,-6.39,0,0,244,0.229,-0.0397,0.0004,1542.0
2026-09-18 16:00:00,SPX260918C07255000,490.81,0.0,0,0,0,0.2267,0.9626,0.0003,25.0,7255.0,SPX260918P07255000,3.1,-6.15,0,0,7,0.2265,-0.0372,0.0003,299.0
2026-09-18 16:00:00,SPXW260918C07255000,500.84,0.0,0,0,0,0.2398,0.9592,0.0004,26.0,7255.0,SPXW260918P07255000,3.62,-6.53,0,0,78,0.2277,-0.0406,0.0004,194.0
2026-09-18 16:00:00,SPX260918C07260000,559.51,0.0,0,0,0,0.2254,0.9617,0.0004,244.0,7260.0,SPX260918P07260000,3.2,-6.3,0,0,90,0.2253,-0.0381,0.0004,1252.0
2026-09-18 16:00:00,SPXW260918C07260000,386.15,0.0,0,0,0,0.2383,0.9583,0.0004,20.0,7260.0,SPXW260918P07260000,3.6,-6.8,0,0,62,0.2254,-0.0415,0.0004,288.0
2026-09-18 16:00:00,SPX260918C07265000,435.99,0.0,0,0,0,0.2242,0.9608,0.0004,12.0,7265.0,SPX260918P07265000,3.3,-6.4,0,0,97,0.2241,-0.039,0.0004,462.0
2026-09-18 16:00:00,SPXW260918C07265000,412.35,67.9,0,0,2,0.2367,0.9574,0.0004,12.0,7265.0,SPXW260918P07265000,3.7,-6.95,0,0,127,0.2241,-0.0424,0.0004,225.0
2026-09-18 16:00:00,SPX260918C07270000,290.4,0.0,0,0,0,0.2217,0.9599,0.0004,43.0,7270.0,SPX260918P07270000,3.2,-6.75,0,0,34,0.2217,-0.0399,0.0004,1697.0
2026-09-18 16:00:00,SPXW260918C07270000,490.43,0.0,0,0,0,0.2351,0.9564,0.0004,27.0,7270.0,SPXW260918P07270000,3.79,-7.11,0,0,126,0.2227,-0.0434,0.0004,319.0
2026-09-18 16:00:00,SPX260918C07275000,377.48,0.0,0,0,0,0.2204,0.959,0.0004,854.0,7275.0,SPX260918P07275000,3.3,-6.9,0,0,55,0.2204,-0.0408,0.0004,2551.0
2026-09-18 16:00:00,SPXW260918C07275000,447.6,0.0,0,0,0,0.2326,0.9554,0.0004,300.0,7275.0,SPXW260918P07275000,3.86,-7.35,0,0,268,0.2214,-0.0445,0.0004,992.0
2026-09-18 16:00:00,SPX260918C07280000,421.29,0.0,0,0,0,0.2191,0.958,0.0004,147.0,7280.0,SPX260918P07280000,3.0,-7.45,0,0,162,0.2192,-0.0418,0.0004,497.0
2026-09-18 16:00:00,SPXW260918C07280000,364.77,0.0,0,0,0,0.231,0.9543,0.0004,60.0,7280.0,SPXW260918P07280000,4.0,-7.45,0,0,115,0.22,-0.0455,0.0004,343.0
2026-09-18 16:00:00,SPX260918C07285000,484.36,0.0,0,0,0,0.2177,0.957,0.0004,47.0,7285.0,SPX260918P07285000,3.5,-7.25,0,0,9,0.2173,-0.0428,0.0004,645.0
2026-09-18 16:00:00,SPXW260918C07285000,324.94,0.0,0,0,0,0.2293,0.9532,0.0004,8.0,7285.0,SPXW260918P07285000,4.02,-7.8,0,0,201,0.2176,-0.0466,0.0004,465.0
2026-09-18 16:00:00,SPX260918C07290000,330.79,0.0,0,0,0,0.2152,0.956,0.0004,359.0,7290.0,SPX260918P07290000,3.6,-7.4,0,0,14,0.2159,-0.0438,0.0004,449.0
2026-09-18 16:00:00,SPXW260918C07290000,294.2,0.0,0,0,0,0.2276,0.9521,0.0004,47.0,7290.0,SPXW260918P07290000,4.2,-7.8,0,0,80,0.2162,-0.0477,0.0004,430.0
2026-09-18 16:00:00,SPX260918C07295000,508.59,0.0,0,0,0,0.2148,0.9549,0.0004,25.0,7295.0,SPX260918P07295000,3.6,-7.7,0,0,8,0.214,-0.0449,0.0004,488.0
2026-09-18 16:00:00,SPXW260918C07295000,529.11,0.0,0,0,0,0.2259,0.9509,0.0004,5.0,7295.0,SPXW260918P07295000,4.2,-8.15,0,0,165,0.2147,-0.0489,0.0004,477.0
2026-09-18 16:00:00,SPX260918C07300000,306.52,0.0,0,0,0,0.2124,0.9538,0.0004,34059.0,7300.0,SPX260918P07300000,3.7,-7.9,0,0,2115,0.2126,-0.046,0.0004,38674.0
2026-09-18 16:00:00,SPXW260918C07300000,374.9,62.9,0,0,3,0.2242,0.9497,0.0005,610.0,7300.0,SPXW260918P07300000,4.3,-8.35,0,0,1450,0.2132,-0.0501,0.0005,3124.0
2026-09-18 16:00:00,SPX260918C07305000,466.73,0.0,0,0,0,0.2109,0.9526,0.0004,19.0,7305.0,SPX260918P07305000,3.8,-8.1,0,0,100,0.2112,-0.0472,0.0004,372.0
2026-09-18 16:00:00,SPXW260918C07305000,306.23,0.0,0,0,0,0.2225,0.9484,0.0005,13.0,7305.0,SPXW260918P07305000,4.36,-8.59,0,0,123,0.2117,-0.0514,0.0005,363.0
2026-09-18 16:00:00,SPX260918C07310000,386.09,0.0,0,0,0,0.2094,0.9514,0.0005,300.0,7310.0,SPX260918P07310000,4.3,-7.9,0,0,121,0.2096,-0.0484,0.0005,511.0
2026-09-18 16:00:00,SPXW260918C07310000,301.54,0.0,0,0,0,0.2207,0.9471,0.0005,26.0,7310.0,SPXW260918P07310000,4.8,-8.5,0,0,138,0.2102,-0.0527,0.0005,274.0
2026-09-18 16:00:00,SPX260918C07315000,517.38,0.0,0,0,0,0.2078,0.9502,0.0005,13.0,7315.0,SPX260918P07315000,4.14,-8.36,0,0,67,0.2077,-0.0496,0.0005,325.0
2026-09-18 16:00:00,SPXW260918C07315000,339.98,0.0,0,0,0,0.2189,0.9458,0.0005,23.0,7315.0,SPXW260918P07315000,4.7,-8.95,0,0,270,0.209,-0.054,0.0005,915.0
2026-09-18 16:00:00,SPX260918C07320000,341.09,0.0,0,0,0,0.2062,0.9489,0.0005,99.0,7320.0,SPX260918P07320000,4.1,-8.75,0,0,15,0.2062,-0.0509,0.0005,1746.0
2026-09-18 16:00:00,SPXW260918C07320000,432.97,0.0,0,0,0,0.2171,0.9444,0.0005,97.0,7320.0,SPXW260918P07320000,4.8,-9.2,0,0,599,0.2074,-0.0554,0.0005,914.0
2026-09-18 16:00:00,SPX260918C07325000,380.83,0.0,0,0,0,0.2056,0.9475,0.0005,3146.0,7325.0,SPX260918P07325000,4.2,-9.0,0,0,571,0.2046,-0.0523,0.0005,5758.0
2026-09-18 16:00:00,SPXW260918C07325000,330.77,0.0,0,0,0,0.2153,0.9429,0.0005,305.0,7325.0,SPXW260918P07325000,4.8,-9.55,0,0,1865,0.2062,-0.0569,0.0005,1652.0
2026-09-18 16:00:00,SPX260918C07330000,499.7,0.0,0,0,0,0.203,0.9461,0.0005,747.0,7330.0,SPX260918P07330000,4.3,-9.25,0,0,10,0.2034,-0.0537,0.0005,1245.0
2026-09-18 16:00:00,SPXW260918C07330000,253.4,0.0,0,0,0,0.2134,0.9414,0.0005,56.0,7330.0,SPXW260918P07330000,5.0,-9.75,0,0,441,0.2046,-0.0584,0.0005,817.0
2026-09-18 16:00:00,SPX260918C07335000,466.2,0.0,0,0,0,0.2022,0.9447,0.0005,123.0,7335.0,SPX260918P07335000,4.5,-9.45,0,0,3,0.2023,-0.0551,0.0005,617.0
2026-09-18 16:00:00,SPXW260918C07335000,482.84,0.0,0,0,0,0.2123,0.9398,0.0006,11.0,7335.0,SPXW260918P07335000,5.1,-10.05,0,0,398,0.2029,-0.06,0.0006,453.0
2026-09-18 16:00:00,SPX260918C07340000,374.69,0.0,0,0,0,0.2005,0.9432,0.0006,312.0,7340.0,SPX260918P07340000,4.4,-9.9,0,0,39,0.2006,-0.0566,0.0006,1123.0
2026-09-18 16:00:00,SPXW260918C07340000,342.22,67.17,0,0,1,0.2104,0.9382,0.0006,71.0,7340.0,SPXW260918P07340000,5.3,-10.25,0,0,700,0.2016,-0.0616,0.0006,1038.0
2026-09-18 16:00:00,SPX260918C07345000,380.3,0.0,0,0,0,0.1984,0.9416,0.0006,30.0,7345.0,SPX260918P07345000,4.9,-9.8,0,0,89,0.1989,-0.0582,0.0006,452.0
2026-09-18 16:00:00,SPXW260918C07345000,328.21,57.81,0,0,2,0.2085,0.9365,0.0006,181.0,7345.0,SPXW260918P07345000,5.5,-10.66,0,0,187,0.2002,-0.0633,0.0006,405.0
2026-09-18 16:00:00,SPX260918C07350000,260.37,0.0,0,0,0,0.1975,0.94,0.0006,7360.0,7350.0,SPX260918P07350000,4.7,-10.4,0,0,901,0.1972,-0.0598,0.0006,17407.0
2026-09-18 16:00:00,SPXW260918C07350000,332.19,66.29,0,0,8,0.2072,0.9348,0.0006,119.0,7350.0,SPXW260918P07350000,5.57,-10.96,0,0,995,0.1992,-0.0651,0.0006,2222.0
2026-09-18 16:00:00,SPX260918C07355000,313.6,0.0,0,0,0,0.1961,0.9383,0.0006,330.0,7355.0,SPX260918P07355000,5.15,-10.35,0,0,121,0.1962,-0.0615,0.0006,698.0
2026-09-18 16:00:00,SPXW260918C07355000,327.2,65.95,0,0,8,0.2052,0.933,0.0006,51.0,7355.0,SPXW260918P07355000,5.73,-11.12,0,0,125,0.1974,-0.0669,0.0006,295.0
2026-09-18 16:00:00,SPX260918C07360000,335.7,0.0,0,0,0,0.1943,0.9366,0.0006,485.0,7360.0,SPX260918P07360000,5.09,-10.91,0,0,32,0.1944,-0.0633,0.0006,544.0
2026-09-18 16:00:00,SPXW260918C07360000,318.76,62.01,0,0,1,0.2039,0.9311,0.0006,37.0,7360.0,SPXW260918P07360000,5.9,-11.7,0,0,228,0.1959,-0.0688,0.0006,1466.0
2026-09-18 16:00:00,SPX260918C07365000,360.05,0.0,0,0,0,0.1932,0.9347,0.0006,551.0,7365.0,SPX260918P07365000,5.3,-11.1,0,0,34,0.193,-0.0651,0.0006,1187.0
2026-09-18 16:00:00,SPXW260918C07365000,250.69,0.0,0,0,0,0.2019,0.9291,0.0006,78.0,7365.0,SPXW260918P07365000,6.1,-11.65,0,0,202,0.1944,-0.0707,0.0006,249.0
2026-09-18 16:00:00,SPX260918C07370000,310.43,63.88,0,0,1,0.1924,0.9328,0.0006,688.0,7370.0,SPX260918P07370000,5.32,-11.58,0,0,12,0.1915,-0.067,0.0006,1165.0
2026-09-18 16:00:00,SPXW260918C07370000,312.94,65.19,0,0,1,0.2005,0.9271,0.0007,99.0,7370.0,SPXW260918P07370000,6.25,-12.0,0,0,296,0.1932,-0.0728,0.0007,607.0
2026-09-18 16:00:00,SPX260918C07375000,324.92,0.0,0,0,0,0.1909,0.9309,0.0007,7345.0,7375.0,SPX260918P07375000,5.4,-11.95,0,0,65,0.19,-0.0689,0.0007,6245.0
2026-09-18 16:00:00,SPXW260918C07375000,239.4,0.0,0,0,0,0.1991,0.925,0.0007,138.0,7375.0,SPXW260918P07375000,6.3,-12.45,0,0,1287,0.1919,-0.0749,0.0007,1534.0
2026-09-18 16:00:00,SPX260918C07380000,336.27,0.0,0,0,0,0.1889,0.9288,0.0007,864.0,7380.0,SPX260918P07380000,5.6,-12.25,0,0,535,0.1885,-0.071,0.0007,2043.0
2026-09-18 16:00:00,SPXW260918C07380000,317.34,0.0,0,0,0,0.1976,0.9228,0.0007,68.0,7380.0,SPXW260918P07380000,6.56,-12.69,0,0,504,0.1903,-0.077,0.0007,933.0
2026-09-18 16:00:00,SPX260918C07385000,358.87,0.0,0,0,0,0.187,0.9267,0.0007,462.0,7385.0,SPX260918P07385000,5.7,-12.7,0,0,11,0.1873,-0.0731,0.0007,4976.0
2026-09-18 16:00:00,SPXW260918C07385000,383.69,0.0,0,0,0,0.1955,0.9205,0.0007,77.0,7385.0,SPXW260918P07385000,6.6,-13.25,0,0,171,0.189,-0.0793,0.0007,288.0
2026-09-18 16:00:00,SPX260918C07390000,224.67,0.0,0,0,0,0.1857,0.9245,0.0007,897.0,7390.0,SPX260918P07390000,5.9,-13.0,0,0,16,0.1856,-0.0753,0.0007,2071.0
2026-09-18 16:00:00,SPXW260918C07390000,333.6,0.0,0,0,0,0.1939,0.9181,0.0008,35.0,7390.0,SPXW260918P07390000,6.9,-13.45,0,0,367,0.1876,-0.0817,0.0008,768.0
2026-09-18 16:00:00,SPX260918C07395000,205.3,0.0,0,0,0,0.1843,0.9222,0.0008,455.0,7395.0,SPX260918P07395000,6.1,-13.3,0,0,23,0.1843,-0.0776,0.0008,615.0
2026-09-18 16:00:00,SPXW260918C07395000,283.07,57.47,0,0,4,0.1923,0.9157,0.0008,31.0,7395.0,SPXW260918P07395000,7.0,-13.95,0,0,1589,0.1865,-0.0842,0.0008,1945.0
2026-09-18 16:00:00,SPX260918C07400000,274.0,54.2,0,0,77,0.1832,0.9198,0.0008,38272.0,7400.0,SPX260918P07400000,6.69,-13.31,0,0,2727,0.1829,-0.08,0.0008,50401.0
2026-09-18 16:00:00,SPXW260918C07400000,275.0,53.95,0,0,72,0.1913,0.9131,0.0008,1055.0,7400.0,SPXW260918P07400000,7.4,-14.34,0,0,2639,0.185,-0.0867,0.0008,5661.0
2026-09-18 16:00:00,SPX260918C07405000,365.0,0.0,0,0,0,0.1814,0.9173,0.0008,1899.0,7405.0,SPX260918P07405000,6.5,-14.1,0,0,26,0.1815,-0.0825,0.0008,2277.0
2026-09-18 16:00:00,SPXW260918C07405000,257.86,0.0,0,0,0,0.1896,0.9105,0.0008,156.0,7405.0,SPXW260918P07405000,7.52,-14.55,0,0,324,0.1834,-0.0894,0.0008,406.0
2026-09-18 16:00:00,SPX260918C07410000,269.5,58.7,0,0,1,0.1799,0.9147,0.0008,6818.0,7410.0,SPX260918P07410000,6.7,-14.5,0,0,121,0.18,-0.0851,0.0008,7627.0
2026-09-18 16:00:00,SPXW260918C07410000,305.12,0.0,0,0,0,0.1879,0.9077,0.0008,282.0,7410.0,SPXW260918P07410000,7.9,-14.85,0,0,320,0.1822,-0.0921,0.0008,876.0
2026-09-18 16:00:00,SPX260918C07415000,281.84,0.0,0,0,0,0.1784,0.912,0.0009,4855.0,7415.0,SPX260918P07415000,7.6,-14.2,0,0,235,0.1785,-0.0878,0.0009,5332.0
2026-09-18 16:00:00,SPXW260918C07415000,318.02,0.0,0,0,0,0.1862,0.9048,0.0009,54.0,7415.0,SPXW260918P07415000,8.18,-15.27,0,0,542,0.1808,-0.095,0.0009,728.0
2026-09-18 16:00:00,SPX260918C07420000,304.3,0.0,0,0,0,0.1777,0.9092,0.0009,3731.0,7420.0,SPX260918P07420000,7.1,-15.3,0,0,113,0.1769,-0.0906,0.0009,4024.0
2026-09-18 16:00:00,SPXW260918C07420000,213.71,0.0,0,0,0,0.1849,0.9019,0.0009,95.0,7420.0,SPXW260918P07420000,8.43,-15.62,0,0,334,0.1797,-0.098,0.0009,616.0
2026-09-18 16:00:00,SPX260918C07425000,197.21,0.0,0,0,0,0.176,0.9062,0.0009,7180.0,7425.0,SPX260918P07425000,7.79,-15.31,0,0,804,0.1756,-0.0936,0.0009,8701.0
2026-09-18 16:00:00,SPXW260918C07425000,196.56,0.0,0,0,0,0.1836,0.8988,0.0009,438.0,7425.0,SPXW260918P07425000,8.53,-16.25,0,0,1821,0.178,-0.1011,0.0009,2410.0
2026-09-18 16:00:00,SPX260918C07430000,250.3,56.85,0,0,1,0.1754,0.9032,0.0009,5012.0,7430.0,SPX260918P07430000,7.8,-15.95,0,0,107,0.1742,-0.0966,0.0009,5286.0
2026-09-18 16:00:00,SPXW260918C07430000,250.64,55.59,0,0,1,0.1817,0.8956,0.001,80.0,7430.0,SPXW260918P07430000,8.87,-16.15,0,0,428,0.1768,-0.1043,0.001,530.0
2026-09-18 16:00:00,SPX260918C07435000,309.8,0.0,0,0,0,0.1731,0.9,0.001,5028.0,7435.0,SPX260918P07435000,7.8,-16.65,0,0,132,0.173,-0.0998,0.001,5558.0
2026-09-18 16:00:00,SPXW260918C07435000,231.4,0.0,0,0,0,0.1803,0.8922,0.001,21.0,7435.0,SPXW260918P07435000,9.3,-17.2,0,0,478,0.1755,-0.1076,0.001,1603.0
2026-09-18 16:00:00,SPX260918C07440000,232.97,48.07,0,0,1,0.1719,0.8967,0.001,9994.0,7440.0,SPX260918P07440000,8.2,-17.0,0,0,63,0.1718,-0.1031,0.001,10512.0
2026-09-18 16:00:00,SPXW260918C07440000,227.18,0.0,0,0,0,0.1788,0.8887,0.001,102.0,7440.0,SPXW260918P07440000,9.55,-17.05,0,0,467,0.1742,-0.1111,0.001,1297.0
2026-09-18 16:00:00,SPX260918C07445000,228.37,47.72,0,0,1,0.1706,0.8932,0.001,5584.0,7445.0,SPX260918P07445000,8.5,-17.4,0,0,51,0.17,-0.1066,0.001,5897.0
2026-09-18 16:00:00,SPXW260918C07445000,233.95,0.0,0,0,0,0.1773,0.8851,0.001,64.0,7445.0,SPXW260918P07445000,10.0,-17.97,0,0,309,0.1728,-0.1147,0.001,516.0
2026-09-18 16:00:00,SPX260918C07450000,219.34,42.99,0,0,6,0.1692,0.8896,0.0011,48084.0,7450.0,SPX260918P07450000,8.95,-17.8,0,0,2050,0.1686,-0.1102,0.0011,49944.0
2026-09-18 16:00:00,SPXW260918C07450000,222.39,44.24,0,0,8,0.1762,0.8814,0.0011,348.0,7450.0,SPXW260918P07450000,10.32,-18.57,0,0,1179,0.1718,-0.1185,0.0011,2687.0
2026-09-18 16:00:00,SPX260918C07455000,171.92,0.0,0,0,0,0.1677,0.8859,0.0011,4423.0,7455.0,SPX260918P07455000,9.0,-18.55,0,0,45,0.1675,-0.1139,0.0011,4611.0
2026-09-18 16:00:00,SPXW260918C07455000,173.54,0.0,0,0,0,0.1746,0.8774,0.0011,47.0,7455.0,SPXW260918P07455000,10.77,-18.58,0,0,311,0.1703,-0.1224,0.0011,475.0
2026-09-18 16:00:00,SPX260918C07460000,167.79,0.0,0,0,0,0.1665,0.882,0.0011,3643.0,7460.0,SPX260918P07460000,9.3,-19.0,0,0,78,0.1663,-0.1179,0.0011,3742.0
2026-09-18 16:00:00,SPXW260918C07460000,168.49,0.0,0,0,0,0.1729,0.8734,0.0012,28.0,7460.0,SPXW260918P07460000,11.0,-19.25,0,0,348,0.1692,-0.1264,0.0012,702.0
2026-09-18 16:00:00,SPX260918C07465000,272.8,0.0,0,0,0,0.1652,0.8779,0.0012,4289.0,7465.0,SPX260918P07465000,9.6,-19.55,0,0,92,0.165,-0.1219,0.0012,4829.0
2026-09-18 16:00:00,SPXW260918C07465000,221.07,54.92,0,0,7,0.1716,0.8692,0.0012,11.0,7465.0,SPXW260918P07465000,11.2,-19.9,0,0,213,0.168,-0.1307,0.0012,294.0
2026-09-18 16:00:00,SPX260918C07470000,240.78,0.0,0,0,0,0.1649,0.8736,0.0012,5297.0,7470.0,SPX260918P07470000,9.9,-20.2,0,0,31,0.1636,-0.1262,0.0012,5548.0
2026-09-18 16:00:00,SPXW260918C07470000,210.18,48.13,0,0,1,0.1702,0.8648,0.0012,83.0,7470.0,SPXW260918P07470000,11.78,-20.22,0,0,546,0.1667,-0.1351,0.0012,800.0
2026-09-18 16:00:00,SPX260918C07475000,155.25,0.0,0,0,0,0.1637,0.8692,0.0013,9758.0,7475.0,SPX260918P07475000,10.95,-20.0,0,0,1739,0.1621,-0.1306,0.0013,11373.0
2026-09-18 16:00:00,SPXW260918C07475000,204.82,46.82,0,0,2,0.1688,0.8602,0.0013,337.0,7475.0,SPXW260918P07475000,12.23,-21.05,0,0,1453,0.1654,-0.1396,0.0013,1600.0
2026-09-18 16:00:00,SPX260918C07480000,204.13,52.38,0,0,20,0.1612,0.8646,0.0013,3308.0,7480.0,SPX260918P07480000,11.15,-20.75,0,0,177,0.1609,-0.1353,0.0013,4029.0
2026-09-18 16:00:00,SPXW260918C07480000,209.39,55.49,0,0,3,0.1673,0.8554,0.0013,113.0,7480.0,SPXW260918P07480000,12.81,-21.09,0,0,290,0.164,-0.1444,0.0013,795.0
2026-09-18 16:00:00,SPX260918C07485000,230.12,0.0,0,0,0,0.1605,0.8597,0.0013,4344.0,7485.0,SPX260918P07485000,11.1,-21.75,0,0,29,0.1595,-0.1401,0.0013,4301.0
2026-09-18 16:00:00,SPXW260918C07485000,202.62,52.72,0,0,7,0.1662,0.8505,0.0014,14.0,7485.0,SPXW260918P07485000,12.9,-22.0,0,0,235,0.1627,-0.1493,0.0014,358.0
2026-09-18 16:00:00,SPX260918C07490000,194.88,51.18,0,0,20,0.1594,0.8547,0.0014,6163.0,7490.0,SPX260918P07490000,11.5,-22.35,0,0,98,0.1585,-0.1451,0.0014,6142.0
2026-09-18 16:00:00,SPXW260918C07490000,189.24,43.29,0,0,2,0.1645,0.8454,0.0014,58.0,7490.0,SPXW260918P07490000,13.16,-22.79,0,0,351,0.1614,-0.1544,0.0014,628.0
2026-09-18 16:00:00,SPX260918C07495000,221.47,0.0,0,0,0,0.1583,0.8495,0.0014,5170.0,7495.0,SPX260918P07495000,11.9,-23.0,0,0,92,0.157,-0.1504,0.0014,5544.0
2026-09-18 16:00:00,SPXW260918C07495000,178.84,0.0,0,0,0,0.1632,0.84,0.0014,619.0,7495.0,SPXW260918P07495000,13.58,-23.42,0,0,300,0.1602,-0.1598,0.0014,1192.0
2026-09-18 16:00:00,SPX260918C07500000,178.78,43.08,0,0,85,0.1559,0.844,0.0015,61462.0,7500.0,SPX260918P07500000,12.95,-23.32,0,0,4658,0.1558,-0.1558,0.0015,84039.0
2026-09-18 16:00:00,SPXW260918C07500000,181.83,43.78,0,0,73,0.1619,0.8345,0.0015,778.0,7500.0,SPXW260918P07500000,14.3,-23.84,0,0,1406,0.1589,-0.1653,0.0015,3879.0
2026-09-18 16:00:00,SPX260918C07505000,131.5,0.0,0,0,0,0.155,0.8383,0.0015,2809.0,7505.0,SPX260918P07505000,12.9,-24.15,0,0,30,0.1544,-0.1615,0.0015,3173.0
2026-09-18 16:00:00,SPXW260918C07505000,183.54,49.29,0,0,51,0.1604,0.8287,0.0015,100.0,7505.0,SPXW260918P07505000,14.63,-24.6,0,0,554,0.1575,-0.1711,0.0015,492.0
2026-09-18 16:00:00,SPX260918C07510000,266.89,0.0,0,0,0,0.1538,0.8324,0.0016,5854.0,7510.0,SPX260918P07510000,13.59,-24.61,0,0,136,0.1534,-0.1674,0.0016,6039.0
2026-09-18 16:00:00,SPXW260918C07510000,172.83,42.43,0,0,24,0.1592,0.8227,0.0016,133.0,7510.0,SPXW260918P07510000,15.5,-24.85,0,0,319,0.1564,-0.1771,0.0016,610.0
2026-09-18 16:00:00,SPX260918C07515000,260.44,0.0,0,0,0,0.1529,0.8262,0.0016,3979.0,7515.0,SPX260918P07515000,14.0,-25.4,0,0,46,0.152,-0.1736,0.0016,4377.0
2026-09-18 16:00:00,SPXW260918C07515000,169.49,42.89,0,0,6,0.158,0.8165,0.0016,56.0,7515.0,SPXW260918P07515000,15.75,-25.75,0,0,219,0.1552,-0.1833,0.0016,927.0
2026-09-18 16:00:00,SPX260918C07520000,186.65,0.0,0,0,0,0.1512,0.8198,0.0017,5531.0,7520.0,SPX260918P07520000,14.6,-25.95,0,0,211,0.1506,-0.1801,0.0017,6316.0
2026-09-18 16:00:00,SPXW260918C07520000,164.08,41.18,0,0,2,0.1563,0.8101,0.0017,56.0,7520.0,SPXW260918P07520000,16.6,-26.02,0,0,243,0.154,-0.1898,0.0017,1005.0
2026-09-18 16:00:00,SPX260918C07525000,166.43,49.68,0,0,26,0.1499,0.8131,0.0017,7624.0,7525.0,SPX260918P07525000,15.5,-26.35,0,0,1736,0.1494,-0.1868,0.0017,7019.0
2026-09-18 16:00:00,SPXW260918C07525000,164.88,45.68,0,0,3,0.1552,0.8033,0.0017,212.0,7525.0,SPXW260918P07525000,17.21,-26.93,0,0,354,0.1526,-0.1965,0.0017,750.0
2026-09-18 16:00:00,SPX260918C07530000,159.55,46.5,0,0,1,0.1485,0.8061,0.0018,8234.0,7530.0,SPX260918P07530000,15.5,-27.65,0,0,120,0.1481,-0.1938,0.0018,8992.0
2026-09-18 16:00:00,SPXW260918C07530000,150.33,34.83,0,0,22,0.1538,0.7964,0.0018,91.0,7530.0,SPXW260918P07530000,17.91,-27.44,0,0,326,0.1515,-0.2035,0.0018,807.0
2026-09-18 16:00:00,SPX260918C07535000,155.2,45.75,0,0,1,0.1473,0.7988,0.0018,6198.0,7535.0,SPX260918P07535000,16.1,-28.35,0,0,84,0.1468,-0.201,0.0018,5897.0
2026-09-18 16:00:00,SPXW260918C07535000,151.98,40.18,0,0,7,0.1525,0.7891,0.0018,84.0,7535.0,SPXW260918P07535000,18.58,-28.12,0,0,770,0.1503,-0.2107,0.0018,888.0
2026-09-18 16:00:00,SPX260918C07540000,103.51,0.0,0,0,0,0.1459,0.7912,0.0019,6637.0,7540.0,SPX260918P07540000,17.9,-27.95,0,0,2109,0.1458,-0.2086,0.0019,6777.0
2026-09-18 16:00:00,SPXW260918C07540000,107.29,0.0,0,0,0,0.1512,0.7816,0.0019,89.0,7540.0,SPXW260918P07540000,19.62,-28.74,0,0,519,0.149,-0.2182,0.0019,920.0
2026-09-18 16:00:00,SPX260918C07545000,97.3,0.0,0,0,0,0.1448,0.7834,0.002,9570.0,7545.0,SPX260918P07545000,18.5,-28.75,0,0,305,0.1445,-0.2164,0.002,10347.0
2026-09-18 16:00:00,SPXW260918C07545000,140.95,36.35,0,0,9,0.15,0.7739,0.0019,1906.0,7545.0,SPXW260918P07545000,20.0,-29.55,0,0,249,0.1478,-0.226,0.0019,2190.0
2026-09-18 16:00:00,SPX260918C07550000,139.27,40.47,0,0,11,0.143,0.7752,0.002,36188.0,7550.0,SPX260918P07550000,18.64,-30.11,0,0,4184,0.143,-0.2246,0.002,49172.0
2026-09-18 16:00:00,SPXW260918C07550000,134.0,32.9,0,0,28,0.1471,0.7658,0.002,2517.0,7550.0,SPXW260918P07550000,21.0,-30.2,0,0,1746,0.1466,-0.234,0.002,7978.0
2026-09-18 16:00:00,SPX260918C07555000,196.0,0.0,0,0,0,0.1422,0.7667,0.0021,5388.0,7555.0,SPX260918P07555000,19.5,-30.75,0,0,84,0.1421,-0.2331,0.0021,5592.0
2026-09-18 16:00:00,SPXW260918C07555000,133.91,36.31,0,0,7,0.1475,0.7574,0.002,55.0,7555.0,SPXW260918P07555000,21.6,-30.95,0,0,374,0.1455,-0.2424,0.002,646.0
2026-09-18 16:00:00,SPX260918C07560000,137.41,45.56,0,0,5,0.1412,0.7579,0.0021,6500.0,7560.0,SPX260918P07560000,20.9,-30.85,0,0,73,0.1408,-0.2419,0.0021,6619.0
2026-09-18 16:00:00,SPXW260918C07560000,123.73,29.53,0,0,4,0.146,0.7488,0.0021,185.0,7560.0,SPXW260918P07560000,22.5,-31.6,0,0,589,0.1443,-0.2511,0.0021,924.0
2026-09-18 16:00:00,SPX260918C07565000,87.64,0.0,0,0,0,0.1397,0.7488,0.0022,7536.0,7565.0,SPX260918P07565000,21.54,-31.81,0,0,967,0.1397,-0.2511,0.0022,7938.0
2026-09-18 16:00:00,SPXW260918C07565000,130.27,39.47,0,0,16,0.1448,0.7398,0.0021,607.0,7565.0,SPXW260918P07565000,23.59,-32.11,0,0,398,0.1431,-0.26,0.0021,462.0
2026-09-18 16:00:00,SPX260918C07570000,123.52,38.37,0,0,20,0.1386,0.7393,0.0023,5167.0,7570.0,SPX260918P07570000,22.39,-32.66,0,0,117,0.1385,-0.2606,0.0023,5327.0
2026-09-18 16:00:00,SPXW260918C07570000,119.97,32.47,0,0,8,0.1437,0.7305,0.0022,203.0,7570.0,SPXW260918P07570000,24.72,-32.84,0,0,698,0.1419,-0.2693,0.0022,844.0
2026-09-18 16:00:00,SPX260918C07575000,124.05,42.2,0,0,4,0.1373,0.7294,0.0023,11753.0,7575.0,SPX260918P07575000,21.58,-35.17,0,0,881,0.1372,-0.2704,0.0023,13117.0
2026-09-18 16:00:00,SPXW260918C07575000,115.15,30.95,0,0,20,0.1423,0.7209,0.0022,501.0,7575.0,SPXW260918P07575000,25.3,-33.97,0,0,637,0.1407,-0.2789,0.0022,1990.0
2026-09-18 16:00:00,SPX260918C07580000,106.96,28.31,0,0,21,0.1361,0.7192,0.0024,5975.0,7580.0,SPX260918P07580000,24.1,-34.45,0,0,123,0.136,-0.2806,0.0024,5975.0
2026-09-18 16:00:00,SPXW260918C07580000,108.93,27.88,0,0,25,0.141,0.711,0.0023,640.0,7580.0,SPXW260918P07580000,26.73,-34.85,0,0,506,0.1396,-0.2889,0.0023,736.0
2026-09-18 16:00:00,SPX260918C07585000,73.85,0.0,0,0,0,0.1349,0.7086,0.0024,6112.0,7585.0,SPX260918P07585000,23.3,-37.05,0,0,35,0.1348,-0.2912,0.0024,6255.0
2026-09-18 16:00:00,SPXW260918C07585000,104.98,27.18,0,0,44,0.1388,0.7007,0.0024,196.0,7585.0,SPXW260918P07585000,27.4,-35.3,0,0,846,0.1383,-0.2991,0.0024,485.0
2026-09-18 16:00:00,SPX260918C07590000,103.0,30.65,0,0,3,0.1338,0.6977,0.0025,10342.0,7590.0,SPX260918P07590000,24.48,-37.82,0,0,165,0.1336,-0.3021,0.0025,10669.0
2026-09-18 16:00:00,SPXW260918C07590000,103.28,28.53,0,0,47,0.1373,0.6901,0.0024,250.0,7590.0,SPXW260918P07590000,28.44,-36.3,0,0,468,0.1371,-0.3097,0.0024,809.0
2026-09-18 16:00:00,SPX260918C07595000,103.57,34.27,0,0,7,0.1326,0.6864,0.0026,8541.0,7595.0,SPX260918P07595000,26.4,-37.85,0,0,2037,0.1324,-0.3134,0.0026,10385.0
2026-09-18 16:00:00,SPXW260918C07595000,98.88,27.23,0,0,31,0.1362,0.6792,0.0025,177.0,7595.0,SPXW260918P07595000,31.2,-35.3,0,0,307,0.136,-0.3207,0.0025,532.0
2026-09-18 16:00:00,SPX260918C07600000,93.1,26.75,0,0,143,0.1316,0.6747,0.0026,54276.0,7600.0,SPX260918P07600000,28.2,-37.75,0,0,7794,0.1313,-0.3251,0.0026,57490.0
2026-09-18 16:00:00,SPXW260918C07600000,92.4,23.75,0,0,197,0.135,0.6679,0.0025,3811.0,7600.0,SPXW260918P07600000,30.9,-37.72,0,0,1709,0.1348,-0.332,0.0025,4573.0
2026-09-18 16:00:00,SPX260918C07605000,93.83,30.48,0,0,10,0.1303,0.6627,0.0027,9820.0,7605.0,SPX260918P07605000,27.65,-40.65,0,0,33,0.13,-0.3372,0.0027,10225.0
2026-09-18 16:00:00,SPXW260918C07605000,92.52,26.77,0,0,42,0.1339,0.6562,0.0026,337.0,7605.0,SPXW260918P07605000,32.1,-38.5,0,0,199,0.1336,-0.3436,0.0026,996.0
2026-09-18 16:00:00,SPX260918C07610000,95.89,35.39,0,0,6,0.1291,0.6502,0.0028,6159.0,7610.0,SPX260918P07610000,29.0,-41.45,0,0,744,0.1287,-0.3496,0.0028,6400.0
2026-09-18 16:00:00,SPXW260918C07610000,87.14,24.29,0,0,72,0.1326,0.6443,0.0026,571.0,7610.0,SPXW260918P07610000,33.8,-38.9,0,0,890,0.1325,-0.3556,0.0026,948.0
2026-09-18 16:00:00,SPX260918C07615000,93.9,36.2,0,0,9,0.1282,0.6374,0.0028,6043.0,7615.0,SPX260918P07615000,28.4,-44.2,0,0,45,0.1276,-0.3624,0.0028,6241.0
2026-09-18 16:00:00,SPXW260918C07615000,86.4,26.4,0,0,27,0.1315,0.6319,0.0027,667.0,7615.0,SPXW260918P07615000,35.69,-39.16,0,0,1058,0.1313,-0.3679,0.0027,2262.0
2026-09-18 16:00:00,SPX260918C07620000,78.73,23.78,0,0,19,0.127,0.6242,0.0029,5301.0,7620.0,SPX260918P07620000,33.7,-41.15,0,0,121,0.1264,-0.3756,0.0029,5825.0
2026-09-18 16:00:00,SPXW260918C07620000,77.3,20.05,0,0,83,0.1302,0.6192,0.0028,540.0,7620.0,SPXW260918P07620000,36.15,-40.38,0,0,812,0.1301,-0.3806,0.0028,482.0
2026-09-18 16:00:00,SPX260918C07625000,72.88,20.63,0,0,33,0.1257,0.6106,0.0029,6435.0,7625.0,SPX260918P07625000,35.3,-41.9,0,0,134,0.1253,-0.3892,0.0029,5520.0
2026-09-18 16:00:00,SPXW260918C07625000,75.0,20.4,0,0,264,0.1291,0.6062,0.0028,1304.0,7625.0,SPXW260918P07625000,37.85,-41.55,0,0,754,0.129,-0.3936,0.0028,4380.0
2026-09-18 16:00:00,SPX260918C07630000,69.64,19.99,0,0,14,0.1247,0.5966,0.003,5227.0,7630.0,SPX260918P07630000,35.55,-44.0,0,0,17,0.124,-0.4032,0.003,5231.0
2026-09-18 16:00:00,SPXW260918C07630000,71.01,19.06,0,0,94,0.128,0.5928,0.0028,425.0,7630.0,SPXW260918P07630000,39.5,-42.09,0,0,804,0.128,-0.407,0.0028,3300.0
2026-09-18 16:00:00,SPX260918C07635000,66.14,18.99,0,0,39,0.1235,0.5823,0.003,4921.0,7635.0,SPX260918P07635000,38.5,-43.55,0,0,46,0.123,-0.4175,0.003,5051.0
2026-09-18 16:00:00,SPXW260918C07635000,67.8,18.1,0,0,66,0.1268,0.5791,0.0029,734.0,7635.0,SPXW260918P07635000,42.12,-43.35,0,0,1918,0.1267,-0.4207,0.0029,1284.0
2026-09-18 16:00:00,SPX260918C07640000,63.4,18.75,0,0,16,0.1223,0.5676,0.0031,7734.0,7640.0,SPX260918P07640000,39.73,-44.82,0,0,51,0.1219,-0.4322,0.0031,7826.0
2026-09-18 16:00:00,SPXW260918C07640000,63.2,16.25,0,0,270,0.1258,0.5651,0.003,515.0,7640.0,SPXW260918P07640000,42.65,-43.56,0,0,633,0.1256,-0.4347,0.003,1103.0
2026-09-18 16:00:00,SPX260918C07645000,61.1,18.85,0,0,176,0.1213,0.5525,0.0031,7631.0,7645.0,SPX260918P07645000,41.83,-45.32,0,0,83,0.1208,-0.4473,0.0031,7672.0
2026-09-18 16:00:00,SPXW260918C07645000,64.5,19.95,0,0,113,0.1246,0.5507,0.003,343.0,7645.0,SPXW260918P07645000,44.62,-44.68,0,0,186,0.1246,-0.4491,0.003,343.0
2026-09-18 16:00:00,SPX260918C07650000,56.26,16.31,0,0,5390,0.1203,0.5371,0.0032,25490.0,7650.0,SPX260918P07650000,44.22,-45.63,0,0,9722,0.1196,-0.4627,0.0032,24791.0
2026-09-18 16:00:00,SPXW260918C07650000,57.0,14.85,0,0,627,0.1236,0.536,0.003,5281.0,7650.0,SPXW260918P07650000,46.25,-45.65,0,0,2964,0.1233,-0.4638,0.003,6168.0
2026-09-18 16:00:00,SPX260918C07655000,52.5,14.85,0,0,407,0.119,0.5214,0.0032,3403.0,7655.0,SPX260918P07655000,45.53,-47.07,0,0,960,0.1185,-0.4784,0.0032,3363.0
2026-09-18 16:00:00,SPXW260918C07655000,54.35,14.53,0,0,215,0.1224,0.521,0.0031,366.0,7655.0,SPXW260918P07655000,48.31,-46.64,0,0,767,0.1224,-0.4788,0.0031,3288.0
2026-09-18 16:00:00,SPX260918C07660000,48.5,12.95,0,0,2830,0.1178,0.5053,0.0032,4709.0,7660.0,SPX260918P07660000,48.5,-48.35,0,0,2861,0.1173,-0.4945,0.0032,5094.0
2026-09-18 16:00:00,SPXW260918C07660000,51.19,13.73,0,0,1854,0.1214,0.5058,0.0031,1776.0,7660.0,SPXW260918P07660000,49.93,-46.81,0,0,2659,0.1213,-0.4941,0.0031,2485.0
2026-09-18 16:00:00,SPX260918C07665000,47.2,12.55,0,0,4164,0.1168,0.489,0.0033,4257.0,7665.0,SPX260918P07665000,49.2,-49.25,0,0,4247,0.1164,-0.5108,0.0033,4147.0
2026-09-18 16:00:00,SPXW260918C07665000,49.83,12.55,0,0,493,0.1204,0.4902,0.0031,434.0,7665.0,SPXW260918P07665000,53.4,-47.89,0,0,626,0.1203,-0.5096,0.0031,451.0
2026-09-18 16:00:00,SPX260918C07670000,43.4,12.0,0,0,7907,0.1157,0.4724,0.0033,10046.0,7670.0,SPX260918P07670000,53.3,-47.95,0,0,7956,0.1153,-0.5274,0.0033,10569.0
2026-09-18 16:00:00,SPXW260918C07670000,45.63,12.18,0,0,770,0.1193,0.4744,0.0031,810.0,7670.0,SPXW260918P07670000,54.17,-49.6,0,0,736,0.1193,-0.5254,0.0031,765.0
2026-09-18 16:00:00,SPX260918C07675000,39.9,10.45,0,0,6930,0.1147,0.4555,0.0033,8550.0,7675.0,SPX260918P07675000,55.7,-48.4,0,0,7608,0.1142,-0.5443,0.0033,8582.0
2026-09-18 16:00:00,SPXW260918C07675000,44.28,12.83,0,0,758,0.1183,0.4584,0.0032,4820.0,7675.0,SPXW260918P07675000,57.47,-48.73,0,0,1689,0.1182,-0.5414,0.0032,3293.0
2026-09-18 16:00:00,SPX260918C07680000,37.95,10.35,0,0,813,0.1136,0.4385,0.0033,12391.0,7680.0,SPX260918P07680000,53.1,-54.1,0,0,894,0.1131,-0.5613,0.0033,7552.0
2026-09-18 16:00:00,SPXW260918C07680000,40.23,10.68,0,0,392,0.1174,0.4422,0.0032,3414.0,7680.0,SPXW260918P07680000,61.9,-47.4,0,0,339,0.1172,-0.5576,0.0032,726.0
2026-09-18 16:00:00,SPX260918C07685000,37.4,11.65,0,0,25,0.1128,0.4213,0.0033,8352.0,7685.0,SPX260918P07685000,50.7,-59.75,0,0,106,0.1122,-0.5785,0.0033,8478.0
2026-09-18 16:00:00,SPXW260918C07685000,37.85,10.1,0,0,174,0.1163,0.4258,0.0032,754.0,7685.0,SPXW260918P07685000,61.45,-50.95,0,0,345,0.1162,-0.574,0.0032,498.0
2026-09-18 16:00:00,SPX260918C07690000,32.95,8.85,0,0,293,0.1118,0.4039,0.0033,7920.0,7690.0,SPX260918P07690000,57.7,-56.05,0,0,117,0.1113,-0.5959,0.0033,7903.0
2026-09-18 16:00:00,SPXW260918C07690000,35.28,9.59,0,0,266,0.1154,0.4093,0.0032,628.0,7690.0,SPXW260918P07690000,63.3,-50.87,0,0,2338,0.1152,-0.5905,0.0032,1730.0
2026-09-18 16:00:00,SPX260918C07695000,32.5,10.1,0,0,48,0.1109,0.3865,0.0033,8670.0,7695.0,SPX260918P07695000,55.1,-61.95,0,0,30,0.1102,-0.6133,0.0033,7849.0
2026-09-18 16:00:00,SPXW260918C07695000,33.2,8.85,0,0,153,0.1144,0.3928,0.0032,1693.0,7695.0,SPXW260918P07695000,67.0,-52.0,0,0,96,0.1143,-0.6071,0.0032,601.0
2026-09-18 16:00:00,SPX260918C07700000,28.4,7.55,0,0,6595,0.1099,0.369,0.0033,50766.0,7700.0,SPX260918P07700000,67.62,-52.88,0,0,3996,0.1093,-0.6308,0.0033,52127.0
2026-09-18 16:00:00,SPXW260918C07700000,30.5,8.45,0,0,3013,0.1136,0.3761,0.0032,5591.0,7700.0,SPXW260918P07700000,69.88,-52.52,0,0,1489,0.1134,-0.6237,0.0032,3178.0
2026-09-18 16:00:00,SPX260918C07705000,27.82,8.47,0,0,16,0.109,0.3516,0.0033,3787.0,7705.0,SPX260918P07705000,66.55,-57.5,0,0,4,0.1089,-0.6482,0.0033,2750.0
2026-09-18 16:00:00,SPXW260918C07705000,28.67,7.52,0,0,304,0.1126,0.3595,0.0031,3082.0,7705.0,SPXW260918P07705000,66.14,-59.76,0,0,780,0.1124,-0.6403,0.0031,677.0
2026-09-18 16:00:00,SPX260918C07710000,24.7,6.75,0,0,640,0.1083,0.3342,0.0032,5643.0,7710.0,SPX260918P07710000,62.72,-64.93,0,0,84,0.1081,-0.6656,0.0032,5393.0
2026-09-18 16:00:00,SPXW260918C07710000,26.78,7.25,0,0,154,0.1118,0.3429,0.0031,430.0,7710.0,SPXW260918P07710000,76.32,-53.23,0,0,238,0.1116,-0.6569,0.0031,388.0
2026-09-18 16:00:00,SPX260918C07715000,22.75,6.1,0,0,24,0.1075,0.317,0.0032,4697.0,7715.0,SPX260918P07715000,66.0,-65.3,0,0,3,0.1068,-0.6829,0.0032,4198.0
2026-09-18 16:00:00,SPXW260918C07715000,24.5,6.25,0,0,673,0.111,0.3265,0.0031,830.0,7715.0,SPXW260918P07715000,77.6,-55.55,0,0,225,0.1108,-0.6734,0.0031,366.0
2026-09-18 16:00:00,SPX260918C07720000,23.4,8.0,0,0,66,0.1064,0.2999,0.0031,12605.0,7720.0,SPX260918P07720000,77.36,-57.74,0,0,3,0.106,-0.6999,0.0031,12897.0
2026-09-18 16:00:00,SPXW260918C07720000,22.67,5.72,0,0,344,0.1101,0.3101,0.003,598.0,7720.0,SPXW260918P07720000,77.8,-59.0,0,0,272,0.1099,-0.6897,0.003,1181.0
2026-09-18 16:00:00,SPX260918C07725000,20.1,5.14,0,0,1063,0.1057,0.2831,0.0031,9396.0,7725.0,SPX260918P07725000,83.6,-55.3,0,0,32,0.1055,-0.7167,0.0031,9807.0
2026-09-18 16:00:00,SPXW260918C07725000,21.0,5.3,0,0,2220,0.1093,0.294,0.003,2861.0,7725.0,SPXW260918P07725000,80.16,-60.44,0,0,311,0.1095,-0.7058,0.003,1237.0
2026-09-18 16:00:00,SPX260918C07730000,17.2,4.1,0,0,179,0.1051,0.2666,0.003,6521.0,7730.0,SPX260918P07730000,78.51,-64.24,0,0,8,0.1045,-0.7332,0.003,5403.0
2026-09-18 16:00:00,SPXW260918C07730000,18.78,4.23,0,0,538,0.1086,0.2781,0.0029,586.0,7730.0,SPXW260918P07730000,88.2,-56.55,0,0,105,0.1051,-0.7217,0.0029,527.0
2026-09-18 16:00:00,SPX260918C07735000,15.58,3.58,0,0,1225,0.1042,0.2504,0.0029,5633.0,7735.0,SPX260918P07735000,89.17,-57.58,0,0,25,0.1038,-0.7494,0.0029,4972.0
2026-09-18 16:00:00,SPXW260918C07735000,17.79,4.39,0,0,750,0.1078,0.2625,0.0028,998.0,7735.0,SPXW260918P07735000,91.6,-56.7,0,0,1135,0.1042,-0.7374,0.0028,674.0
2026-09-18 16:00:00,SPX260918C07740000,14.2,3.15,0,0,172,0.1036,0.2347,0.0028,7635.0,7740.0,SPX260918P07740000,85.66,-65.09,0,0,29,0.1034,-0.7651,0.0028,7131.0
2026-09-18 16:00:00,SPXW260918C07740000,16.0,3.65,0,0,441,0.1071,0.2472,0.0028,646.0,7740.0,SPXW260918P07740000,89.58,-62.72,0,0,125,0.1033,-0.7526,0.0028,433.0
2026-09-18 16:00:00,SPX260918C07745000,13.1,3.0,0,0,51,0.1031,0.2194,0.0028,3570.0,7745.0,SPX260918P07745000,85.92,-68.93,0,0,5,0.1021,-0.7804,0.0028,3491.0
2026-09-18 16:00:00,SPXW260918C07745000,14.64,3.6,0,0,574,0.1065,0.2323,0.0027,549.0,7745.0,SPXW260918P07745000,92.66,-63.64,0,0,55,0.1025,-0.7676,0.0027,214.0
2026-09-18 16:00:00,SPX260918C07750000,11.7,2.45,0,0,6233,0.1024,0.2046,0.0027,30978.0,7750.0,SPX260918P07750000,95.4,-63.5,0,0,40,0.1016,-0.7952,0.0027,25786.0
2026-09-18 16:00:00,SPXW260918C07750000,13.49,3.04,0,0,2826,0.1059,0.2177,0.0026,2874.0,7750.0,SPXW260918P07750000,105.0,-55.35,0,0,419,0.106,-0.7821,0.0026,1558.0
2026-09-18 16:00:00,SPX260918C07755000,11.3,2.85,0,0,200,0.102,0.1903,0.0026,9443.0,7755.0,SPX260918P07755000,163.84,0.0,0,0,0,0.1014,-0.8095,0.0026,9060.0
2026-09-18 16:00:00,SPXW260918C07755000,12.38,3.15,0,0,694,0.1052,0.2036,0.0025,1145.0,7755.0,SPXW260918P07755000,95.15,-69.35,0,0,17,0.1006,-0.7962,0.0025,196.0
2026-09-18 16:00:00,SPX260918C07760000,10.0,2.3,0,0,85,0.101,0.1766,0.0025,6186.0,7760.0,SPX260918P07760000,110.35,-57.05,0,0,3,0.1009,-0.8232,0.0025,5810.0
2026-09-18 16:00:00,SPXW260918C07760000,10.8,2.67,0,0,374,0.1045,0.19,0.0024,1048.0,7760.0,SPXW260918P07760000,105.36,-63.34,0,0,29,0.1,-0.8098,0.0024,89.0
2026-09-18 16:00:00,SPX260918C07765000,9.39,2.34,0,0,53,0.1007,0.1635,0.0024,8626.0,7765.0,SPX260918P07765000,88.92,0.0,0,0,0,0.1,-0.8363,0.0024,8497.0
2026-09-18 16:00:00,SPXW260918C07765000,10.0,2.0,0,0,779,0.1041,0.1769,0.0024,1074.0,7765.0,SPXW260918P07765000,107.37,-65.63,0,0,15,0.099,-0.8229,0.0024,223.0
2026-09-18 16:00:00,SPX260918C07770000,7.5,1.15,0,0,229,0.1004,0.151,0.0022,10501.0,7770.0,SPX260918P07770000,118.6,-57.5,0,0,4,0.0994,-0.8488,0.0022,10150.0
2026-09-18 16:00:00,SPXW260918C07770000,9.0,1.7,0,0,475,0.1035,0.1643,0.0022,724.0,7770.0,SPXW260918P07770000,112.77,-64.48,0,0,32,0.0981,-0.8355,0.0022,284.0
2026-09-18 16:00:00,SPX260918C07775000,7.5,1.7,0,0,207,0.0998,0.1391,0.0021,13065.0,7775.0,SPX260918P07775000,111.78,-68.72,0,0,16,0.099,-0.8607,0.0021,11159.0
2026-09-18 16:00:00,SPXW260918C07775000,8.1,1.4,0,0,664,0.103,0.1522,0.0022,1778.0,7775.0,SPXW260918P07775000,116.9,-64.75,0,0,7,0.0973,-0.8476,0.0022,483.0
2026-09-18 16:00:00,SPX260918C07780000,6.3,1.05,0,0,124,0.0993,0.1279,0.002,13251.0,7780.0,SPX260918P07780000,135.69,0.0,0,0,0,0.0987,-0.8719,0.002,11355.0
2026-09-18 16:00:00,SPXW260918C07780000,7.31,1.62,0,0,663,0.1026,0.1407,0.002,1714.0,7780.0,SPXW260918P07780000,120.83,-64.57,0,0,38,0.0966,-0.8591,0.002,249.0
2026-09-18 16:00:00,SPX260918C07785000,6.3,1.55,0,0,371,0.0991,0.1173,0.0019,6220.0,7785.0,SPX260918P07785000,123.32,-66.33,0,0,3,0.0982,-0.8826,0.0019,5867.0
2026-09-18 16:00:00,SPXW260918C07785000,6.5,1.2,0,0,505,0.1019,0.1298,0.002,1661.0,7785.0,SPXW260918P07785000,128.14,-61.51,0,0,43,0.0956,-0.87,0.002,249.0
2026-09-18 16:00:00,SPX260918C07790000,4.87,0.52,0,0,121,0.0988,0.1073,0.0018,3474.0,7790.0,SPX260918P07790000,192.3,0.0,0,0,0,0.0979,-0.8925,0.0018,3127.0
2026-09-18 16:00:00,SPXW260918C07790000,5.82,0.82,0,0,1188,0.1015,0.1194,0.0018,1301.0,7790.0,SPXW260918P07790000,123.95,-70.9,0,0,30,0.0947,-0.8804,0.0018,180.0
2026-09-18 16:00:00,SPX260918C07795000,4.23,0.28,0,0,37,0.0982,0.098,0.0017,2519.0,7795.0,SPX260918P07795000,136.7,-61.9,0,0,18,0.0973,-0.9019,0.0017,2536.0
2026-09-18 16:00:00,SPXW260918C07795000,5.3,0.7,0,0,365,0.1013,0.1096,0.0017,613.0,7795.0,SPXW260918P07795000,121.17,0.0,0,0,0,0.094,-0.8902,0.0017,148.0
2026-09-18 16:00:00,SPX260918C07800000,4.2,0.65,0,0,5835,0.0979,0.0893,0.0016,44328.0,7800.0,SPX260918P07800000,136.7,-66.5,0,0,70,0.097,-0.9106,0.0016,25750.0
2026-09-18 16:00:00,SPXW260918C07800000,4.88,0.9,0,0,2361,0.1008,0.1004,0.0016,5667.0,7800.0,SPXW260918P07800000,137.2,-67.05,0,0,45,0.0997,-0.8994,0.0016,725.0
2026-09-18 16:00:00,SPX260918C07805000,3.65,0.45,0,0,57,0.0977,0.0812,0.0015,5497.0,7805.0,SPX260918P07805000,206.3,0.0,0,0,0,0.097,-0.9186,0.0015,4311.0
2026-09-18 16:00:00,SPXW260918C07805000,4.38,0.68,0,0,855,0.1006,0.0918,0.0015,1400.0,7805.0,SPXW260918P07805000,147.47,-61.23,0,0,1,0.0922,-0.908,0.0015,62.0
2026-09-18 16:00:00,SPX260918C07810000,2.95,0.05,0,0,215,0.0975,0.0737,0.0014,4275.0,7810.0,SPX260918P07810000,207.7,0.0,0,0,0,0.0961,-0.9261,0.0014,3838.0
2026-09-18 16:00:00,SPXW260918C07810000,3.67,0.27,0,0,752,0.1004,0.0838,0.0014,1011.0,7810.0,SPXW260918P07810000,140.05,-73.2,0,0,6,0.091,-0.916,0.0014,78.0
2026-09-18 16:00:00,SPX260918C07815000,2.72,0.12,0,0,110,0.0974,0.0669,0.0013,3865.0,7815.0,SPX260918P07815000,94.5,0.0,0,0,0,0.0963,-0.933,0.0013,3728.0
2026-09-18 16:00:00,SPXW260918C07815000,3.31,0.21,0,0,1503,0.1003,0.0764,0.0014,1867.0,7815.0,SPXW260918P07815000,131.86,0.0,0,0,0,0.0901,-0.9234,0.0014,47.0
2026-09-18 16:00:00,SPX260918C07820000,2.3,-0.075,0,0,1021,0.0971,0.0606,0.0012,2672.0,7820.0,SPX260918P07820000,138.3,0.0,0,0,0,0.0955,-0.9393,0.0012,2101.0
2026-09-18 16:00:00,SPXW260918C07820000,3.0,0.225,0,0,1958,0.1,0.0695,0.0013,3341.0,7820.0,SPXW260918P07820000,151.44,-71.11,0,0,3,0.0888,-0.9303,0.0013,86.0
2026-09-18 16:00:00,SPX260918C07825000,2.2,0.05,0,0,346,0.0971,0.0548,0.0011,7481.0,7825.0,SPX260918P07825000,187.9,0.0,0,0,0,0.0961,-0.945,0.0011,3613.0
2026-09-18 16:00:00,SPXW260918C07825000,2.57,0.045,0,0,1281,0.0996,0.0632,0.0012,2737.0,7825.0,SPXW260918P07825000,153.65,-73.85,0,0,16,0.0869,-0.9367,0.0012,127.0
2026-09-18 16:00:00,SPX260918C07830000,1.8,-0.125,0,0,193,0.0971,0.0496,0.001,2636.0,7830.0,SPX260918P07830000,220.59,0.0,0,0,0,0.0956,-0.9503,0.001,2253.0
2026-09-18 16:00:00,SPXW260918C07830000,2.31,0.035,0,0,758,0.0995,0.0574,0.0011,1082.0,7830.0,SPXW260918P07830000,169.2,-62.95,0,0,2,0.0855,-0.9425,0.0011,68.0
2026-09-18 16:00:00,SPX260918C07835000,1.8,0.05,0,0,10,0.0971,0.0448,0.0009,1745.0,7835.0,SPX260918P07835000,167.44,0.0,0,0,0,0.0958,-0.955,0.0009,1574.0
2026-09-18 16:00:00,SPXW260918C07835000,2.05,0.0,0,0,472,0.0994,0.052,0.001,701.0,7835.0,SPXW260918P07835000,183.56,0.0,0,0,0,0.0832,-0.9478,0.001,18.0
2026-09-18 16:00:00,SPX260918C07840000,1.47,-0.105,0,0,71,0.0972,0.0405,0.0009,988.0,7840.0,SPX260918P07840000,121.89,0.0,0,0,0,0.0957,-0.9593,0.0009,240.0
2026-09-18 16:00:00,SPXW260918C07840000,1.75,-0.1,0,0,540,0.0993,0.0472,0.0009,1805.0,7840.0,SPXW260918P07840000,188.06,0.0,0,0,0,0.0818,-0.9526,0.0009,54.0
2026-09-18 16:00:00,SPX260918C07845000,1.4,-0.025,0,0,5,0.097,0.0367,0.0008,229.0,7845.0,SPX260918P07845000,193.78,0.0,0,0,0,0.0954,-0.9631,0.0008,6.0
2026-09-18 16:00:00,SPXW260918C07845000,1.55,-0.15,0,0,387,0.0992,0.0428,0.0009,461.0,7845.0,SPXW260918P07845000,162.81,0.0,0,0,0,0.0794,-0.957,0.0009,35.0
2026-09-18 16:00:00,SPX260918C07850000,1.27,-0.055,0,0,3562,0.0975,0.0332,0.0007,12070.0,7850.0,SPX260918P07850000,183.12,-67.78,0,0,3,0.0948,-0.9666,0.0007,383.0
2026-09-18 16:00:00,SPXW260918C07850000,1.45,0.05,0,0,1055,0.0991,0.0389,0.0008,3874.0,7850.0,SPXW260918P07850000,176.6,-74.95,0,0,2,0.0917,-0.961,0.0008,59.0
2026-09-18 16:00:00,SPX260918C07855000,1.05,-0.125,0,0,47,0.0975,0.0301,0.0007,2172.0,7855.0,SPX260918P07855000,150.59,0.0,0,0,0,0.0954,-0.9697,0.0007,39.0
2026-09-18 16:00:00,SPXW260918C07855000,1.25,-0.15,0,0,544,0.0994,0.0353,0.0007,764.0,7855.0,SPXW260918P07855000,182.1,0.0,0,0,0,0.0656,-0.9645,0.0007,26.0
2026-09-18 16:00:00,SPX260918C07860000,1.15,0.075,0,0,56,0.0976,0.0274,0.0006,1351.0,7860.0,SPX260918P07860000,129.04,0.0,0,0,0,0.0958,-0.9724,0.0006,507.0
2026-09-18 16:00:00,SPXW260918C07860000,1.18,-0.07,0,0,227,0.0996,0.0321,0.0007,788.0,7860.0,SPXW260918P07860000,257.24,0.0,0,0,0,0.0,-0.9677,0.0007,19.0
2026-09-18 16:00:00,SPX260918C07865000,0.85,-0.15,0,0,132,0.098,0.0249,0.0006,376.0,7865.0,SPX260918P07865000,132.83,0.0,0,0,0,0.0942,-0.9749,0.0006,39.0
2026-09-18 16:00:00,SPXW260918C07865000,0.95,-0.06,0,0,813,0.0995,0.0292,0.0006,622.0,7865.0,SPXW260918P07865000,129.25,0.0,0,0,0,0.0,-0.9706,0.0006,9.0
2026-09-18 16:00:00,SPX260918C07870000,0.8,-0.125,0,0,34,0.0981,0.0228,0.0005,1328.0,7870.0,SPX260918P07870000,194.56,0.0,0,0,0,0.0962,-0.977,0.0005,52.0
2026-09-18 16:00:00,SPXW260918C07870000,0.85,-0.2,0,0,347,0.0996,0.0267,0.0006,754.0,7870.0,SPXW260918P07870000,214.24,0.0,0,0,0,0.0,-0.9732,0.0006,18.0
2026-09-18 16:00:00,SPX260918C07875000,0.66,-0.19,0,0,2455,0.0986,0.0208,0.0005,6037.0,7875.0,SPX260918P07875000,188.24,0.0,0,0,0,0.0949,-0.979,0.0005,41.0
2026-09-18 16:00:00,SPXW260918C07875000,0.83,-0.12,0,0,1281,0.0999,0.0244,0.0005,1903.0,7875.0,SPXW260918P07875000,186.02,0.0,0,0,0,0.0,-0.9755,0.0005,69.0
2026-09-18 16:00:00,SPX260918C07880000,0.65,-0.125,0,0,12,0.0989,0.0191,0.0004,847.0,7880.0,SPX260918P07880000,197.1,0.0,0,0,0,0.105,-0.9807,0.0004,4.0
2026-09-18 16:00:00,SPXW260918C07880000,0.75,-0.15,0,0,457,0.1004,0.0223,0.0005,785.0,7880.0,SPXW260918P07880000,271.04,0.0,0,0,0,0.0,-0.9775,0.0005,53.0
2026-09-18 16:00:00,SPX260918C07885000,0.55,-0.175,0,0,4,0.0997,0.0176,0.0004,478.0,7885.0,SPX260918P07885000,152.43,0.0,0,0,0,0.107,-0.9822,0.0004,8.0
2026-09-18 16:00:00,SPXW260918C07885000,0.65,-0.15,0,0,235,0.1009,0.0205,0.0005,628.0,7885.0,SPXW260918P07885000,154.95,0.0,0,0,0,0.0,-0.9793,0.0005,18.0
2026-09-18 16:00:00,SPX260918C07890000,0.64,-0.035,0,0,22,0.1003,0.0163,0.0004,1073.0,7890.0,SPX260918P07890000,250.0,0.0,0,0,0,0.1072,-0.9836,0.0004,64.0
2026-09-18 16:00:00,SPXW260918C07890000,0.65,-0.1,0,0,167,0.1012,0.0189,0.0004,2669.0,7890.0,SPXW260918P07890000,227.4,-64.85,0,0,3,0.0,-0.9809,0.0004,33.0
2026-09-18 16:00:00,SPX260918C07895000,1.2,0.0,0,0,0,0.1015,0.0151,0.0004,536.0,7895.0,SPX260918P07895000,160.95,0.0,0,0,0,0.1092,-0.9847,0.0004,6.0
2026-09-18 16:00:00,SPXW260918C07895000,0.55,-0.15,0,0,70,0.1019,0.0175,0.0004,334.0,7895.0,SPXW260918P07895000,207.92,0.0,0,0,0,0.0,-0.9823,0.0004,34.0
2026-09-18 16:00:00,SPX260918C07900000,0.5,-0.075,0,0,1571,0.1034,0.014,0.0003,22727.0,7900.0,SPX260918P07900000,234.17,-66.33,0,0,13,0.1093,-0.9858,0.0003,1014.0
2026-09-18 16:00:00,SPXW260918C07900000,0.5,-0.15,0,0,636,0.1026,0.0162,0.0004,5630.0,7900.0,SPXW260918P07900000,300.84,0.0,0,0,0,0.0,-0.9836,0.0004,124.0
2026-09-18 16:00:00,SPX260918C07905000,0.45,-0.1,0,0,40,0.1037,0.0131,0.0003,420.0,7905.0,SPX260918P07905000,233.2,0.0,0,0,0,0.1113,-0.9867,0.0003,2.0
2026-09-18 16:00:00,SPXW260918C07905000,0.45,-0.15,0,0,89,0.1037,0.0151,0.0003,1408.0,7905.0,SPXW260918P07905000,237.27,-67.43,0,0,2,0.0,-0.9847,0.0003,27.0
2026-09-18 16:00:00,SPX260918C07910000,0.4,-0.125,0,0,102,0.104,0.0123,0.0003,1571.0,7910.0,SPX260918P07910000,357.9,0.0,0,0,0,0.1133,-0.9876,0.0003,3.0
2026-09-18 16:00:00,SPXW260918C07910000,0.45,-0.15,0,0,230,0.1042,0.0141,0.0003,591.0,7910.0,SPXW260918P07910000,233.53,0.0,0,0,0,0.0,-0.9858,0.0003,107.0
2026-09-18 16:00:00,SPX260918C07915000,0.45,-0.05,0,0,46,0.1058,0.0115,0.0003,767.0,7915.0,SPX260918P07915000,0.0,0.0,0,0,0,0.113,-0.9883,0.0003,3.0
2026-09-18 16:00:00,SPXW260918C07915000,0.4,-0.15,0,0,124,0.1045,0.0132,0.0003,1430.0,7915.0,SPXW260918P07915000,177.2,0.0,0,0,0,0.0,-0.9867,0.0003,25.0
2026-09-18 16:00:00,SPX260918C07920000,0.35,-0.1,0,0,47,0.1076,0.0109,0.0003,643.0,7920.0,SPX260918P07920000,246.35,0.0,0,0,0,0.115,-0.989,0.0003,56.0
2026-09-18 16:00:00,SPXW260918C07920000,0.4,-0.1,0,0,156,0.1062,0.0124,0.0003,580.0,7920.0,SPXW260918P07920000,180.2,0.0,0,0,0,0.0,-0.9875,0.0003,80.0
2026-09-18 16:00:00,SPX260918C07925000,0.45,0.0,0,0,633,0.1076,0.0103,0.0002,4240.0,7925.0,SPX260918P07925000,185.8,0.0,0,0,0,0.117,-0.9896,0.0002,57.0
2026-09-18 16:00:00,SPXW260918C07925000,0.35,-0.15,0,0,218,0.1064,0.0116,0.0003,1140.0,7925.0,SPXW260918P07925000,197.1,0.0,0,0,0,0.0,-0.9882,0.0003,68.0
2026-09-18 16:00:00,SPX260918C07930000,0.32,-0.08,0,0,64,0.1094,0.0097,0.0002,536.0,7930.0,SPX260918P07930000,258.76,-71.29,0,0,4,0.1189,-0.9901,0.0002,64.0
2026-09-18 16:00:00,SPXW260918C07930000,0.35,-0.1,0,0,357,0.1081,0.011,0.0002,1357.0,7930.0,SPXW260918P07930000,258.99,-70.61,0,0,34,0.0,-0.9888,0.0002,70.0
2026-09-18 16:00:00,SPX260918C07935000,0.27,-0.13,0,0,41,0.1081,0.0092,0.0002,627.0,7935.0,SPX260918P07935000,208.6,0.0,0,0,0,0.1209,-0.9906,0.0002,3.0
2026-09-18 16:00:00,SPXW260918C07935000,0.3,-0.15,0,0,76,0.108,0.0104,0.0002,326.0,7935.0,SPXW260918P07935000,187.8,0.0,0,0,0,0.0,-0.9894,0.0002,34.0
2026-09-18 16:00:00,SPX260918C07940000,0.25,-0.125,0,0,45,0.1109,0.0088,0.0002,805.0,7940.0,SPX260918P07940000,192.65,0.0,0,0,0,0.1203,-0.991,0.0002,5.0
2026-09-18 16:00:00,SPXW260918C07940000,0.3,-0.04,0,0,227,0.1097,0.0099,0.0002,702.0,7940.0,SPXW260918P07940000,268.51,-70.84,0,0,34,0.0,-0.99,0.0002,50.0
2026-09-18 16:00:00,SPX260918C07945000,0.3,-0.05,0,0,38,0.1126,0.0084,0.0002,741.0,7945.0,SPX260918P07945000,0.0,0.0,0,0,0,0.1222,-0.9914,0.0002,0.0
2026-09-18 16:00:00,SPXW260918C07945000,0.3,-0.1,0,0,96,0.1104,0.0094,0.0002,293.0,7945.0,SPXW260918P07945000,198.8,0.0,0,0,0,0.0,-0.9904,0.0002,2.0
2026-09-18 16:00:00,SPX260918C07950000,0.27,-0.08,0,0,64,0.1144,0.0081,0.0002,7084.0,7950.0,SPX260918P07950000,208.1,0.0,0,0,0,0.1241,-0.9918,0.0002,105.0
2026-09-18 16:00:00,SPXW260918C07950000,0.3,-0.1,0,0,373,0.111,0.0089,0.0002,6871.0,7950.0,SPXW260918P07950000,281.33,-67.97,0,0,5,0.0,-0.9909,0.0002,71.0
2026-09-18 16:00:00,SPX260918C07955000,0.58,0.0,0,0,0,0.1138,0.0077,0.0002,323.0,7955.0,SPX260918P07955000,267.0,0.0,0,0,0,0.1261,-0.9921,0.0002,19.0
2026-09-18 16:00:00,SPXW260918C07955000,0.3,-0.05,0,0,78,0.1126,0.0085,0.0002,254.0,7955.0,SPXW260918P07955000,286.08,-69.17,0,0,2,0.0,-0.9913,0.0002,7.0
2026-09-18 16:00:00,SPX260918C07960000,0.32,0.02,0,0,7,0.1142,0.0074,0.0002,7165.0,7960.0,SPX260918P07960000,234.22,0.0,0,0,0,0.128,-0.9924,0.0002,1.0
2026-09-18 16:00:00,SPXW260918C07960000,0.25,-0.1,0,0,69,0.1143,0.0082,0.0002,585.0,7960.0,SPXW260918P07960000,203.0,0.0,0,0,0,0.0,-0.9917,0.0002,17.0
2026-09-18 16:00:00,SPX260918C07965000,0.35,0.05,0,0,2,0.1158,0.0072,0.0002,400.0,7965.0,SPX260918P07965000,0.0,0.0,0,0,0,0.1299,-0.9926,0.0002,6.0
2026-09-18 16:00:00,SPXW260918C07965000,0.25,-0.1,0,0,38,0.1147,0.0078,0.0002,307.0,7965.0,SPXW260918P07965000,221.53,0.0,0,0,0,0.0,-0.992,0.0002,8.0
2026-09-18 16:00:00,SPX260918C07970000,0.27,-0.005,0,0,7,0.1175,0.0069,0.0002,1604.0,7970.0,SPX260918P07970000,241.47,0.0,0,0,0,0.1318,-0.9929,0.0002,9.0
2026-09-18 16:00:00,SPXW260918C07970000,0.25,-0.075,0,0,160,0.1164,0.0075,0.0002,362.0,7970.0,SPXW260918P07970000,230.24,0.0,0,0,0,0.0,-0.9923,0.0002,4.0
2026-09-18 16:00:00,SPX260918C07975000,0.27,-0.03,0,0,11,0.1204,0.0067,0.0001,4914.0,7975.0,SPX260918P07975000,262.02,0.0,0,0,0,0.1308,-0.9931,0.0001,15.0
2026-09-18 16:00:00,SPXW260918C07975000,0.25,-0.05,0,0,303,0.1167,0.0072,0.0002,760.0,7975.0,SPXW260918P07975000,288.49,0.0,0,0,0,0.0,-0.9926,0.0002,17.0
2026-09-18 16:00:00,SPX260918C07980000,0.31,0.035,0,0,3,0.1207,0.0065,0.0001,943.0,7980.0,SPX260918P07980000,251.52,0.0,0,0,0,0.1327,-0.9933,0.0001,23.0
2026-09-18 16:00:00,SPXW260918C07980000,0.25,-0.05,0,0,29,0.1183,0.007,0.0001,361.0,7980.0,SPXW260918P07980000,0.0,0.0,0,0,0,0.0,-0.9929,0.0001,0.0
2026-09-18 16:00:00,SPX260918C07985000,1.65,0.0,0,0,0,0.1224,0.0063,0.0001,110.0,7985.0,SPX260918P07985000,0.0,0.0,0,0,0,0.1346,-0.9935,0.0001,0.0
2026-09-18 16:00:00,SPXW260918C07985000,0.25,-0.05,0,0,10,0.1199,0.0067,0.0001,121.0,7985.0,SPXW260918P07985000,238.61,0.0,0,0,0,0.0,-0.9931,0.0001,1.0
2026-09-18 16:00:00,SPX260918C07990000,0.4,0.0,0,0,0,0.121,0.0061,0.0001,915.0,7990.0,SPX260918P07990000,315.84,0.0,0,0,0,0.1365,-0.9937,0.0001,29.0
2026-09-18 16:00:00,SPXW260918C07990000,0.25,-0.05,0,0,104,0.1215,0.0065,0.0001,246.0,7990.0,SPXW260918P07990000,248.21,0.0,0,0,0,0.0,-0.9933,0.0001,2.0
2026-09-18 16:00:00,SPX260918C07995000,0.56,0.0,0,0,0,0.1226,0.006,0.0001,390.0,7995.0,SPX260918P07995000,292.91,0.0,0,0,0,0.1384,-0.9938,0.0001,12.0
2026-09-18 16:00:00,SPXW260918C07995000,0.2,-0.1,0,0,57,0.1217,0.0063,0.0001,467.0,7995.0,SPXW260918P07995000,280.65,0.0,0,0,0,0.0,-0.9935,0.0001,7.0
2026-09-18 16:00:00,SPX260918C08000000,0.2,-0.05,0,0,10450,0.1258,0.0058,0.0001,286455.0,8000.0,SPX260918P08000000,325.58,-74.07,0,0,6511,0.0966,-0.994,0.0001,277396.0
2026-09-18 16:00:00,SPXW260918C08000000,0.2,-0.1,0,0,764,0.1233,0.0061,0.0001,4410.0,8000.0,SPXW260918P08000000,333.43,-66.62,0,0,71,0.0,-0.9937,0.0001,281.0
2026-09-18 16:00:00,SPX260918C08005000,0.21,-0.015,0,0,37,0.1258,0.0057,0.0001,1871.0,8005.0,SPX260918P08005000,335.25,0.0,0,0,0,0.1422,-0.9942,0.0001,4.0
2026-09-18 16:00:00,SPXW260918C08005000,0.2,-0.05,0,0,60,0.1249,0.0059,0.0001,200.0,8005.0,SPXW260918P08005000,319.54,0.0,0,0,0,0.0,-0.9939,0.0001,0.0
2026-09-18 16:00:00,SPX260918C08010000,0.35,0.0,0,0,0,0.1274,0.0055,0.0001,696.0,8010.0,SPX260918P08010000,321.26,0.0,0,0,0,0.144,-0.9943,0.0001,9.0
2026-09-18 16:00:00,SPXW260918C08010000,0.2,-0.05,0,0,64,0.1264,0.0057,0.0001,437.0,8010.0,SPXW260918P08010000,311.31,0.0,0,0,0,0.0,-0.9941,0.0001,11.0
2026-09-18 16:00:00,SPX260918C08015000,0.39,0.0,0,0,0,0.129,0.0054,0.0001,329.0,8015.0,SPX260918P08015000,0.0,0.0,0,0,0,0.1459,-0.9944,0.0001,6.0
2026-09-18 16:00:00,SPXW260918C08015000,0.2,-0.05,0,0,30,0.128,0.0056,0.0001,149.0,8015.0,SPXW260918P08015000,303.61,0.0,0,0,0,0.0,-0.9943,0.0001,10.0
2026-09-18 16:00:00,SPX260918C08020000,0.28,0.055,0,0,1,0.1305,0.0053,0.0001,706.0,8020.0,SPX260918P08020000,351.48,0.0,0,0,0,0.1478,-0.9945,0.0001,89.0
2026-09-18 16:00:00,SPXW260918C08020000,0.2,-0.05,0,0,18,0.1296,0.0054,0.0001,212.0,8020.0,SPXW260918P08020000,0.0,0.0,0,0,0,0.0,-0.9944,0.0001,0.0
2026-09-18 16:00:00,SPX260918C08025000,0.2,-0.05,0,0,402,0.1321,0.0052,0.0001,7528.0,8025.0,SPX260918P08025000,309.22,0.0,0,0,0,0.1462,-0.9946,0.0001,21.0
2026-09-18 16:00:00,SPXW260918C08025000,0.2,-0.05,0,0,1968,0.1311,0.0053,0.0001,1833.0,8025.0,SPXW260918P08025000,327.75,0.0,0,0,0,0.0,-0.9946,0.0001,1.0
2026-09-18 16:00:00,SPX260918C08030000,0.17,-0.055,0,0,9,0.1336,0.0051,0.0001,642.0,8030.0,SPX260918P08030000,297.6,0.0,0,0,0,0.148,-0.9948,0.0001,26.0
2026-09-18 16:00:00,SPXW260918C08030000,0.2,-0.05,0,0,45,0.1327,0.0051,0.0001,304.0,8030.0,SPXW260918P08030000,0.0,0.0,0,0,0,0.0,-0.9947,0.0001,0.0
2026-09-18 16:00:00,SPX260918C08035000,0.25,0.05,0,0,1,0.1352,0.005,0.0001,208.0,8035.0,SPX260918P08035000,0.0,0.0,0,0,0,0.1499,-0.9949,0.0001,0.0
2026-09-18 16:00:00,SPXW260918C08035000,0.2,-0.05,0,0,46,0.1343,0.005,0.0001,85.0,8035.0,SPXW260918P08035000,439.16,0.0,0,0,0,0.0,-0.9948,0.0001,1.0
2026-09-18 16:00:00,SPX260918C08040000,0.15,-0.05,0,0,21,0.1368,0.0048,0.0001,860.0,8040.0,SPX260918P08040000,318.88,0.0,0,0,0,0.1518,-0.995,0.0001,10.0
2026-09-18 16:00:00,SPXW260918C08040000,0.2,-0.05,0,0,199,0.1341,0.0049,0.0001,397.0,8040.0,SPXW260918P08040000,0.0,0.0,0,0,0,0.0,-0.995,0.0001,0.0
2026-09-18 16:00:00,SPX260918C08045000,0.78,0.0,0,0,0,0.1364,0.0048,0.0001,316.0,8045.0,SPX260918P08045000,0.0,0.0,0,0,0,0.1536,-0.9951,0.0001,7.0
2026-09-18 16:00:00,SPXW260918C08045000,0.2,-0.05,0,0,25,0.1357,0.0048,0.0001,78.0,8045.0,SPXW260918P08045000,0.0,0.0,0,0,0,0.0,-0.9951,0.0001,0.0
2026-09-18 16:00:00,SPX260918C08050000,0.2,-0.025,0,0,772,0.1399,0.0047,0.0001,10983.0,8050.0,SPX260918P08050000,341.4,0.0,0,0,0,0.1555,-0.9952,0.0001,9.0
2026-09-18 16:00:00,SPXW260918C08050000,0.2,-0.025,0,0,67,0.1372,0.0046,0.0001,1117.0,8050.0,SPXW260918P08050000,335.27,0.0,0,0,0,0.0,-0.9952,0.0001,20.0
2026-09-18 16:00:00,SPX260918C08055000,0.25,0.05,0,0,20,0.1414,0.0046,0.0001,357.0,8055.0,SPX260918P08055000,0.0,0.0,0,0,0,0.1574,-0.9952,0.0001,0.0
2026-09-18 16:00:00,SPXW260918C08055000,0.2,-0.025,0,0,17,0.1368,0.0045,0.0001,59.0,8055.0,SPXW260918P08055000,359.78,0.0,0,0,0,0.0,-0.9953,0.0001,1.0
2026-09-18 16:00:00,SPX260918C08060000,0.3,0.0,0,0,0,0.141,0.0045,0.0001,1473.0,8060.0,SPX260918P08060000,0.0,0.0,0,0,0,0.1592,-0.9953,0.0001,0.0
2026-09-18 16:00:00,SPXW260918C08060000,0.2,0.0,0,0,16,0.1383,0.0044,0.0001,193.0,8060.0,SPXW260918P08060000,0.0,0.0,0,0,0,0.0,-0.9954,0.0001,0.0
2026-09-18 16:00:00,SPX260918C08065000,0.25,0.075,0,0,70,0.1448,0.0044,0.0001,140.0,8065.0,SPX260918P08065000,0.0,0.0,0,0,0,0.1611,-0.9954,0.0001,0.0
2026-09-18 16:00:00,SPX260918C08070000,0.4,0.0,0,0,0,0.1444,0.0043,0.0001,855.0,8070.0,SPX260918P08070000,465.3,0.0,0,0,0,0.163,-0.9955,0.0001,1.0
2026-09-18 16:00:00,SPXW260918C08070000,0.15,-0.05,0,0,29,0.1414,0.0042,0.0001,203.0,8070.0,SPXW260918P08070000,0.0,0.0,0,0,0,0.0,-0.9956,0.0001,0.0
2026-09-18 16:00:00,SPX260918C08075000,0.25,0.0,0,0,0,0.1459,0.0042,0.0001,4233.0,8075.0,SPX260918P08075000,0.0,0.0,0,0,0,0.1648,-0.9956,0.0001,5.0
2026-09-18 16:00:00,SPXW260918C08075000,0.15,-0.05,0,0,40,0.1429,0.0041,0.0001,397.0,8075.0,SPXW260918P08075000,477.97,0.0,0,0,0,0.0,-0.9957,0.0001,3.0
2026-09-18 16:00:00,SPX260918C08080000,0.21,0.035,0,0,3,0.1472,0.0042,0.0001,1434.0,8080.0,SPX260918P08080000,472.4,0.0,0,0,0,0.1667,-0.9956,0.0001,1.0
2026-09-18 16:00:00,SPXW260918C08080000,0.15,-0.05,0,0,29,0.1444,0.004,0.0001,266.0,8080.0,SPXW260918P08080000,437.44,0.0,0,0,0,0.0,-0.9958,0.0001,1.0
2026-09-18 16:00:00,SPX260918C08090000,0.2,0.025,0,0,1,0.1502,0.004,0.0001,970.0,8090.0,SPX260918P08090000,353.45,0.0,0,0,0,0.1704,-0.9958,0.0001,1.0
2026-09-18 16:00:00,SPXW260918C08090000,0.15,-0.05,0,0,32,0.1474,0.0039,0.0001,238.0,8090.0,SPXW260918P08090000,0.0,0.0,0,0,0,0.0,-0.996,0.0001,0.0
2026-09-18 16:00:00,SPX260918C08100000,0.21,0.01,0,0,815,0.1509,0.0039,0.0001,18879.0,8100.0,SPX260918P08100000,429.14,0.0,0,0,0,0.1699,-0.9959,0.0001,322.0
2026-09-18 16:00:00,SPXW260918C08100000,0.15,-0.05,0,0,44,0.1504,0.0037,0.0001,1128.0,8100.0,SPXW260918P08100000,384.84,0.0,0,0,0,0.0,-0.9961,0.0001,8.0
2026-09-18 16:00:00,SPX260918C08110000,0.25,0.0,0,0,0,0.1563,0.0038,0.0001,913.0,8110.0,SPX260918P08110000,564.29,0.0,0,0,0,0.1736,-0.996,0.0001,11.0
2026-09-18 16:00:00,SPXW260918C08110000,0.15,-0.05,0,0,39,0.1533,0.0036,0.0001,570.0,8110.0,SPXW260918P08110000,0.0,0.0,0,0,0,0.0,-0.9962,0.0001,0.0
2026-09-18 16:00:00,SPX260918C08120000,0.2,0.025,0,0,10,0.1593,0.0037,0.0001,791.0,8120.0,SPX260918P08120000,0.0,0.0,0,0,0,0.1772,-0.9962,0.0001,0.0
2026-09-18 16:00:00,SPXW260918C08120000,0.15,-0.05,0,0,24,0.1541,0.0035,0.0001,229.0,8120.0,SPXW260918P08120000,511.01,0.0,0,0,0,0.0,-0.9964,0.0001,4.0
2026-09-18 16:00:00,SPX260918C08125000,0.2,0.025,0,0,12,0.161,0.0036,0.0001,3909.0,8125.0,SPX260918P08125000,386.1,0.0,0,0,0,0.1791,-0.9962,0.0001,2.0
2026-09-18 16:00:00,SPXW260918C08125000,0.1,-0.1,0,0,3,0.1556,0.0034,0.0001,288.0,8125.0,SPXW260918P08125000,454.74,-69.16,0,0,1,0.0,-0.9964,0.0001,2.0
2026-09-18 16:00:00,SPX260918C08130000,0.2,0.025,0,0,4,0.1625,0.0036,0.0001,314.0,8130.0,SPX260918P08130000,0.0,0.0,0,0,0,0.1809,-0.9963,0.0001,0.0
2026-09-18 16:00:00,SPXW260918C08130000,0.15,-0.05,0,0,32,0.157,0.0033,0.0001,292.0,8130.0,SPXW260918P08130000,359.0,0.0,0,0,0,0.0,-0.9965,0.0001,2.0
2026-09-18 16:00:00,SPX260918C08140000,0.45,0.0,0,0,0,0.1656,0.0034,0.0001,296.0,8140.0,SPX260918P08140000,0.0,0.0,0,0,0,0.1846,-0.9964,0.0001,0.0
2026-09-18 16:00:00,SPXW260918C08140000,0.15,-0.025,0,0,33,0.1571,0.0032,0.0001,189.0,8140.0,SPXW260918P08140000,0.0,0.0,0,0,0,0.0,-0.9966,0.0001,0.0
2026-09-18 16:00:00,SPX260918C08150000,0.15,-0.025,0,0,140,0.1661,0.0033,0.0001,12066.0,8150.0,SPX260918P08150000,480.87,0.0,0,0,0,0.1882,-0.9965,0.0001,3.0
2026-09-18 16:00:00,SPXW260918C08150000,0.15,0.0,0,0,21,0.1598,0.0031,0.0,620.0,8150.0,SPXW260918P08150000,546.77,0.0,0,0,0,0.0,-0.9967,0.0,3.0
2026-09-18 16:00:00,SPX260918C08160000,0.37,0.0,0,0,0,0.1716,0.0032,0.0,2447.0,8160.0,SPX260918P08160000,0.0,0.0,0,0,0,0.1919,-0.9966,0.0001,0.0
2026-09-18 16:00:00,SPXW260918C08160000,0.15,0.0,0,0,13,0.1627,0.003,0.0,145.0,8160.0,SPXW260918P08160000,564.13,0.0,0,0,0,0.0,-0.9968,0.0,1.0
2026-09-18 16:00:00,SPX260918C08170000,0.45,0.0,0,0,0,0.1718,0.0032,0.0,2566.0,8170.0,SPX260918P08170000,0.0,0.0,0,0,0,0.1956,-0.9967,0.0,0.0
2026-09-18 16:00:00,SPXW260918C08170000,0.15,0.0,0,0,20,0.1656,0.0029,0.0,87.0,8170.0,SPXW260918P08170000,0.0,0.0,0,0,0,0.0,-0.997,0.0,0.0
2026-09-18 16:00:00,SPX260918C08175000,0.2,0.05,0,0,114,0.1704,0.0031,0.0,2970.0,8175.0,SPX260918P08175000,379.09,0.0,0,0,0,0.1974,-0.9967,0.0,9.0
2026-09-18 16:00:00,SPXW260918C08175000,0.15,0.0,0,0,225,0.167,0.0028,0.0,419.0,8175.0,SPXW260918P08175000,0.0,0.0,0,0,0,0.0,-0.997,0.0,0.0
2026-09-18 16:00:00,SPX260918C08180000,0.17,0.02,0,0,3,0.1747,0.0031,0.0,178.0,8180.0,SPX260918P08180000,0.0,0.0,0,0,0,0.1992,-0.9967,0.0,0.0
2026-09-18 16:00:00,SPXW260918C08180000,0.1,-0.05,0,0,6,0.1684,0.0028,0.0,67.0,8180.0,SPXW260918P08180000,484.4,0.0,0,0,0,0.0,-0.997,0.0,1.0
2026-09-18 16:00:00,SPX260918C08190000,0.46,0.0,0,0,0,0.1746,0.003,0.0,146.0,8190.0,SPX260918P08190000,0.0,0.0,0,0,0,0.1979,-0.9968,0.0,0.0
2026-09-18 16:00:00,SPXW260918C08190000,0.1,-0.05,0,0,4,0.1712,0.0027,0.0,121.0,8190.0,SPXW260918P08190000,0.0,0.0,0,0,0,0.0,-0.9971,0.0,0.0
2026-09-18 16:00:00,SPX260918C08200000,0.1,-0.05,0,0,701,0.1776,0.0029,0.0,22112.0,8200.0,SPX260918P08200000,471.52,0.0,0,0,0,0.2016,-0.9969,0.0,4139.0
2026-09-18 16:00:00,SPXW260918C08200000,0.15,0.0,0,0,210,0.174,0.0026,0.0,1463.0,8200.0,SPXW260918P08200000,455.26,0.0,0,0,0,0.0,-0.9972,0.0,2.0
2026-09-18 16:00:00,SPX260918C08210000,0.87,0.0,0,0,0,0.1805,0.0028,0.0,126.0,8210.0,SPX260918P08210000,0.0,0.0,0,0,0,0.2052,-0.997,0.0,0.0
2026-09-18 16:00:00,SPXW260918C08210000,0.15,0.0,0,0,52,0.1771,0.0025,0.0,357.0,8210.0,SPXW260918P08210000,0.0,0.0,0,0,0,0.0,-0.9973,0.0,0.0
2026-09-18 16:00:00,SPX260918C08220000,0.25,0.0,0,0,0,0.1834,0.0028,0.0,321.0,8220.0,SPX260918P08220000,432.18,0.0,0,0,0,0.2088,-0.9971,0.0,1.0
2026-09-18 16:00:00,SPXW260918C08220000,0.1,-0.05,0,0,5,0.1799,0.0024,0.0,62.0,8220.0,SPXW260918P08220000,0.0,0.0,0,0,0,0.0,-0.9974,0.0,0.0
2026-09-18 16:00:00,SPX260918C08225000,0.2,0.0,0,0,0,0.1848,0.0027,0.0,8274.0,8225.0,SPX260918P08225000,0.0,0.0,0,0,0,0.2106,-0.9971,0.0,0.0
2026-09-18 16:00:00,SPXW260918C08225000,0.1,-0.05,0,0,23,0.1813,0.0024,0.0,477.0,8225.0,SPXW260918P08225000,0.0,0.0,0,0,0,0.0,-0.9974,0.0,0.0
2026-09-18 16:00:00,SPX260918C08230000,0.3,0.0,0,0,0,0.1862,0.0027,0.0,191.0,8230.0,SPX260918P08230000,0.0,0.0,0,0,0,0.2125,-0.9971,0.0,0.0
2026-09-18 16:00:00,SPXW260918C08230000,0.1,-0.05,0,0,30,0.1827,0.0024,0.0,111.0,8230.0,SPXW260918P08230000,0.0,0.0,0,0,0,0.0,-0.9974,0.0,0.0
2026-09-18 16:00:00,SPX260918C08240000,0.2,0.0,0,0,0,0.1891,0.0026,0.0,256.0,8240.0,SPX260918P08240000,0.0,0.0,0,0,0,0.2161,-0.9972,0.0,0.0
2026-09-18 16:00:00,SPXW260918C08240000,0.1,-0.05,0,0,34,0.1855,0.0023,0.0,101.0,8240.0,SPXW260918P08240000,0.0,0.0,0,0,0,0.0,-0.9975,0.0,0.0
2026-09-18 16:00:00,SPX260918C08250000,0.27,0.0,0,0,0,0.192,0.0025,0.0,11733.0,8250.0,SPX260918P08250000,476.38,0.0,0,0,0,0.2197,-0.9973,0.0,2.0
2026-09-18 16:00:00,SPXW260918C08250000,0.1,-0.05,0,0,42,0.1883,0.0022,0.0,630.0,8250.0,SPXW260918P08250000,652.34,0.0,0,0,0,0.0,-0.9976,0.0,1.0
2026-09-18 16:00:00,SPX260918C08260000,0.25,0.0,0,0,0,0.1949,0.0025,0.0,115.0,8260.0,SPX260918P08260000,504.09,0.0,0,0,0,0.2233,-0.9973,0.0,4.0
2026-09-18 16:00:00,SPXW260918C08260000,0.1,-0.05,0,0,31,0.1911,0.0022,0.0,185.0,8260.0,SPXW260918P08260000,0.0,0.0,0,0,0,0.0,-0.9977,0.0,0.0
2026-09-18 16:00:00,SPX260918C08270000,0.86,0.0,0,0,0,0.1977,0.0024,0.0,110.0,8270.0,SPX260918P08270000,0.0,0.0,0,0,0,0.2269,-0.9974,0.0,0.0
2026-09-18 16:00:00,SPXW260918C08270000,0.1,-0.05,0,0,32,0.1938,0.0021,0.0,170.0,8270.0,SPXW260918P08270000,0.0,0.0,0,0,0,0.0,-0.9977,0.0,5.0
2026-09-18 16:00:00,SPX260918C08275000,0.4,0.0,0,0,0,0.1952,0.0024,0.0,2043.0,8275.0,SPX260918P08275000,0.0,0.0,0,0,0,0.2287,-0.9974,0.0,0.0
2026-09-18 16:00:00,SPXW260918C08275000,0.1,-0.05,0,0,47,0.1952,0.0021,0.0,181.0,8275.0,SPXW260918P08275000,504.91,0.0,0,0,0,0.0,-0.9978,0.0,11.0
2026-09-18 16:00:00,SPX260918C08280000,0.35,0.0,0,0,0,0.2005,0.0024,0.0,58.0,8280.0,SPX260918P08280000,0.0,0.0,0,0,0,0.2305,-0.9974,0.0,0.0
2026-09-18 16:00:00,SPXW260918C08280000,0.1,-0.05,0,0,49,0.1966,0.002,0.0,106.0,8280.0,SPXW260918P08280000,0.0,0.0,0,0,0,0.0,-0.9978,0.0,0.0
2026-09-18 16:00:00,SPX260918C08290000,0.2,0.0,0,0,0,0.2033,0.0023,0.0,172.0,8290.0,SPX260918P08290000,0.0,0.0,0,0,0,0.2285,-0.9975,0.0,0.0
2026-09-18 16:00:00,SPXW260918C08290000,0.1,-0.05,0,0,47,0.1994,0.002,0.0,67.0,8290.0,SPXW260918P08290000,0.0,0.0,0,0,0,0.0,-0.9978,0.0,0.0
2026-09-18 16:00:00,SPX260918C08300000,0.13,0.005,0,0,1600,0.1972,0.0022,0.0,21085.0,8300.0,SPX260918P08300000,604.0,0.0,0,0,0,0.2321,-0.9976,0.0,23.0
2026-09-18 16:00:00,SPXW260918C08300000,0.1,-0.05,0,0,65,0.2021,0.0019,0.0,632.0,8300.0,SPXW260918P08300000,633.07,-66.68,0,0,1,0.0,-0.9979,0.0,13.0
2026-09-18 16:00:00,SPX260918C08310000,0.2,0.0,0,0,0,0.209,0.0022,0.0,77.0,8310.0,SPX260918P08310000,0.0,0.0,0,0,0,0.2357,-0.9976,0.0,0.0
2026-09-18 16:00:00,SPXW260918C08310000,0.1,-0.05,0,0,518,0.2049,0.0019,0.0,557.0,8310.0,SPXW260918P08310000,0.0,0.0,0,0,0,0.0,-0.998,0.0,0.0
2026-09-18 16:00:00,SPX260918C08320000,0.67,0.0,0,0,0,0.2117,0.0021,0.0,122.0,8320.0,SPX260918P08320000,0.0,0.0,0,0,0,0.2393,-0.9977,0.0,0.0
2026-09-18 16:00:00,SPXW260918C08320000,0.1,-0.025,0,0,29,0.2076,0.0018,0.0,66.0,8320.0,SPXW260918P08320000,0.0,0.0,0,0,0,0.0,-0.998,0.0,0.0
2026-09-18 16:00:00,SPX260918C08325000,0.08,-0.02,0,0,20,0.2039,0.0021,0.0,8415.0,8325.0,SPX260918P08325000,0.0,0.0,0,0,0,0.2411,-0.9977,0.0,0.0
2026-09-18 16:00:00,SPXW260918C08325000,0.1,0.0,0,0,514,0.209,0.0018,0.0,606.0,8325.0,SPXW260918P08325000,722.33,0.0,0,0,0,0.0,-0.998,0.0,27.0
2026-09-18 16:00:00,SPX260918C08330000,1.05,0.0,0,0,0,0.2145,0.0021,0.0,112.0,8330.0,SPX260918P08330000,0.0,0.0,0,0,0,0.2429,-0.9977,0.0,0.0
2026-09-18 16:00:00,SPXW260918C08330000,0.1,0.0,0,0,16,0.2103,0.0018,0.0,117.0,8330.0,SPXW260918P08330000,727.74,0.0,0,0,0,0.0,-0.998,0.0,4.0
2026-09-18 16:00:00,SPX260918C08340000,0.1,0.0,0,0,1,0.2173,0.002,0.0,181.0,8340.0,SPX260918P08340000,0.0,0.0,0,0,0,0.2465,-0.9978,0.0,0.0
2026-09-18 16:00:00,SPXW260918C08340000,0.1,0.0,0,0,1,0.2089,0.0017,0.0,60.0,8340.0,SPXW260918P08340000,0.0,0.0,0,0,0,0.0,-0.9981,0.0,0.0
2026-09-18 16:00:00,SPX260918C08350000,0.15,0.0,0,0,0,0.2106,0.002,0.0,3363.0,8350.0,SPX260918P08350000,0.0,0.0,0,0,0,0.2501,-0.9978,0.0,0.0
2026-09-18 16:00:00,SPXW260918C08350000,0.1,0.0,0,0,10,0.2116,0.0017,0.0,430.0,8350.0,SPXW260918P08350000,0.0,0.0,0,0,0,0.0,-0.9981,0.0,0.0
2026-09-18 16:00:00,SPX260918C08360000,0.45,0.0,0,0,0,0.2228,0.0019,0.0,149.0,8360.0,SPX260918P08360000,0.0,0.0,0,0,0,0.2536,-0.9979,0.0,0.0
2026-09-18 16:00:00,SPXW260918C08360000,0.1,0.0,0,0,2,0.2089,0.0016,0.0,87.0,8360.0,SPXW260918P08360000,757.32,0.0,0,0,0,0.0,-0.9982,0.0,27.0
2026-09-18 16:00:00,SPX260918C08370000,0.45,0.0,0,0,0,0.2212,0.0019,0.0,87.0,8370.0,SPX260918P08370000,0.0,0.0,0,0,0,0.2572,-0.9979,0.0,0.0
2026-09-18 16:00:00,SPXW260918C08370000,0.1,0.0,0,0,23,0.2049,0.0016,0.0,88.0,8370.0,SPXW260918P08370000,771.15,0.0,0,0,0,0.0,-0.9982,0.0,10.0
2026-09-18 16:00:00,SPX260918C08375000,0.1,0.0,0,0,17,0.2226,0.0019,0.0,1374.0,8375.0,SPX260918P08375000,0.0,0.0,0,0,0,0.259,-0.9979,0.0,0.0
2026-09-18 16:00:00,SPXW260918C08375000,0.1,0.0,0,0,43,0.2061,0.0016,0.0,120.0,8375.0,SPXW260918P08375000,772.56,0.0,0,0,0,0.0,-0.9982,0.0,4.0
2026-09-18 16:00:00,SPX260918C08380000,0.1,0.0,0,0,1,0.224,0.0019,0.0,168.0,8380.0,SPX260918P08380000,0.0,0.0,0,0,0,0.2608,-0.998,0.0,0.0
2026-09-18 16:00:00,SPXW260918C08380000,0.1,0.0,0,0,23,0.2074,0.0016,0.0,56.0,8380.0,SPXW260918P08380000,690.92,0.0,0,0,0,0.0,-0.9983,0.0,9.0
2026-09-18 16:00:00,SPX260918C08390000,0.15,0.0,0,0,0,0.2267,0.0018,0.0,443.0,8390.0,SPX260918P08390000,0.0,0.0,0,0,0,0.2579,-0.998,0.0,0.0
2026-09-18 16:00:00,SPXW260918C08390000,0.05,-0.05,0,0,1,0.2099,0.0015,0.0,796.0,8390.0,SPXW260918P08390000,648.73,0.0,0,0,0,0.0,-0.9983,0.0,3.0
2026-09-18 16:00:00,SPX260918C08400000,0.09,0.0,0,0,0,0.2239,0.0018,0.0,20533.0,8400.0,SPX260918P08400000,579.98,0.0,0,0,0,0.2615,-0.998,0.0,2.0
2026-09-18 16:00:00,SPXW260918C08400000,0.1,0.0,0,0,532,0.2124,0.0015,0.0,1017.0,8400.0,SPXW260918P08400000,800.43,0.0,0,0,0,0.0,-0.9983,0.0,10.0
2026-09-18 16:00:00,SPX260918C08410000,0.25,0.0,0,0,0,0.2321,0.0017,0.0,79.0,8410.0,SPX260918P08410000,0.0,0.0,0,0,0,0.2651,-0.9981,0.0,0.0
2026-09-18 16:00:00,SPXW260918C08410000,0.1,0.0,0,0,0,0.2221,0.0014,0.0,7.0,8410.0,SPXW260918P08410000,653.57,0.0,0,0,0,0.0,-0.9984,0.0,8.0
2026-09-18 16:00:00,SPX260918C08420000,0.7,0.0,0,0,0,0.2348,0.0017,0.0,107.0,8420.0,SPX260918P08420000,0.0,0.0,0,0,0,0.2687,-0.9981,0.0,0.0
2026-09-18 16:00:00,SPXW260918C08420000,0.47,0.0,0,0,0,0.2246,0.0014,0.0,30.0,8420.0,SPXW260918P08420000,0.0,0.0,0,0,0,0.0,-0.9984,0.0,0.0
2026-09-18 16:00:00,SPX260918C08425000,0.12,0.0,0,0,0,0.2361,0.0017,0.0,1954.0,8425.0,SPX260918P08425000,0.0,0.0,0,0,0,0.2705,-0.9981,0.0,4.0
2026-09-18 16:00:00,SPXW260918C08425000,0.05,-0.05,0,0,3,0.2259,0.0014,0.0,77.0,8425.0,SPXW260918P08425000,736.11,0.0,0,0,0,0.0,-0.9984,0.0,9.0
2026-09-18 16:00:00,SPX260918C08430000,0.65,0.0,0,0,0,0.2374,0.0017,0.0,299.0,8430.0,SPX260918P08430000,0.0,0.0,0,0,0,0.2723,-0.9981,0.0,0.0
2026-09-18 16:00:00,SPXW260918C08430000,0.15,0.0,0,0,0,0.2272,0.0014,0.0,9.0,8430.0,SPXW260918P08430000,781.53,0.0,0,0,0,0.0,-0.9984,0.0,4.0
2026-09-18 16:00:00,SPX260918C08440000,0.5,0.0,0,0,0,0.2401,0.0016,0.0,105.0,8440.0,SPX260918P08440000,0.0,0.0,0,0,0,0.2759,-0.9982,0.0,0.0
2026-09-18 16:00:00,SPXW260918C08440000,0.88,0.0,0,0,0,0.2298,0.0014,0.0,16.0,8440.0,SPXW260918P08440000,683.09,0.0,0,0,0,0.0,-0.9985,0.0,8.0
2026-09-18 16:00:00,SPX260918C08450000,0.1,0.0,0,0,0,0.2428,0.0016,0.0,4249.0,8450.0,SPX260918P08450000,0.0,0.0,0,0,0,0.2794,-0.9982,0.0,0.0
2026-09-18 16:00:00,SPXW260918C08450000,0.05,-0.05,0,0,3,0.2324,0.0013,0.0,351.0,8450.0,SPXW260918P08450000,801.32,0.0,0,0,0,0.0,-0.9985,0.0,5.0
2026-09-18 16:00:00,SPX260918C08460000,0.05,0.0,0,0,0,0.2455,0.0016,0.0,252.0,8460.0,SPX260918P08460000,0.0,0.0,0,0,0,0.283,-0.9982,0.0,0.0
2026-09-18 16:00:00,SPX260918C08470000,0.5,0.0,0,0,0,0.2481,0.0015,0.0,154.0,8470.0,SPX260918P08470000,0.0,0.0,0,0,0,0.2866,-0.9983,0.0,0.0
2026-09-18 16:00:00,SPX260918C08475000,0.15,0.0,0,0,0,0.2494,0.0015,0.0,286.0,8475.0,SPX260918P08475000,694.14,0.0,0,0,0,0.2883,-0.9983,0.0,1.0
2026-09-18 16:00:00,SPXW260918C08475000,0.05,-0.05,0,0,211,0.2388,0.0012,0.0,217.0,8475.0,SPXW260918P08475000,731.83,0.0,0,0,0,0.0,-0.9986,0.0,4.0
2026-09-18 16:00:00,SPX260918C08500000,0.1,0.0,0,0,0,0.25,0.0014,0.0,10535.0,8500.0,SPX260918P08500000,841.45,0.0,0,0,0,0.29,-0.9984,0.0,222.0
2026-09-18 16:00:00,SPXW260918C08500000,0.05,-0.05,0,0,12,0.2451,0.0012,0.0,1081.0,8500.0,SPXW260918P08500000,761.85,0.0,0,0,0,0.0,-0.9987,0.0,6.0
2026-09-18 16:00:00,SPX260918C08525000,0.35,0.0,0,0,0,0.2626,0.0014,0.0,4828.0,8525.0,SPX260918P08525000,0.0,0.0,0,0,0,0.299,-0.9984,0.0,0.0
2026-09-18 16:00:00,SPX260918C08550000,0.2,0.0,0,0,0,0.2629,0.0013,0.0,3250.0,8550.0,SPX260918P08550000,0.0,0.0,0,0,0,0.3079,-0.9985,0.0,0.0
2026-09-18 16:00:00,SPXW260918C08550000,0.29,0.0,0,0,0,0.2573,0.001,0.0,313.0,8550.0,SPXW260918P08550000,0.0,0.0,0,0,0,0.0,-0.9988,0.0,0.0
2026-09-18 16:00:00,SPX260918C08575000,0.45,0.0,0,0,0,0.2757,0.0012,0.0,716.0,8575.0,SPX260918P08575000,0.0,0.0,0,0,0,0.3167,-0.9986,0.0,0.0
2026-09-18 16:00:00,SPX260918C08600000,0.05,-0.025,0,0,50,0.2756,0.0012,0.0,14529.0,8600.0,SPX260918P08600000,0.0,0.0,0,0,0,0.3176,-0.9986,0.0,0.0
2026-09-18 16:00:00,SPXW260918C08600000,0.12,0.0,0,0,0,0.2702,0.0009,0.0,487.0,8600.0,SPXW260918P08600000,820.74,0.0,0,0,0,0.0,-0.9989,0.0,1.0
2026-09-18 16:00:00,SPX260918C08625000,0.35,0.0,0,0,0,0.2886,0.0011,0.0,188.0,8625.0,SPX260918P08625000,0.0,0.0,0,0,0,0.3266,-0.9987,0.0,0.0
2026-09-18 16:00:00,SPX260918C08650000,0.05,-0.025,0,0,50,0.2882,0.0011,0.0,1549.0,8650.0,SPX260918P08650000,1121.77,0.0,0,0,0,0.3355,-0.9988,0.0,3.0
2026-09-18 16:00:00,SPXW260918C08650000,0.15,0.0,0,0,0,0.2825,0.0008,0.0,440.0,8650.0,SPXW260918P08650000,0.0,0.0,0,0,0,0.0,-0.999,0.0,0.0
2026-09-18 16:00:00,SPX260918C08675000,0.1,0.0,0,0,0,0.3014,0.001,0.0,349.0,8675.0,SPX260918P08675000,0.0,0.0,0,0,0,0.3444,-0.9988,0.0,0.0
2026-09-18 16:00:00,SPX260918C08700000,0.05,-0.05,0,0,2,0.3007,0.001,0.0,12241.0,8700.0,SPX260918P08700000,1149.97,0.0,0,0,0,0.3532,-0.9988,0.0,1.0
2026-09-18 16:00:00,SPXW260918C08700000,0.05,0.0,0,0,6,0.2947,0.0008,0.0,423.0,8700.0,SPXW260918P08700000,920.47,0.0,0,0,0,0.0,-0.9991,0.0,1.0
2026-09-18 16:00:00,SPX260918C08725000,0.3,0.0,0,0,0,0.3141,0.0009,0.0,173.0,8725.0,SPX260918P08725000,0.0,0.0,0,0,0,0.3534,-0.9989,0.0,0.0
2026-09-18 16:00:00,SPX260918C08750000,0.3,0.0,0,0,0,0.3204,0.0009,0.0,167.0,8750.0,SPX260918P08750000,0.0,0.0,0,0,0,0.3623,-0.9989,0.0,0.0
2026-09-18 16:00:00,SPXW260918C08750000,0.6,0.0,0,0,0,0.3069,0.0007,0.0,5.0,8750.0,SPXW260918P08750000,0.0,0.0,0,0,0,0.0,-0.9992,0.0,0.0
2026-09-18 16:00:00,SPX260918C08775000,0.25,0.0,0,0,0,0.3267,0.0008,0.0,164.0,8775.0,SPX260918P08775000,994.1,0.0,0,0,0,0.3712,-0.999,0.0,1.0
2026-09-18 16:00:00,SPX260918C08800000,0.05,0.0,0,0,0,0.3254,0.0008,0.0,6840.0,8800.0,SPX260918P08800000,1202.04,0.0,0,0,0,0.38,-0.999,0.0,1.0
2026-09-18 16:00:00,SPXW260918C08800000,0.05,0.0,0,0,5,0.3188,0.0006,0.0,444.0,8800.0,SPXW260918P08800000,1057.71,0.0,0,0,0,0.0,-0.9992,0.0,17.0
2026-09-18 16:00:00,SPX260918C08850000,0.25,0.0,0,0,0,0.3376,0.0007,0.0,422.0,8850.0,SPX260918P08850000,0.0,0.0,0,0,0,0.3883,-0.9991,0.0,0.0
2026-09-18 16:00:00,SPXW260918C08850000,0.25,0.0,0,0,0,0.3209,0.0006,0.0,3.0,8850.0,SPXW260918P08850000,1107.49,0.0,0,0,0,0.0,-0.9993,0.0,5.0
2026-09-18 16:00:00,SPX260918C08900000,0.05,0.0,0,0,0,0.3496,0.0007,0.0,3911.0,8900.0,SPX260918P08900000,0.0,0.0,0,0,0,0.4061,-0.9992,0.0,0.0
2026-09-18 16:00:00,SPXW260918C08900000,0.05,0.0,0,0,5,0.3324,0.0005,0.0,305.0,8900.0,SPXW260918P08900000,0.0,0.0,0,0,0,0.0,-0.9993,0.0,0.0
2026-09-18 16:00:00,SPX260918C09000000,0.1,0.0,0,0,0,0.3734,0.0006,0.0,20458.0,9000.0,SPX260918P09000000,1246.33,0.0,0,0,0,0.4314,-0.9993,0.0,352.0
2026-09-18 16:00:00,SPXW260918C09000000,0.05,0.025,0,0,11,0.3551,0.0004,0.0,335.0,9000.0,SPXW260918P09000000,1371.27,0.0,0,0,0,0.0,-0.9994,0.0,220.0
2026-09-18 16:00:00,SPX260918C09100000,0.15,0.0,0,0,0,0.3968,0.0005,0.0,2333.0,9100.0,SPX260918P09100000,1542.16,0.0,0,0,0,0.4562,-0.9994,0.0,12.0
2026-09-18 16:00:00,SPXW260918C09100000,0.05,0.0,0,0,0,0.3599,0.0003,0.0,445.0,9100.0,SPXW260918P09100000,0.0,0.0,0,0,0,0.0,-0.9995,0.0,0.0
2026-09-18 16:00:00,SPX260918C09200000,0.05,0.0,0,0,0,0.4199,0.0004,0.0,4056.0,9200.0,SPX260918P09200000,1709.71,0.0,0,0,0,0.4912,-0.9994,0.0,88.0
2026-09-18 16:00:00,SPXW260918C09200000,0.1,0.0,0,0,0,0.3995,0.0003,0.0,396.0,9200.0,SPXW260918P09200000,0.0,0.0,0,0,0,0.0,-0.9996,0.0,0.0
2026-09-18 16:00:00,SPX260918C09300000,0.1,0.0,0,0,0,0.4426,0.0003,0.0,264.0,9300.0,SPX260918P09300000,0.0,0.0,0,0,0,0.5154,-0.9995,0.0,0.0
2026-09-18 16:00:00,SPXW260918C09300000,0.05,0.0,0,0,0,0.4212,0.0002,0.0,76.0,9300.0,SPXW260918P09300000,1751.92,0.0,0,0,0,0.0,-0.9996,0.0,1.0
2026-09-18 16:00:00,SPX260918C09400000,0.05,0.0,0,0,0,0.465,0.0003,0.0,3974.0,9400.0,SPX260918P09400000,1674.05,0.0,0,0,0,0.539,-0.9995,0.0,4.0
2026-09-18 16:00:00,SPXW260918C09400000,0.1,0.0,0,0,0,0.4426,0.0002,0.0,178.0,9400.0,SPXW260918P09400000,1749.06,0.0,0,0,0,0.0,-0.9996,0.0,1.0
2026-09-18 16:00:00,SPX260918C09500000,0.0,0.0,0,0,0,0.4869,0.0002,0.0,0.0,9500.0,SPX260918P09500000,0.0,0.0,0,0,0,0.5621,-0.9996,0.0,0.0
2026-09-18 16:00:00,SPXW260918C09500000,0.0,0.0,0,0,0,0.4637,0.0002,0.0,0.0,9500.0,SPXW260918P09500000,1851.36,0.0,0,0,0,0.0,-0.9997,0.0,1.0
2026-09-18 16:00:00,SPX260918C09600000,0.2,0.0,0,0,0,0.5087,0.0002,0.0,173.0,9600.0,SPX260918P09600000,0.0,0.0,0,0,0,0.5846,-0.9996,0.0,0.0
2026-09-18 16:00:00,SPXW260918C09600000,0.05,0.0,0,0,0,0.4845,0.0001,0.0,158.0,9600.0,SPXW260918P09600000,0.0,0.0,0,0,0,0.0,-0.9997,0.0,0.0
2026-09-18 16:00:00,SPX260918C09800000,0.05,0.0,0,0,0,0.5513,0.0001,0.0,4546.0,9800.0,SPX260918P09800000,2322.38,0.0,0,0,0,0.6413,-0.9997,0.0,5.0
2026-09-18 16:00:00,SPXW260918C09800000,0.05,0.0,0,0,0,0.5017,0.0001,0.0,309.0,9800.0,SPXW260918P09800000,2322.48,0.0,0,0,0,0.0,-0.9997,0.0,1.0
2026-09-18 16:00:00,SPX260918C10000000,0.03,0.0,0,0,0,0.5927,0.0001,0.0,1515.0,10000.0,SPX260918P10000000,2257.25,0.0,0,0,0,0.6841,-0.9997,0.0,416.0
2026-09-18 16:00:00,SPXW260918C10000000,0.03,0.0,0,0,0,0.5399,0.0001,0.0,452.0,10000.0,SPXW260918P10000000,2301.68,0.0,0,0,0,0.0,-0.9998,0.0,4.0
2026-09-18 16:00:00,SPXW260918C10200000,0.05,0.025,0,0,11,0.577,0.0,0.0,99.0,10200.0,SPXW260918P10200000,2719.97,0.0,0,0,0,0.0,-0.9998,0.0,1.0
2026-09-18 16:00:00,SPX260918C10400000,0.03,0.0,0,0,0,0.6724,0.0,0.0,13419.0,10400.0,SPX260918P10400000,3402.6,0.0,0,0,0,0.7795,-0.9998,0.0,1.0
2026-09-18 16:00:00,SPXW260918C10400000,0.05,0.0,0,0,0,0.6133,0.0,0.0,5.0,10400.0,SPXW260918P10400000,2612.27,0.0,0,0,0,0.0,-0.9998,0.0,2.0
2026-09-18 16:00:00,SPX260918C10800000,0.05,0.0,0,0,0,0.7484,0.0,0.0,783.0,10800.0,SPX260918P10800000,3042.2,0.0,0,0,0,0.871,-0.9998,0.0,102.0
2026-09-18 16:00:00,SPXW260918C10800000,0.15,0.0,0,0,0,0.6833,0.0,0.0,214.0,10800.0,SPXW260918P10800000,0.0,0.0,0,0,0,0.0,-0.9998,0.0,0.0
2026-09-18 16:00:00,SPX260918C11000000,0.1,0.0,0,0,0,0.7851,0.0,0.0,32.0,11000.0,SPX260918P11000000,3241.9,0.0,0,0,0,0.9077,-0.9998,0.0,35.0
2026-09-18 16:00:00,SPX260918C11200000,0.05,0.0,0,0,0,0.8209,0.0,0.0,277.0,11200.0,SPX260918P11200000,3566.3,0.0,0,0,0,0.9591,-0.9998,0.0,15.0
2026-09-18 16:00:00,SPXW260918C11200000,0.1,0.0,0,0,0,0.7503,0.0,0.0,4.0,11200.0,SPXW260918P11200000,0.0,0.0,0,0,0,0.0,-0.9998,0.0,0.0
2026-09-18 16:00:00,SPX260918C11400000,0.0,0.0,0,0,0,0.856,0.0,0.0,0.0,11400.0,SPX260918P11400000,3662.44,0.0,0,0,0,0.9941,-0.9998,0.0,3.0
2026-09-18 16:00:00,SPX260918C11600000,0.05,0.0,0,0,0,0.8904,0.0,0.0,19.0,11600.0,SPX260918P11600000,4037.42,0.0,0,0,0,1.0439,-0.9998,0.0,5.0
2026-09-18 16:00:00,SPXW260918C11600000,0.1,0.0,0,0,0,0.8144,0.0,0.0,2.0,11600.0,SPXW260918P11600000,0.0,0.0,0,0,0,0.0,-0.9998,0.0,0.0
2026-09-18 16:00:00,SPX260918C11800000,0.05,0.0,0,0,0,0.9241,0.0,0.0,24.0,11800.0,SPX260918P11800000,4200.87,0.0,0,0,0,1.0774,-0.9998,0.0,5.0
2026-09-18 16:00:00,SPX260918C11900000,0.05,0.0,0,0,0,0.9406,0.0,0.0,18.0,11900.0,SPX260918P11900000,4211.58,0.0,0,0,0,1.0936,-0.9998,0.0,14.0
2026-09-18 16:00:00,SPX260918C12000000,0.05,0.0,0,0,0,0.957,0.0,0.0,322.0,12000.0,SPX260918P12000000,4386.87,0.0,0,0,0,1.1259,-0.9998,0.0,950.0
2026-09-18 16:00:00,SPXW260918C12000000,0.1,0.0,0,0,0,0.876,0.0,0.0,10.0,12000.0,SPXW260918P12000000,0.0,0.0,0,0,0,0.0,-0.9998,0.0,1.0
2026-09-18 16:00:00,SPX260918C12200000,0.05,0.0,0,0,0,0.9894,0.0,0.0,169.0,12200.0,SPX260918P12200000,4503.95,0.0,0,0,0,1.1579,-0.9998,0.0,27.0
2026-09-18 16:00:00,SPX260918C12400000,0.05,0.0,0,0,0,1.0211,0.0,0.0,364.0,12400.0,SPX260918P12400000,4644.94,0.0,0,0,0,1.1887,-0.9998,0.0,177.0
2026-09-18 16:00:00,SPXW260918C12400000,0.02,-0.005,0,0,1,0.9353,0.0,0.0,40.0,12400.0,SPXW260918P12400000,4785.8,0.0,0,0,0,0.0,-0.9998,0.0,1.0
2026-09-18 16:00:00,SPX260918C12600000,0.0,0.0,0,0,0,1.0522,0.0,0.0,0.0,12600.0,SPX260918P12600000,4844.58,0.0,0,0,0,1.2357,-0.9998,0.0,37.0
2026-09-18 16:00:00,SPX260918C12800000,0.05,0.0,0,0,0,1.0828,0.0,0.0,52.0,12800.0,SPX260918P12800000,5095.27,0.0,0,0,0,1.2653,-0.9998,0.0,80.0
2026-09-18 16:00:00,SPX260918C12900000,0.05,0.0,0,0,0,1.0978,0.0,0.0,7.0,12900.0,SPX260918P12900000,5296.13,0.0,0,0,0,1.2797,-0.9998,0.0,102.0
2026-09-18 16:00:00,SPX260918C13000000,0.05,0.0,0,0,0,1.1128,0.0,0.0,592.0,13000.0,SPX260918P13000000,5396.08,0.0,0,0,0,1.3112,-0.9998,0.0,893.0
2026-09-21 16:00:00,SPXW260921C03200000,4484.26,0.0,0,0,0,1.9721,0.9997,0.0,1.0,3200.0,SPXW260921P03200000,0.05,0.0,0,0,0,1.4245,-0.0002,0.0,6.0
2026-09-21 16:00:00,SPXW260921C03400000,0.0,0.0,0,0,0,1.8434,0.9996,0.0,0.0,3400.0,SPXW260921P03400000,0.0,0.0,0,0,0,1.3288,-0.0002,0.0,0.0
2026-09-21 16:00:00,SPXW260921C03600000,0.0,0.0,0,0,0,1.7219,0.9996,0.0,0.0,3600.0,SPXW260921P03600000,0.05,0.0,0,0,0,1.2385,-0.0002,0.0,13.0
2026-09-21 16:00:00,SPXW260921C03800000,0.0,0.0,0,0,0,1.6069,0.9996,0.0,0.0,3800.0,SPXW260921P03800000,0.05,0.0,0,0,0,1.2035,-0.0002,0.0,22.0
2026-09-21 16:00:00,SPXW260921C04000000,0.0,0.0,0,0,0,1.4976,0.9996,0.0,0.0,4000.0,SPXW260921P04000000,0.2,0.0,0,0,0,1.1494,-0.0003,0.0,68.0
2026-09-21 16:00:00,SPXW260921C04200000,0.0,0.0,0,0,0,1.3934,0.9995,0.0,0.0,4200.0,SPXW260921P04200000,0.05,0.0,0,0,0,1.067,-0.0003,0.0,10.0
2026-09-21 16:00:00,SPXW260921C04400000,3331.8,0.0,0,0,0,1.2938,0.9995,0.0,1.0,4400.0,SPXW260921P04400000,0.05,0.0,0,0,0,0.9882,-0.0004,0.0,5.0
2026-09-21 16:00:00,SPXW260921C04600000,0.0,0.0,0,0,0,1.1984,0.9994,0.0,0.0,4600.0,SPXW260921P04600000,0.1,0.025,0,0,6,0.9314,-0.0004,0.0,9.0
2026-09-21 16:00:00,SPXW260921C04800000,0.0,0.0,0,0,0,1.1066,0.9993,0.0,0.0,4800.0,SPXW260921P04800000,0.1,0.0,0,0,0,0.8718,-0.0005,0.0,362.0
2026-09-21 16:00:00,SPXW260921C05000000,0.0,0.0,0,0,0,1.0182,0.9992,0.0,0.0,5000.0,SPXW260921P05000000,0.1,-0.05,0,0,6,0.8207,-0.0006,0.0,185.0
2026-09-21 16:00:00,SPXW260921C05200000,0.0,0.0,0,0,0,0.9329,0.999,0.0,0.0,5200.0,SPXW260921P05200000,0.15,-0.075,0,0,17,0.765,-0.0008,0.0,125.0
2026-09-21 16:00:00,SPXW260921C05400000,0.0,0.0,0,0,0,0.8556,0.9987,0.0,0.0,5400.0,SPXW260921P05400000,0.25,-0.05,0,0,12,0.7069,-0.0011,0.0,373.0
2026-09-21 16:00:00,SPXW260921C05600000,2139.4,0.0,0,0,0,0.775,0.9983,0.0,1.0,5600.0,SPXW260921P05600000,0.31,-0.115,0,0,118,0.6477,-0.0016,0.0,575.0
2026-09-21 16:00:00,SPXW260921C05800000,0.0,0.0,0,0,0,0.701,0.9977,0.0,0.0,5800.0,SPXW260921P05800000,0.28,-0.27,0,0,205,0.5946,-0.0022,0.0,326.0
2026-09-21 16:00:00,SPXW260921C06000000,0.0,0.0,0,0,0,0.628,0.9968,0.0,0.0,6000.0,SPXW260921P06000000,0.39,-0.385,0,0,6,0.5434,-0.003,0.0,1475.0
2026-09-21 16:00:00,SPXW260921C06100000,0.0,0.0,0,0,0,0.5935,0.9963,0.0,0.0,6100.0,SPXW260921P06100000,0.4,0.4,0,0,1,0.5182,-0.0036,0.0,1.0
2026-09-21 16:00:00,SPXW260921C06200000,0.0,0.0,0,0,0,0.559,0.9956,0.0,0.0,6200.0,SPXW260921P06200000,0.75,-0.325,0,0,126,0.4914,-0.0042,0.0,4783.0
2026-09-21 16:00:00,SPXW260921C06300000,0.0,0.0,0,0,0,0.5244,0.9948,0.0,0.0,6300.0,SPXW260921P06300000,0.75,-0.525,0,0,101,0.4637,-0.005,0.0,265.0
2026-09-21 16:00:00,SPXW260921C06400000,0.0,0.0,0,0,0,0.4898,0.9939,0.0,0.0,6400.0,SPXW260921P06400000,0.99,-0.485,0,0,92,0.4378,-0.006,0.0,136.0
2026-09-21 16:00:00,SPXW260921C06500000,0.0,0.0,0,0,0,0.4551,0.9927,0.0,0.0,6500.0,SPXW260921P06500000,1.11,-0.59,0,0,68,0.4104,-0.0072,0.0,505.0
2026-09-21 16:00:00,SPXW260921C06550000,0.0,0.0,0,0,0,0.4377,0.992,0.0,0.0,6550.0,SPXW260921P06550000,0.85,0.85,0,0,7,0.3963,-0.0078,0.0,30.0
2026-09-21 16:00:00,SPXW260921C06575000,0.0,0.0,0,0,0,0.4301,0.9916,0.0,0.0,6575.0,SPXW260921P06575000,0.95,-0.675,0,0,91,0.3883,-0.0082,0.0,75.0
2026-09-21 16:00:00,SPXW260921C06600000,0.0,0.0,0,0,0,0.4224,0.9913,0.0,0.0,6600.0,SPXW260921P06600000,0.88,-0.725,0,0,31,0.3816,-0.0086,0.0,189.0
2026-09-21 16:00:00,SPXW260921C06625000,0.0,0.0,0,0,0,0.4126,0.9909,0.0,0.0,6625.0,SPXW260921P06625000,0.9,-1.225,0,0,1,0.3748,-0.009,0.0,28.0
2026-09-21 16:00:00,SPXW260921C06650000,0.0,0.0,0,0,0,0.4048,0.9904,0.0,0.0,6650.0,SPXW260921P06650000,0.95,-1.275,0,0,4,0.3679,-0.0094,0.0,285.0
2026-09-21 16:00:00,SPXW260921C06675000,0.0,0.0,0,0,0,0.397,0.99,0.0001,0.0,6675.0,SPXW260921P06675000,1.6,0.0,0,0,0,0.3608,-0.0099,0.0001,75.0
2026-09-21 16:00:00,SPXW260921C06700000,0.0,0.0,0,0,0,0.3872,0.9895,0.0001,0.0,6700.0,SPXW260921P06700000,1.53,-0.895,0,0,27,0.3537,-0.0104,0.0001,429.0
2026-09-21 16:00:00,SPXW260921C06725000,0.0,0.0,0,0,0,0.3793,0.989,0.0001,0.0,6725.0,SPXW260921P06725000,1.95,0.0,0,0,0,0.3464,-0.0109,0.0001,17.0
2026-09-21 16:00:00,SPXW260921C06750000,0.0,0.0,0,0,0,0.3714,0.9884,0.0001,0.0,6750.0,SPXW260921P06750000,1.2,-1.475,0,0,4,0.3399,-0.0114,0.0001,62.0
2026-09-21 16:00:00,SPXW260921C06775000,0.0,0.0,0,0,0,0.3634,0.9878,0.0001,0.0,6775.0,SPXW260921P06775000,1.63,-1.195,0,0,1,0.3324,-0.012,0.0001,20.0
2026-09-21 16:00:00,SPXW260921C06800000,0.0,0.0,0,0,0,0.3536,0.9872,0.0001,0.0,6800.0,SPXW260921P06800000,1.58,-1.37,0,0,41,0.325,-0.0126,0.0001,566.0
2026-09-21 16:00:00,SPXW260921C06825000,0.0,0.0,0,0,0,0.3455,0.9865,0.0001,0.0,6825.0,SPXW260921P06825000,1.35,-1.75,0,0,61,0.318,-0.0133,0.0001,67.0
2026-09-21 16:00:00,SPXW260921C06850000,0.0,0.0,0,0,0,0.3373,0.9858,0.0001,0.0,6850.0,SPXW260921P06850000,1.35,-1.95,0,0,1,0.311,-0.014,0.0001,90.0
2026-09-21 16:00:00,SPXW260921C06875000,0.0,0.0,0,0,0,0.3291,0.985,0.0001,0.0,6875.0,SPXW260921P06875000,3.6,0.0,0,0,0,0.304,-0.0148,0.0001,73.0
2026-09-21 16:00:00,SPXW260921C06900000,790.14,0.0,0,0,0,0.3208,0.9842,0.0001,1.0,6900.0,SPXW260921P06900000,1.55,-2.15,0,0,21,0.2965,-0.0157,0.0001,397.0
2026-09-21 16:00:00,SPXW260921C06925000,0.0,0.0,0,0,0,0.3125,0.9833,0.0001,0.0,6925.0,SPXW260921P06925000,2.0,-1.95,0,0,1,0.2898,-0.0166,0.0001,88.0
2026-09-21 16:00:00,SPXW260921C06950000,0.0,0.0,0,0,0,0.304,0.9823,0.0001,0.0,6950.0,SPXW260921P06950000,1.75,-2.45,0,0,5,0.2827,-0.0176,0.0001,407.0
2026-09-21 16:00:00,SPXW260921C06975000,0.0,0.0,0,0,0,0.2956,0.9812,0.0001,0.0,6975.0,SPXW260921P06975000,2.2,-2.3,0,0,3,0.2755,-0.0187,0.0001,144.0
2026-09-21 16:00:00,SPXW260921C07000000,690.6,0.0,0,0,0,0.2883,0.9799,0.0001,1.0,7000.0,SPXW260921P07000000,2.22,-2.58,0,0,72,0.2685,-0.0199,0.0001,706.0
2026-09-21 16:00:00,SPXW260921C07025000,0.0,0.0,0,0,0,0.2796,0.9786,0.0001,0.0,7025.0,SPXW260921P07025000,2.02,-3.18,0,0,1,0.2615,-0.0212,0.0001,50.0
2026-09-21 16:00:00,SPXW260921C07050000,0.0,0.0,0,0,0,0.272,0.9771,0.0002,0.0,7050.0,SPXW260921P07050000,2.15,-3.45,0,0,5,0.2546,-0.0228,0.0002,419.0
2026-09-21 16:00:00,SPXW260921C07075000,0.0,0.0,0,0,0,0.2632,0.9754,0.0002,0.0,7075.0,SPXW260921P07075000,2.42,-3.68,0,0,2,0.2475,-0.0245,0.0002,110.0
2026-09-21 16:00:00,SPXW260921C07100000,0.0,0.0,0,0,0,0.2554,0.9734,0.0002,0.0,7100.0,SPXW260921P07100000,2.85,-3.85,0,0,153,0.2404,-0.0264,0.0002,889.0
2026-09-21 16:00:00,SPXW260921C07125000,0.0,0.0,0,0,0,0.2473,0.9712,0.0002,0.0,7125.0,SPXW260921P07125000,2.76,-4.49,0,0,45,0.2332,-0.0286,0.0002,202.0
2026-09-21 16:00:00,SPXW260921C07140000,0.0,0.0,0,0,0,0.2432,0.9697,0.0002,0.0,7140.0,SPXW260921P07140000,2.65,2.65,0,0,39,0.2299,-0.0301,0.0002,39.0
2026-09-21 16:00:00,SPXW260921C07150000,563.23,0.0,0,0,0,0.2401,0.9687,0.0002,8.0,7150.0,SPXW260921P07150000,2.7,-5.3,0,0,20,0.2272,-0.0312,0.0002,154.0
2026-09-21 16:00:00,SPXW260921C07160000,0.0,0.0,0,0,0,0.2369,0.9676,0.0002,0.0,7160.0,SPXW260921P07160000,3.0,3.0,0,0,34,0.2245,-0.0323,0.0002,34.0
2026-09-21 16:00:00,SPXW260921C07170000,0.0,0.0,0,0,0,0.2338,0.9664,0.0003,0.0,7170.0,SPXW260921P07170000,3.5,3.5,0,0,63,0.2217,-0.0335,0.0003,48.0
2026-09-21 16:00:00,SPXW260921C07175000,495.45,61.25,0,0,1,0.2326,0.9658,0.0003,24.0,7175.0,SPXW260921P07175000,3.0,-5.85,0,0,9,0.2198,-0.0341,0.0003,115.0
2026-09-21 16:00:00,SPXW260921C07180000,0.0,0.0,0,0,0,0.2305,0.9651,0.0003,0.0,7180.0,SPXW260921P07180000,8.85,0.0,0,0,0,0.2189,-0.0347,0.0003,6.0
2026-09-21 16:00:00,SPXW260921C07190000,0.0,0.0,0,0,0,0.2273,0.9638,0.0003,0.0,7190.0,SPXW260921P07190000,0.0,0.0,0,0,0,0.216,-0.0361,0.0003,0.0
2026-09-21 16:00:00,SPXW260921C07200000,515.97,0.0,0,0,0,0.2248,0.9623,0.0003,24.0,7200.0,SPXW260921P07200000,3.4,-6.35,0,0,461,0.2131,-0.0375,0.0003,311.0
2026-09-21 16:00:00,SPXW260921C07210000,0.0,0.0,0,0,0,0.2215,0.9608,0.0003,0.0,7210.0,SPXW260921P07210000,10.1,0.0,0,0,0,0.211,-0.039,0.0003,1.0
2026-09-21 16:00:00,SPXW260921C07220000,0.0,0.0,0,0,0,0.2189,0.9592,0.0003,0.0,7220.0,SPXW260921P07220000,3.52,-7.13,0,0,2,0.208,-0.0406,0.0003,2.0
2026-09-21 16:00:00,SPXW260921C07225000,0.0,0.0,0,0,0,0.2168,0.9583,0.0003,0.0,7225.0,SPXW260921P07225000,3.88,-6.97,0,0,4,0.2069,-0.0415,0.0003,142.0
2026-09-21 16:00:00,SPXW260921C07230000,0.0,0.0,0,0,0,0.2155,0.9575,0.0004,0.0,7230.0,SPXW260921P07230000,11.0,0.0,0,0,0,0.2054,-0.0424,0.0004,1.0
2026-09-21 16:00:00,SPXW260921C07240000,0.0,0.0,0,0,0,0.2128,0.9556,0.0004,0.0,7240.0,SPXW260921P07240000,4.2,-7.45,0,0,8,0.2031,-0.0442,0.0004,32.0
2026-09-21 16:00:00,SPXW260921C07250000,0.0,0.0,0,0,0,0.2093,0.9536,0.0004,0.0,7250.0,SPXW260921P07250000,4.5,-7.65,0,0,30,0.2003,-0.0462,0.0004,486.0
2026-09-21 16:00:00,SPXW260921C07260000,0.0,0.0,0,0,0,0.2065,0.9516,0.0004,0.0,7260.0,SPXW260921P07260000,5.4,-7.35,0,0,3,0.1978,-0.0483,0.0004,166.0
2026-09-21 16:00:00,SPXW260921C07270000,0.0,0.0,0,0,0,0.2036,0.9493,0.0004,0.0,7270.0,SPXW260921P07270000,5.0,-8.35,0,0,2,0.1953,-0.0505,0.0004,27.0
2026-09-21 16:00:00,SPXW260921C07275000,0.0,0.0,0,0,0,0.2021,0.9481,0.0004,0.0,7275.0,SPXW260921P07275000,5.01,-8.64,0,0,55,0.194,-0.0517,0.0004,327.0
2026-09-21 16:00:00,SPXW260921C07280000,0.0,0.0,0,0,0,0.2013,0.9469,0.0004,0.0,7280.0,SPXW260921P07280000,5.2,-8.75,0,0,80,0.1927,-0.0529,0.0004,76.0
2026-09-21 16:00:00,SPXW260921C07290000,0.0,0.0,0,0,0,0.1983,0.9443,0.0005,0.0,7290.0,SPXW260921P07290000,5.4,-9.25,0,0,104,0.19,-0.0555,0.0005,132.0
2026-09-21 16:00:00,SPXW260921C07295000,0.0,0.0,0,0,0,0.1967,0.943,0.0005,0.0,7295.0,SPXW260921P07295000,5.2,5.2,0,0,74,0.1886,-0.0569,0.0005,67.0
2026-09-21 16:00:00,SPXW260921C07300000,0.0,0.0,0,0,0,0.1952,0.9416,0.0005,0.0,7300.0,SPXW260921P07300000,5.4,-9.95,0,0,401,0.1879,-0.0583,0.0005,542.0
2026-09-21 16:00:00,SPXW260921C07305000,0.0,0.0,0,0,0,0.1942,0.9401,0.0005,0.0,7305.0,SPXW260921P07305000,5.7,5.7,0,0,77,0.1864,-0.0597,0.0005,72.0
2026-09-21 16:00:00,SPXW260921C07310000,0.0,0.0,0,0,0,0.1926,0.9386,0.0005,0.0,7310.0,SPXW260921P07310000,4.96,-11.09,0,0,18,0.1853,-0.0612,0.0005,55.0
2026-09-21 16:00:00,SPXW260921C07315000,0.0,0.0,0,0,0,0.191,0.9371,0.0005,0.0,7315.0,SPXW260921P07315000,6.83,6.83,0,0,7,0.1845,-0.0628,0.0005,4.0
2026-09-21 16:00:00,SPXW260921C07320000,352.72,56.02,0,0,2,0.19,0.9355,0.0005,2.0,7320.0,SPXW260921P07320000,6.66,-10.19,0,0,8,0.183,-0.0644,0.0005,52.0
2026-09-21 16:00:00,SPXW260921C07325000,404.62,0.0,0,0,0,0.1883,0.9338,0.0006,1.0,7325.0,SPXW260921P07325000,6.2,-11.1,0,0,44,0.1821,-0.066,0.0006,254.0
2026-09-21 16:00:00,SPXW260921C07330000,0.0,0.0,0,0,0,0.1872,0.9321,0.0006,0.0,7330.0,SPXW260921P07330000,6.4,-11.35,0,0,74,0.1802,-0.0678,0.0006,112.0
2026-09-21 16:00:00,SPXW260921C07335000,0.0,0.0,0,0,0,0.1861,0.9303,0.0006,0.0,7335.0,SPXW260921P07335000,7.85,-10.3,0,0,3,0.1796,-0.0696,0.0006,8.0
2026-09-21 16:00:00,SPXW260921C07340000,0.0,0.0,0,0,0,0.1844,0.9284,0.0006,0.0,7340.0,SPXW260921P07340000,6.75,-11.9,0,0,30,0.1783,-0.0714,0.0006,90.0
2026-09-21 16:00:00,SPXW260921C07345000,0.0,0.0,0,0,0,0.1832,0.9266,0.0006,0.0,7345.0,SPXW260921P07345000,6.78,-12.32,0,0,13,0.1772,-0.0733,0.0006,12.0
2026-09-21 16:00:00,SPXW260921C07350000,353.37,0.0,0,0,0,0.182,0.9246,0.0006,2.0,7350.0,SPXW260921P07350000,7.3,-12.25,0,0,273,0.1756,-0.0753,0.0006,613.0
2026-09-21 16:00:00,SPXW260921C07355000,0.0,0.0,0,0,0,0.1807,0.9225,0.0006,0.0,7355.0,SPXW260921P07355000,7.03,-13.02,0,0,2,0.1748,-0.0773,0.0006,2.0
2026-09-21 16:00:00,SPXW260921C07360000,0.0,0.0,0,0,0,0.1794,0.9204,0.0007,0.0,7360.0,SPXW260921P07360000,7.51,-13.04,0,0,15,0.1736,-0.0794,0.0007,80.0
2026-09-21 16:00:00,SPXW260921C07365000,0.0,0.0,0,0,0,0.1781,0.9182,0.0007,0.0,7365.0,SPXW260921P07365000,6.7,-14.4,0,0,8,0.1722,-0.0816,0.0007,18.0
2026-09-21 16:00:00,SPXW260921C07370000,0.0,0.0,0,0,0,0.1768,0.9159,0.0007,0.0,7370.0,SPXW260921P07370000,8.05,-13.6,0,0,36,0.1715,-0.0839,0.0007,58.0
2026-09-21 16:00:00,SPXW260921C07375000,0.0,0.0,0,0,0,0.1754,0.9136,0.0007,0.0,7375.0,SPXW260921P07375000,8.0,-14.15,0,0,49,0.1705,-0.0862,0.0007,212.0
2026-09-21 16:00:00,SPXW260921C07380000,0.0,0.0,0,0,0,0.174,0.9112,0.0008,0.0,7380.0,SPXW260921P07380000,8.32,-14.43,0,0,22,0.1692,-0.0887,0.0008,67.0
2026-09-21 16:00:00,SPXW260921C07385000,0.0,0.0,0,0,0,0.173,0.9086,0.0008,0.0,7385.0,SPXW260921P07385000,10.77,-12.58,0,0,1,0.1679,-0.0912,0.0008,16.0
2026-09-21 16:00:00,SPXW260921C07390000,0.0,0.0,0,0,0,0.1716,0.906,0.0008,0.0,7390.0,SPXW260921P07390000,8.6,-15.35,0,0,32,0.167,-0.0938,0.0008,99.0
2026-09-21 16:00:00,SPXW260921C07395000,0.0,0.0,0,0,0,0.1705,0.9033,0.0008,0.0,7395.0,SPXW260921P07395000,9.24,-15.36,0,0,7,0.1658,-0.0965,0.0008,19.0
2026-09-21 16:00:00,SPXW260921C07400000,224.97,0.0,0,0,0,0.169,0.9005,0.0008,5.0,7400.0,SPXW260921P07400000,9.25,-16.05,0,0,210,0.1644,-0.0993,0.0008,479.0
2026-09-21 16:00:00,SPXW260921C07405000,0.0,0.0,0,0,0,0.1678,0.8976,0.0009,0.0,7405.0,SPXW260921P07405000,9.49,-16.41,0,0,75,0.1636,-0.1022,0.0009,73.0
2026-09-21 16:00:00,SPXW260921C07410000,0.0,0.0,0,0,0,0.1667,0.8946,0.0009,0.0,7410.0,SPXW260921P07410000,9.75,-16.8,0,0,81,0.1623,-0.1052,0.0009,100.0
2026-09-21 16:00:00,SPXW260921C07415000,0.0,0.0,0,0,0,0.1655,0.8915,0.0009,0.0,7415.0,SPXW260921P07415000,9.75,-17.55,0,0,39,0.1614,-0.1083,0.0009,52.0
2026-09-21 16:00:00,SPXW260921C07420000,0.0,0.0,0,0,0,0.1642,0.8883,0.0009,0.0,7420.0,SPXW260921P07420000,10.6,-17.35,0,0,68,0.1601,-0.1115,0.0009,149.0
2026-09-21 16:00:00,SPXW260921C07425000,283.53,0.0,0,0,0,0.1629,0.885,0.001,8.0,7425.0,SPXW260921P07425000,10.99,-17.76,0,0,127,0.1591,-0.1149,0.001,791.0
2026-09-21 16:00:00,SPXW260921C07430000,199.41,0.0,0,0,0,0.1616,0.8815,0.001,2.0,7430.0,SPXW260921P07430000,11.0,-17.85,0,0,26,0.1585,-0.1183,0.001,369.0
2026-09-21 16:00:00,SPXW260921C07435000,0.0,0.0,0,0,0,0.1606,0.8779,0.001,0.0,7435.0,SPXW260921P07435000,11.26,-19.04,0,0,43,0.157,-0.1219,0.001,51.0
2026-09-21 16:00:00,SPXW260921C07440000,297.48,0.0,0,0,0,0.1592,0.8742,0.001,2.0,7440.0,SPXW260921P07440000,12.1,-19.0,0,0,32,0.156,-0.1256,0.001,73.0
2026-09-21 16:00:00,SPXW260921C07445000,0.0,0.0,0,0,0,0.1581,0.8704,0.0011,0.0,7445.0,SPXW260921P07445000,10.55,-21.4,0,0,5,0.1548,-0.1294,0.0011,5.0
2026-09-21 16:00:00,SPXW260921C07450000,225.34,42.64,0,0,3,0.157,0.8664,0.0011,5.0,7450.0,SPXW260921P07450000,12.8,-19.95,0,0,163,0.1536,-0.1334,0.0011,468.0
2026-09-21 16:00:00,SPXW260921C07455000,0.0,0.0,0,0,0,0.1558,0.8623,0.0011,0.0,7455.0,SPXW260921P07455000,12.57,-21.13,0,0,17,0.1527,-0.1375,0.0011,36.0
2026-09-21 16:00:00,SPXW260921C07460000,212.89,38.14,0,0,2,0.1546,0.858,0.0012,2.0,7460.0,SPXW260921P07460000,13.16,-21.39,0,0,184,0.1514,-0.1418,0.0012,164.0
2026-09-21 16:00:00,SPXW260921C07465000,0.0,0.0,0,0,0,0.1566,0.8536,0.0012,0.0,7465.0,SPXW260921P07465000,14.11,-21.39,0,0,43,0.1507,-0.1462,0.0012,44.0
2026-09-21 16:00:00,SPXW260921C07470000,166.41,0.0,0,0,0,0.1523,0.8491,0.0012,1.0,7470.0,SPXW260921P07470000,14.45,-22.0,0,0,42,0.1494,-0.1508,0.0012,142.0
2026-09-21 16:00:00,SPXW260921C07475000,208.02,45.47,0,0,1,0.1512,0.8443,0.0013,93.0,7475.0,SPXW260921P07475000,14.39,-23.06,0,0,70,0.1484,-0.1555,0.0013,399.0
2026-09-21 16:00:00,SPXW260921C07480000,201.53,42.73,0,0,2,0.1498,0.8394,0.0013,5.0,7480.0,SPXW260921P07480000,15.64,-22.81,0,0,269,0.1472,-0.1604,0.0013,193.0
2026-09-21 16:00:00,SPXW260921C07485000,0.0,0.0,0,0,0,0.149,0.8344,0.0013,0.0,7485.0,SPXW260921P07485000,15.73,-23.72,0,0,29,0.1463,-0.1655,0.0013,60.0
2026-09-21 16:00:00,SPXW260921C07490000,228.18,0.0,0,0,0,0.1477,0.8291,0.0014,2.0,7490.0,SPXW260921P07490000,16.29,-24.26,0,0,63,0.1453,-0.1707,0.0014,170.0
2026-09-21 16:00:00,SPXW260921C07495000,184.58,37.58,0,0,1,0.1464,0.8237,0.0014,3.0,7495.0,SPXW260921P07495000,16.74,-24.96,0,0,82,0.1441,-0.1762,0.0014,90.0
2026-09-21 16:00:00,SPXW260921C07500000,185.53,42.23,0,0,9,0.1454,0.818,0.0015,20.0,7500.0,SPXW260921P07500000,17.55,-25.2,0,0,449,0.1431,-0.1818,0.0015,382.0
2026-09-21 16:00:00,SPXW260921C07505000,187.43,47.88,0,0,9,0.1443,0.8122,0.0015,9.0,7505.0,SPXW260921P07505000,17.7,-26.3,0,0,46,0.1422,-0.1876,0.0015,65.0
2026-09-21 16:00:00,SPXW260921C07510000,182.98,47.23,0,0,5,0.1431,0.8062,0.0015,5.0,7510.0,SPXW260921P07510000,18.4,-26.75,0,0,317,0.1411,-0.1937,0.0015,281.0
2026-09-21 16:00:00,SPXW260921C07515000,178.88,46.98,0,0,10,0.1419,0.8,0.0016,0.0,7515.0,SPXW260921P07515000,18.2,-28.15,0,0,14,0.1402,-0.1999,0.0016,43.0
2026-09-21 16:00:00,SPXW260921C07520000,0.0,0.0,0,0,0,0.1409,0.7935,0.0016,0.0,7520.0,SPXW260921P07520000,20.14,-27.51,0,0,76,0.1389,-0.2064,0.0016,228.0
2026-09-21 16:00:00,SPXW260921C07525000,158.75,34.2,0,0,4,0.1398,0.7868,0.0017,26.0,7525.0,SPXW260921P07525000,20.84,-28.06,0,0,120,0.1379,-0.213,0.0017,131.0
2026-09-21 16:00:00,SPXW260921C07530000,160.3,39.5,0,0,5,0.1386,0.7799,0.0017,17.0,7530.0,SPXW260921P07530000,21.58,-28.67,0,0,146,0.137,-0.2199,0.0017,194.0
2026-09-21 16:00:00,SPXW260921C07535000,0.0,0.0,0,0,0,0.1377,0.7728,0.0018,0.0,7535.0,SPXW260921P07535000,21.07,-30.63,0,0,5,0.1358,-0.227,0.0018,20.0
2026-09-21 16:00:00,SPXW260921C07540000,154.69,41.14,0,0,1,0.1366,0.7654,0.0018,22.0,7540.0,SPXW260921P07540000,22.8,-30.3,0,0,141,0.1348,-0.2344,0.0018,135.0
2026-09-21 16:00:00,SPXW260921C07545000,145.15,35.2,0,0,2,0.1355,0.7578,0.0018,1.0,7545.0,SPXW260921P07545000,23.13,-31.37,0,0,8,0.1339,-0.242,0.0018,43.0
2026-09-21 16:00:00,SPXW260921C07550000,146.34,39.94,0,0,3,0.1343,0.75,0.0019,15.0,7550.0,SPXW260921P07550000,25.55,-30.45,0,0,476,0.1329,-0.2499,0.0019,471.0
2026-09-21 16:00:00,SPXW260921C07555000,0.0,0.0,0,0,0,0.1333,0.7419,0.0019,0.0,7555.0,SPXW260921P07555000,24.56,-32.99,0,0,63,0.1319,-0.258,0.0019,128.0
2026-09-21 16:00:00,SPXW260921C07560000,96.33,0.0,0,0,0,0.1322,0.7335,0.002,85.0,7560.0,SPXW260921P07560000,26.98,-32.12,0,0,59,0.1308,-0.2663,0.002,186.0
2026-09-21 16:00:00,SPXW260921C07565000,134.6,38.4,0,0,10,0.1312,0.7249,0.002,11.0,7565.0,SPXW260921P07565000,27.85,-32.95,0,0,35,0.1298,-0.275,0.002,45.0
2026-09-21 16:00:00,SPXW260921C07570000,134.58,41.73,0,0,1,0.1302,0.716,0.0021,13.0,7570.0,SPXW260921P07570000,29.25,-34.02,0,0,99,0.1287,-0.2839,0.0021,244.0
2026-09-21 16:00:00,SPXW260921C07575000,90.4,0.0,0,0,0,0.129,0.7068,0.0021,18.0,7575.0,SPXW260921P07575000,30.32,-33.78,0,0,122,0.1278,-0.2931,0.0021,156.0
2026-09-21 16:00:00,SPXW260921C07580000,118.95,32.55,0,0,5,0.1267,0.6973,0.0022,35.0,7580.0,SPXW260921P07580000,30.7,-35.2,0,0,180,0.1267,-0.3025,0.0022,224.0
2026-09-21 16:00:00,SPXW260921C07585000,120.27,37.07,0,0,6,0.1258,0.6876,0.0022,8.0,7585.0,SPXW260921P07585000,32.26,-35.44,0,0,27,0.1257,-0.3123,0.0022,59.0
2026-09-21 16:00:00,SPXW260921C07590000,109.2,29.05,0,0,12,0.1249,0.6776,0.0023,28.0,7590.0,SPXW260921P07590000,32.76,-36.84,0,0,282,0.1247,-0.3223,0.0023,237.0
2026-09-21 16:00:00,SPXW260921C07595000,76.4,0.0,0,0,0,0.1238,0.6673,0.0023,11.0,7595.0,SPXW260921P07595000,35.0,-36.5,0,0,77,0.1237,-0.3326,0.0023,132.0
2026-09-21 16:00:00,SPXW260921C07600000,100.85,26.85,0,0,8,0.1228,0.6567,0.0024,169.0,7600.0,SPXW260921P07600000,36.4,-37.8,0,0,264,0.1227,-0.3432,0.0024,519.0
2026-09-21 16:00:00,SPXW260921C07605000,93.8,22.75,0,0,3,0.122,0.6458,0.0024,28.0,7605.0,SPXW260921P07605000,35.07,-40.43,0,0,23,0.1217,-0.3541,0.0024,49.0
2026-09-21 16:00:00,SPXW260921C07610000,90.2,22.05,0,0,3,0.1209,0.6346,0.0024,54.0,7610.0,SPXW260921P07610000,35.8,-41.8,0,0,125,0.1206,-0.3653,0.0024,155.0
2026-09-21 16:00:00,SPXW260921C07615000,86.6,21.25,0,0,14,0.1199,0.6231,0.0025,14.0,7615.0,SPXW260921P07615000,38.21,-41.49,0,0,77,0.1196,-0.3767,0.0025,74.0
2026-09-21 16:00:00,SPXW260921C07620000,82.83,20.28,0,0,33,0.1188,0.6113,0.0025,107.0,7620.0,SPXW260921P07620000,37.99,-43.91,0,0,27,0.1186,-0.3885,0.0025,101.0
2026-09-21 16:00:00,SPXW260921C07625000,88.16,28.36,0,0,47,0.1179,0.5993,0.0026,57.0,7625.0,SPXW260921P07625000,42.27,-41.93,0,0,165,0.1176,-0.4006,0.0026,408.0
2026-09-21 16:00:00,SPXW260921C07630000,79.13,22.08,0,0,3,0.117,0.5869,0.0026,85.0,7630.0,SPXW260921P07630000,44.2,-42.3,0,0,301,0.1167,-0.4129,0.0026,359.0
2026-09-21 16:00:00,SPXW260921C07635000,72.9,18.35,0,0,20,0.1159,0.5743,0.0027,44.0,7635.0,SPXW260921P07635000,44.52,-43.4,0,0,469,0.1158,-0.4256,0.0027,297.0
2026-09-21 16:00:00,SPXW260921C07640000,77.42,25.47,0,0,95,0.115,0.5613,0.0027,160.0,7640.0,SPXW260921P07640000,43.81,-47.59,0,0,165,0.1148,-0.4385,0.0027,202.0
2026-09-21 16:00:00,SPXW260921C07645000,66.4,16.9,0,0,12,0.114,0.5481,0.0027,72.0,7645.0,SPXW260921P07645000,47.35,-46.6,0,0,16,0.1139,-0.4517,0.0027,41.0
2026-09-21 16:00:00,SPXW260921C07650000,65.0,17.9,0,0,84,0.113,0.5347,0.0028,215.0,7650.0,SPXW260921P07650000,51.4,-45.1,0,0,361,0.1128,-0.4652,0.0028,779.0
2026-09-21 16:00:00,SPXW260921C07655000,59.85,15.1,0,0,21,0.1121,0.5212,0.0028,48.0,7655.0,SPXW260921P07655000,52.64,-46.46,0,0,13,0.1119,-0.4786,0.0028,43.0
2026-09-21 16:00:00,SPXW260921C07660000,56.1,13.65,0,0,161,0.1112,0.5072,0.0028,239.0,7660.0,SPXW260921P07660000,55.35,-46.5,0,0,53,0.1109,-0.4929,0.0028,130.0
2026-09-21 16:00:00,SPXW260921C07665000,56.9,16.65,0,0,118,0.1103,0.4928,0.0028,58.0,7665.0,SPXW260921P07665000,56.85,-47.85,0,0,153,0.1101,-0.5071,0.0028,66.0
2026-09-21 16:00:00,SPXW260921C07670000,54.0,15.85,0,0,53,0.1094,0.4783,0.0029,152.0,7670.0,SPXW260921P07670000,59.61,-47.89,0,0,81,0.1092,-0.5215,0.0029,217.0
2026-09-21 16:00:00,SPXW260921C07675000,51.0,14.95,0,0,65,0.1084,0.4637,0.0029,152.0,7675.0,SPXW260921P07675000,59.0,-51.4,0,0,40,0.1083,-0.5362,0.0029,236.0
2026-09-21 16:00:00,SPXW260921C07680000,48.9,14.85,0,0,12,0.1076,0.4489,0.0029,170.0,7680.0,SPXW260921P07680000,64.24,-49.16,0,0,44,0.1074,-0.551,0.0029,91.0
2026-09-21 16:00:00,SPXW260921C07685000,42.21,10.11,0,0,52,0.1068,0.4339,0.0029,78.0,7685.0,SPXW260921P07685000,59.72,-56.78,0,0,11,0.1066,-0.5659,0.0029,22.0
2026-09-21 16:00:00,SPXW260921C07690000,41.1,10.85,0,0,169,0.1059,0.4188,0.0029,203.0,7690.0,SPXW260921P07690000,64.48,-55.12,0,0,34,0.1057,-0.581,0.0029,193.0
2026-09-21 16:00:00,SPXW260921C07695000,37.7,9.25,0,0,4,0.105,0.4037,0.0029,65.0,7695.0,SPXW260921P07695000,67.32,-55.48,0,0,40,0.1049,-0.5962,0.0029,51.0
2026-09-21 16:00:00,SPXW260921C07700000,35.75,9.0,0,0,122,0.1042,0.3884,0.0029,552.0,7700.0,SPXW260921P07700000,73.66,-52.49,0,0,90,0.104,-0.6114,0.0029,691.0
2026-09-21 16:00:00,SPXW260921C07705000,33.13,8.08,0,0,15,0.1033,0.3732,0.0029,76.0,7705.0,SPXW260921P07705000,74.0,-55.3,0,0,8,0.1033,-0.6267,0.0029,27.0
2026-09-21 16:00:00,SPXW260921C07710000,31.0,7.55,0,0,53,0.1027,0.3579,0.0029,172.0,7710.0,SPXW260921P07710000,70.2,-62.55,0,0,15,0.1025,-0.642,0.0029,113.0
2026-09-21 16:00:00,SPXW260921C07715000,29.58,7.63,0,0,50,0.1018,0.3426,0.0028,76.0,7715.0,SPXW260921P07715000,136.76,0.0,0,0,0,0.1017,-0.6572,0.0028,20.0
2026-09-21 16:00:00,SPXW260921C07720000,29.6,9.05,0,0,140,0.1011,0.3275,0.0028,235.0,7720.0,SPXW260921P07720000,77.2,-62.85,0,0,12,0.1008,-0.6724,0.0028,145.0
2026-09-21 16:00:00,SPXW260921C07725000,26.77,7.62,0,0,51,0.1004,0.3124,0.0028,244.0,7725.0,SPXW260921P07725000,89.8,-53.8,0,0,123,0.1002,-0.6874,0.0028,398.0
2026-09-21 16:00:00,SPXW260921C07730000,23.2,5.35,0,0,66,0.0998,0.2976,0.0027,238.0,7730.0,SPXW260921P07730000,88.35,-58.95,0,0,6,0.097,-0.7023,0.0027,128.0
2026-09-21 16:00:00,SPXW260921C07735000,23.31,6.76,0,0,29,0.099,0.2829,0.0027,115.0,7735.0,SPXW260921P07735000,89.6,-61.45,0,0,28,0.0963,-0.717,0.0027,27.0
2026-09-21 16:00:00,SPXW260921C07740000,21.12,5.77,0,0,133,0.0984,0.2684,0.0026,230.0,7740.0,SPXW260921P07740000,93.13,-61.82,0,0,22,0.0954,-0.7315,0.0026,210.0
2026-09-21 16:00:00,SPXW260921C07745000,18.8,4.55,0,0,48,0.0977,0.2541,0.0026,90.0,7745.0,SPXW260921P07745000,90.0,-68.85,0,0,1,0.0965,-0.7457,0.0026,14.0
2026-09-21 16:00:00,SPXW260921C07750000,16.75,3.5,0,0,240,0.0971,0.2402,0.0025,1066.0,7750.0,SPXW260921P07750000,94.39,-68.31,0,0,7,0.0939,-0.7597,0.0025,312.0
2026-09-21 16:00:00,SPXW260921C07755000,15.5,3.65,0,0,50,0.0965,0.2265,0.0024,102.0,7755.0,SPXW260921P07755000,156.84,0.0,0,0,0,0.0931,-0.7733,0.0024,6.0
2026-09-21 16:00:00,SPXW260921C07760000,14.72,3.47,0,0,58,0.0959,0.2132,0.0024,328.0,7760.0,SPXW260921P07760000,101.48,-69.37,0,0,9,0.0924,-0.7866,0.0024,109.0
2026-09-21 16:00:00,SPXW260921C07765000,13.47,3.07,0,0,28,0.0954,0.2003,0.0023,60.0,7765.0,SPXW260921P07765000,93.24,0.0,0,0,0,0.0917,-0.7996,0.0023,3.0
2026-09-21 16:00:00,SPXW260921C07770000,12.1,2.55,0,0,92,0.0949,0.1877,0.0022,153.0,7770.0,SPXW260921P07770000,114.79,-64.31,0,0,5,0.0908,-0.8122,0.0022,37.0
2026-09-21 16:00:00,SPXW260921C07775000,10.7,1.85,0,0,120,0.0942,0.1755,0.0022,800.0,7775.0,SPXW260921P07775000,119.26,-64.04,0,0,87,0.0903,-0.8243,0.0022,140.0
2026-09-21 16:00:00,SPXW260921C07780000,10.2,2.15,0,0,35,0.0938,0.1638,0.0021,211.0,7780.0,SPXW260921P07780000,95.57,0.0,0,0,0,0.0895,-0.836,0.0021,28.0
2026-09-21 16:00:00,SPXW260921C07785000,8.68,1.23,0,0,148,0.0932,0.1525,0.002,151.0,7785.0,SPXW260921P07785000,0.0,0.0,0,0,0,0.0889,-0.8473,0.002,0.0
2026-09-21 16:00:00,SPXW260921C07790000,8.02,1.27,0,0,57,0.0929,0.1417,0.0019,94.0,7790.0,SPXW260921P07790000,150.15,0.0,0,0,0,0.088,-0.8581,0.0019,75.0
2026-09-21 16:00:00,SPXW260921C07795000,7.55,1.3,0,0,26,0.0924,0.1314,0.0018,35.0,7795.0,SPXW260921P07795000,0.0,0.0,0,0,0,0.0872,-0.8684,0.0018,0.0
2026-09-21 16:00:00,SPXW260921C07800000,6.66,1.01,0,0,193,0.0919,0.1216,0.0017,817.0,7800.0,SPXW260921P07800000,139.91,-65.24,0,0,86,0.0866,-0.8783,0.0017,475.0
2026-09-21 16:00:00,SPXW260921C07805000,5.81,0.66,0,0,82,0.0917,0.1123,0.0016,196.0,7805.0,SPXW260921P07805000,0.0,0.0,0,0,0,0.0856,-0.8876,0.0016,0.0
2026-09-21 16:00:00,SPXW260921C07810000,5.7,0.95,0,0,93,0.0914,0.1034,0.0016,319.0,7810.0,SPXW260921P07810000,154.18,0.0,0,0,0,0.0849,-0.8964,0.0016,4.0
2026-09-21 16:00:00,SPXW260921C07815000,4.8,0.45,0,0,139,0.0908,0.0952,0.0015,173.0,7815.0,SPXW260921P07815000,0.0,0.0,0,0,0,0.0844,-0.9047,0.0015,0.0
2026-09-21 16:00:00,SPXW260921C07820000,4.45,0.5,0,0,348,0.0905,0.0874,0.0014,262.0,7820.0,SPXW260921P07820000,125.94,0.0,0,0,0,0.0836,-0.9124,0.0014,13.0
2026-09-21 16:00:00,SPXW260921C07825000,3.76,0.21,0,0,262,0.0906,0.0801,0.0013,543.0,7825.0,SPXW260921P07825000,165.45,0.0,0,0,0,0.0826,-0.9197,0.0013,9.0
2026-09-21 16:00:00,SPXW260921C07830000,3.7,0.45,0,0,359,0.0904,0.0734,0.0012,242.0,7830.0,SPXW260921P07830000,0.0,0.0,0,0,0,0.0818,-0.9265,0.0012,0.0
2026-09-21 16:00:00,SPXW260921C07840000,2.74,0.04,0,0,211,0.0901,0.0614,0.0011,214.0,7840.0,SPXW260921P07840000,129.12,0.0,0,0,0,0.0799,-0.9385,0.0011,2.0
2026-09-21 16:00:00,SPXW260921C07850000,2.15,-0.075,0,0,232,0.0895,0.0512,0.0009,739.0,7850.0,SPXW260921P07850000,254.14,0.0,0,0,0,0.0773,-0.9486,0.0009,13.0
2026-09-21 16:00:00,SPXW260921C07860000,1.75,-0.125,0,0,65,0.0893,0.0427,0.0008,166.0,7860.0,SPXW260921P07860000,0.0,0.0,0,0,0,0.0733,-0.9571,0.0008,0.0
2026-09-21 16:00:00,SPXW260921C07870000,1.5,-0.025,0,0,60,0.0895,0.0358,0.0007,316.0,7870.0,SPXW260921P07870000,0.0,0.0,0,0,0,0.0659,-0.9641,0.0007,0.0
2026-09-21 16:00:00,SPXW260921C07875000,1.34,-0.085,0,0,202,0.0894,0.0328,0.0006,1212.0,7875.0,SPXW260921P07875000,228.37,0.0,0,0,0,0.062,-0.967,0.0006,1.0
2026-09-21 16:00:00,SPXW260921C07880000,1.14,-0.135,0,0,574,0.0896,0.0301,0.0006,370.0,7880.0,SPXW260921P07880000,0.0,0.0,0,0,0,0.0,-0.9697,0.0006,0.0
2026-09-21 16:00:00,SPXW260921C07890000,1.05,-0.025,0,0,122,0.09,0.0255,0.0005,135.0,7890.0,SPXW260921P07890000,0.0,0.0,0,0,0,0.0,-0.9743,0.0005,0.0
2026-09-21 16:00:00,SPXW260921C07900000,0.8,-0.125,0,0,410,0.0906,0.0218,0.0004,729.0,7900.0,SPXW260921P07900000,177.97,0.0,0,0,0,0.0,-0.978,0.0004,3.0
2026-09-21 16:00:00,SPXW260921C07910000,0.77,0.015,0,0,228,0.0912,0.0188,0.0004,225.0,7910.0,SPXW260921P07910000,0.0,0.0,0,0,0,0.0,-0.981,0.0004,0.0
2026-09-21 16:00:00,SPXW260921C07920000,0.59,-0.07,0,0,493,0.0922,0.0164,0.0003,400.0,7920.0,SPXW260921P07920000,0.0,0.0,0,0,0,0.0,-0.9835,0.0003,0.0
2026-09-21 16:00:00,SPXW260921C07925000,0.5,-0.15,0,0,126,0.0937,0.0153,0.0003,494.0,7925.0,SPXW260921P07925000,229.7,0.0,0,0,0,0.0,-0.9845,0.0003,9.0
2026-09-21 16:00:00,SPXW260921C07930000,0.45,-0.175,0,0,52,0.0941,0.0144,0.0003,91.0,7930.0,SPXW260921P07930000,0.0,0.0,0,0,0,0.0,-0.9855,0.0003,0.0
2026-09-21 16:00:00,SPXW260921C07950000,0.35,-0.15,0,0,148,0.0974,0.0114,0.0002,603.0,7950.0,SPXW260921P07950000,279.7,0.0,0,0,0,0.0,-0.9884,0.0002,3.0
2026-09-21 16:00:00,SPXW260921C07975000,0.3,-0.075,0,0,130,0.1014,0.009,0.0002,332.0,7975.0,SPXW260921P07975000,377.0,0.0,0,0,0,0.0,-0.9908,0.0002,1.0
2026-09-21 16:00:00,SPXW260921C08000000,0.28,-0.015,0,0,118,0.1063,0.0074,0.0001,917.0,8000.0,SPXW260921P08000000,0.0,0.0,0,0,0,0.0,-0.9925,0.0001,0.0
2026-09-21 16:00:00,SPXW260921C08025000,0.25,-0.025,0,0,9,0.1108,0.0062,0.0001,138.0,8025.0,SPXW260921P08025000,287.27,0.0,0,0,0,0.0,-0.9936,0.0001,1.0
2026-09-21 16:00:00,SPXW260921C08050000,0.27,0.0,0,0,0,0.1146,0.0054,0.0001,80.0,8050.0,SPXW260921P08050000,298.12,0.0,0,0,0,0.0,-0.9944,0.0001,3.0
2026-09-21 16:00:00,SPXW260921C08075000,0.2,-0.025,0,0,13,0.121,0.0048,0.0001,73.0,8075.0,SPXW260921P08075000,0.0,0.0,0,0,0,0.0,-0.9951,0.0001,0.0
2026-09-21 16:00:00,SPXW260921C08100000,0.21,-0.015,0,0,4,0.1273,0.0042,0.0001,139.0,8100.0,SPXW260921P08100000,337.9,0.0,0,0,0,0.0,-0.9956,0.0001,1.0
2026-09-21 16:00:00,SPXW260921C08125000,0.23,0.03,0,0,5,0.1318,0.0038,0.0001,46.0,8125.0,SPXW260921P08125000,0.0,0.0,0,0,0,0.0,-0.996,0.0001,0.0
2026-09-21 16:00:00,SPXW260921C08150000,0.6,0.0,0,0,0,0.1359,0.0035,0.0001,24.0,8150.0,SPXW260921P08150000,0.0,0.0,0,0,0,0.0,-0.9964,0.0001,0.0
2026-09-21 16:00:00,SPXW260921C08175000,0.2,0.025,0,0,4,0.142,0.0032,0.0,20.0,8175.0,SPXW260921P08175000,0.0,0.0,0,0,0,0.0,-0.9967,0.0,0.0
2026-09-21 16:00:00,SPXW260921C08200000,0.17,-0.005,0,0,24,0.1479,0.0029,0.0,109.0,8200.0,SPXW260921P08200000,0.0,0.0,0,0,0,0.0,-0.997,0.0,0.0
2026-09-21 16:00:00,SPXW260921C08225000,0.27,0.0,0,0,0,0.1539,0.0026,0.0,6.0,8225.0,SPXW260921P08225000,491.22,0.0,0,0,0,0.0,-0.9972,0.0,0.0
2026-09-21 16:00:00,SPXW260921C08250000,0.2,0.0,0,0,0,0.16,0.0024,0.0,2.0,8250.0,SPXW260921P08250000,0.0,0.0,0,0,0,0.0,-0.9974,0.0,0.0
2026-09-21 16:00:00,SPXW260921C08275000,0.0,0.0,0,0,0,0.1658,0.0022,0.0,0.0,8275.0,SPXW260921P08275000,606.93,0.0,0,0,0,0.0,-0.9976,0.0,0.0
2026-09-21 16:00:00,SPXW260921C08300000,0.18,0.03,0,0,1,0.1716,0.0021,0.0,38.0,8300.0,SPXW260921P08300000,548.57,0.0,0,0,0,0.0,-0.9978,0.0,1.0
2026-09-21 16:00:00,SPXW260921C08400000,0.27,0.0,0,0,0,0.1914,0.0016,0.0,109.0,8400.0,SPXW260921P08400000,731.09,0.0,0,0,0,0.0,-0.9983,0.0,0.0
2026-09-21 16:00:00,SPXW260921C08500000,0.1,0.0,0,0,14,0.2096,0.0012,0.0,16.0,8500.0,SPXW260921P08500000,0.0,0.0,0,0,0,0.0,-0.9986,0.0,0.0
2026-09-21 16:00:00,SPXW260921C08600000,0.27,0.0,0,0,0,0.2256,0.0009,0.0,11.0,8600.0,SPXW260921P08600000,0.0,0.0,0,0,0,0.0,-0.9989,0.0,0.0
2026-09-21 16:00:00,SPXW260921C08800000,0.2,0.0,0,0,0,0.2666,0.0006,0.0,2.0,8800.0,SPXW260921P08800000,0.0,0.0,0,0,0,0.0,-0.9992,0.0,0.0
2026-09-21 16:00:00,SPXW260921C09000000,0.3,0.0,0,0,0,0.306,0.0004,0.0,15.0,9000.0,SPXW260921P09000000,0.0,0.0,0,0,0,0.0,-0.9995,0.0,0.0
2026-09-21 16:00:00,SPXW260921C09200000,0.1,0.0,0,0,0,0.3441,0.0002,0.0,3.0,9200.0,SPXW260921P09200000,0.0,0.0,0,0,0,0.0,-0.9996,0.0,0.0
2026-09-21 16:00:00,SPXW260921C09400000,0.0,0.0,0,0,0,0.37,0.0002,0.0,0.0,9400.0,SPXW260921P09400000,0.0,0.0,0,0,0,0.0,-0.9997,0.0,0.0
2026-09-21 16:00:00,SPXW260921C09600000,0.0,0.0,0,0,0,0.405,0.0001,0.0,0.0,9600.0,SPXW260921P09600000,0.0,0.0,0,0,0,0.0,-0.9997,0.0,0.0
2026-09-21 16:00:00,SPXW260921C09800000,0.0,0.0,0,0,0,0.4194,0.0001,0.0,0.0,9800.0,SPXW260921P09800000,0.0,0.0,0,0,0,0.0,-0.9998,0.0,0.0
2026-09-21 16:00:00,SPXW260921C10000000,0.05,0.0,0,0,0,0.4514,0.0,0.0,0.0,10000.0,SPXW260921P10000000,2300.24,0.0,0,0,0,0.0,-0.9998,0.0,1.0
2026-09-22 16:00:00,SPXW260922C03200000,0.0,0.0,0,0,0,1.8801,0.9996,0.0,0.0,3200.0,SPXW260922P03200000,0.05,0.0,0,0,0,1.3584,-0.0002,0.0,2.0
2026-09-22 16:00:00,SPXW260922C03400000,0.0,0.0,0,0,0,1.7549,0.9996,0.0,0.0,3400.0,SPXW260922P03400000,0.0,0.0,0,0,0,1.2672,-0.0002,0.0,0.0
2026-09-22 16:00:00,SPXW260922C03600000,0.0,0.0,0,0,0,1.6465,0.9996,0.0,0.0,3600.0,SPXW260922P03600000,0.0,0.0,0,0,0,1.2325,-0.0002,0.0,0.0
2026-09-22 16:00:00,SPXW260922C03800000,0.0,0.0,0,0,0,1.5344,0.9996,0.0,0.0,3800.0,SPXW260922P03800000,0.05,0.0,0,0,0,1.1788,-0.0003,0.0,0.0
2026-09-22 16:00:00,SPXW260922C04000000,0.0,0.0,0,0,0,1.428,0.9996,0.0,0.0,4000.0,SPXW260922P04000000,0.0,0.0,0,0,0,1.0962,-0.0003,0.0,0.0
2026-09-22 16:00:00,SPXW260922C04200000,0.0,0.0,0,0,0,1.3267,0.9995,0.0,0.0,4200.0,SPXW260922P04200000,0.1,0.0,0,0,0,1.0176,-0.0003,0.0,67.0
2026-09-22 16:00:00,SPXW260922C04400000,0.0,0.0,0,0,0,1.2301,0.9994,0.0,0.0,4400.0,SPXW260922P04400000,0.05,0.0,0,0,0,0.9616,-0.0004,0.0,1.0
2026-09-22 16:00:00,SPXW260922C04600000,0.0,0.0,0,0,0,1.1446,0.9994,0.0,0.0,4600.0,SPXW260922P04600000,0.1,0.0,0,0,0,0.9028,-0.0005,0.0,32.0
2026-09-22 16:00:00,SPXW260922C04800000,0.0,0.0,0,0,0,1.0554,0.9993,0.0,0.0,4800.0,SPXW260922P04800000,0.1,-0.05,0,0,4,0.843,-0.0006,0.0,23.0
2026-09-22 16:00:00,SPXW260922C05000000,0.0,0.0,0,0,0,0.9756,0.9991,0.0,0.0,5000.0,SPXW260922P05000000,0.15,0.0,0,0,0,0.7911,-0.0007,0.0,58.0
2026-09-22 16:00:00,SPXW260922C05200000,0.0,0.0,0,0,0,0.8926,0.9989,0.0,0.0,5200.0,SPXW260922P05200000,0.15,-0.125,0,0,1,0.736,-0.0009,0.0,865.0
2026-09-22 16:00:00,SPXW260922C05400000,0.0,0.0,0,0,0,0.8173,0.9986,0.0,0.0,5400.0,SPXW260922P05400000,0.2,-0.175,0,0,1,0.6794,-0.0013,0.0,229.0
2026-09-22 16:00:00,SPXW260922C05600000,2070.32,0.0,0,0,0,0.7437,0.9981,0.0,4.0,5600.0,SPXW260922P05600000,0.25,-0.225,0,0,1,0.6258,-0.0018,0.0,195.0
2026-09-22 16:00:00,SPXW260922C05800000,0.0,0.0,0,0,0,0.6717,0.9974,0.0,0.0,5800.0,SPXW260922P05800000,0.3,-0.375,0,0,1,0.576,-0.0024,0.0,258.0
2026-09-22 16:00:00,SPXW260922C06000000,0.0,0.0,0,0,0,0.6009,0.9964,0.0,0.0,6000.0,SPXW260922P06000000,0.6,-0.325,0,0,61,0.5268,-0.0034,0.0,1264.0
2026-09-22 16:00:00,SPXW260922C06100000,0.0,0.0,0,0,0,0.5675,0.9958,0.0,0.0,6100.0,SPXW260922P06100000,0.0,0.0,0,0,0,0.5014,-0.004,0.0,0.0
2026-09-22 16:00:00,SPXW260922C06200000,0.0,0.0,0,0,0,0.537,0.995,0.0,0.0,6200.0,SPXW260922P06200000,0.7,-0.525,0,0,30,0.4765,-0.0048,0.0,623.0
2026-09-22 16:00:00,SPXW260922C06300000,0.0,0.0,0,0,0,0.5034,0.9942,0.0,0.0,6300.0,SPXW260922P06300000,1.05,0.0,0,0,0,0.4503,-0.0057,0.0,31.0
2026-09-22 16:00:00,SPXW260922C06400000,0.0,0.0,0,0,0,0.4698,0.9931,0.0,0.0,6400.0,SPXW260922P06400000,1.8,0.0,0,0,0,0.4242,-0.0067,0.0,143.0
2026-09-22 16:00:00,SPXW260922C06500000,0.0,0.0,0,0,0,0.4384,0.9918,0.0,0.0,6500.0,SPXW260922P06500000,1.95,0.0,0,0,0,0.398,-0.008,0.0,99.0
2026-09-22 16:00:00,SPXW260922C06550000,0.0,0.0,0,0,0,0.4215,0.991,0.0,0.0,6550.0,SPXW260922P06550000,0.0,0.0,0,0,0,0.3841,-0.0088,0.0,0.0
2026-09-22 16:00:00,SPXW260922C06575000,0.0,0.0,0,0,0,0.4141,0.9906,0.0,0.0,6575.0,SPXW260922P06575000,1.45,0.0,0,0,0,0.3774,-0.0092,0.0,4.0
2026-09-22 16:00:00,SPXW260922C06600000,0.0,0.0,0,0,0,0.4066,0.9902,0.0,0.0,6600.0,SPXW260922P06600000,1.15,-1.175,0,0,84,0.3706,-0.0096,0.0,458.0
2026-09-22 16:00:00,SPXW260922C06625000,0.0,0.0,0,0,0,0.3971,0.9898,0.0001,0.0,6625.0,SPXW260922P06625000,5.7,0.0,0,0,0,0.3638,-0.0101,0.0001,8.0
2026-09-22 16:00:00,SPXW260922C06650000,0.0,0.0,0,0,0,0.3895,0.9893,0.0001,0.0,6650.0,SPXW260922P06650000,1.1,-1.425,0,0,10,0.3576,-0.0106,0.0001,50.0
2026-09-22 16:00:00,SPXW260922C06675000,0.0,0.0,0,0,0,0.3819,0.9888,0.0001,0.0,6675.0,SPXW260922P06675000,1.17,-1.48,0,0,4,0.3506,-0.0111,0.0001,2.0
2026-09-22 16:00:00,SPXW260922C06700000,0.0,0.0,0,0,0,0.3742,0.9882,0.0001,0.0,6700.0,SPXW260922P06700000,3.1,0.0,0,0,0,0.3436,-0.0116,0.0001,105.0
2026-09-22 16:00:00,SPXW260922C06725000,0.0,0.0,0,0,0,0.3665,0.9877,0.0001,0.0,6725.0,SPXW260922P06725000,7.8,0.0,0,0,0,0.3365,-0.0122,0.0001,3.0
2026-09-22 16:00:00,SPXW260922C06750000,0.0,0.0,0,0,0,0.3587,0.987,0.0001,0.0,6750.0,SPXW260922P06750000,2.0,0.0,0,0,0,0.3305,-0.0128,0.0001,62.0
2026-09-22 16:00:00,SPXW260922C06775000,0.0,0.0,0,0,0,0.3493,0.9864,0.0001,0.0,6775.0,SPXW260922P06775000,3.3,0.0,0,0,0,0.3232,-0.0134,0.0001,19.0
2026-09-22 16:00:00,SPXW260922C06800000,0.0,0.0,0,0,0,0.3414,0.9857,0.0001,0.0,6800.0,SPXW260922P06800000,3.8,0.0,0,0,0,0.3169,-0.0142,0.0001,220.0
2026-09-22 16:00:00,SPXW260922C06825000,0.0,0.0,0,0,0,0.3335,0.9849,0.0001,0.0,6825.0,SPXW260922P06825000,1.65,-1.95,0,0,3,0.3095,-0.0149,0.0001,294.0
2026-09-22 16:00:00,SPXW260922C06850000,0.0,0.0,0,0,0,0.3256,0.9841,0.0001,0.0,6850.0,SPXW260922P06850000,3.4,0.0,0,0,0,0.303,-0.0157,0.0001,32.0
2026-09-22 16:00:00,SPXW260922C06875000,0.0,0.0,0,0,0,0.319,0.9832,0.0001,0.0,6875.0,SPXW260922P06875000,1.75,-2.25,0,0,25,0.2963,-0.0166,0.0001,42.0
2026-09-22 16:00:00,SPXW260922C06900000,0.0,0.0,0,0,0,0.3108,0.9823,0.0001,0.0,6900.0,SPXW260922P06900000,1.85,-2.45,0,0,8,0.2895,-0.0176,0.0001,42.0
2026-09-22 16:00:00,SPXW260922C06925000,0.0,0.0,0,0,0,0.3027,0.9812,0.0001,0.0,6925.0,SPXW260922P06925000,4.62,0.0,0,0,0,0.2826,-0.0186,0.0001,54.0
2026-09-22 16:00:00,SPXW260922C06950000,0.0,0.0,0,0,0,0.2945,0.9801,0.0001,0.0,6950.0,SPXW260922P06950000,5.4,0.0,0,0,0,0.2756,-0.0198,0.0001,67.0
2026-09-22 16:00:00,SPXW260922C06975000,0.0,0.0,0,0,0,0.2874,0.9788,0.0001,0.0,6975.0,SPXW260922P06975000,2.6,-2.6,0,0,28,0.2692,-0.021,0.0001,56.0
2026-09-22 16:00:00,SPXW260922C07000000,676.1,69.7,0,0,13,0.279,0.9774,0.0001,7.0,7000.0,SPXW260922P07000000,2.2,-3.4,0,0,11,0.2622,-0.0224,0.0001,92.0
2026-09-22 16:00:00,SPXW260922C07025000,0.0,0.0,0,0,0,0.2717,0.9758,0.0002,0.0,7025.0,SPXW260922P07025000,2.7,-3.35,0,0,8,0.2558,-0.024,0.0002,146.0
2026-09-22 16:00:00,SPXW260922C07050000,627.03,70.58,0,0,13,0.2642,0.9741,0.0002,6.0,7050.0,SPXW260922P07050000,2.65,-3.9,0,0,9,0.2495,-0.0258,0.0002,188.0
2026-09-22 16:00:00,SPXW260922C07075000,0.0,0.0,0,0,0,0.2566,0.9721,0.0002,0.0,7075.0,SPXW260922P07075000,3.33,-3.77,0,0,10,0.2424,-0.0277,0.0002,149.0
2026-09-22 16:00:00,SPXW260922C07100000,551.09,0.0,0,0,0,0.2488,0.9699,0.0002,1.0,7100.0,SPXW260922P07100000,3.32,-4.43,0,0,12,0.2362,-0.03,0.0002,324.0
2026-09-22 16:00:00,SPXW260922C07125000,0.0,0.0,0,0,0,0.2418,0.9673,0.0002,0.0,7125.0,SPXW260922P07125000,3.2,-5.25,0,0,5,0.2292,-0.0325,0.0002,126.0
2026-09-22 16:00:00,SPXW260922C07140000,0.0,0.0,0,0,0,0.2376,0.9656,0.0002,0.0,7140.0,SPXW260922P07140000,3.8,3.8,0,0,8,0.2257,-0.0342,0.0002,8.0
2026-09-22 16:00:00,SPXW260922C07150000,0.0,0.0,0,0,0,0.2345,0.9644,0.0003,0.0,7150.0,SPXW260922P07150000,3.38,-5.87,0,0,7,0.223,-0.0355,0.0003,43.0
2026-09-22 16:00:00,SPXW260922C07160000,0.0,0.0,0,0,0,0.2314,0.9631,0.0003,0.0,7160.0,SPXW260922P07160000,0.0,0.0,0,0,0,0.2202,-0.0368,0.0003,0.0
2026-09-22 16:00:00,SPXW260922C07170000,0.0,0.0,0,0,0,0.2282,0.9617,0.0003,0.0,7170.0,SPXW260922P07170000,4.53,4.53,0,0,9,0.2179,-0.0381,0.0003,9.0
2026-09-22 16:00:00,SPXW260922C07175000,0.0,0.0,0,0,0,0.227,0.961,0.0003,0.0,7175.0,SPXW260922P07175000,3.59,-6.66,0,0,6,0.2164,-0.0388,0.0003,62.0
2026-09-22 16:00:00,SPXW260922C07180000,0.0,0.0,0,0,0,0.2258,0.9603,0.0003,0.0,7180.0,SPXW260922P07180000,11.2,0.0,0,0,0,0.2154,-0.0396,0.0003,1.0
2026-09-22 16:00:00,SPXW260922C07190000,0.0,0.0,0,0,0,0.2226,0.9587,0.0003,0.0,7190.0,SPXW260922P07190000,0.0,0.0,0,0,0,0.2125,-0.0411,0.0003,0.0
2026-09-22 16:00:00,SPXW260922C07200000,494.65,0.0,0,0,0,0.2201,0.9571,0.0003,2.0,7200.0,SPXW260922P07200000,3.93,-7.32,0,0,24,0.21,-0.0427,0.0003,168.0
2026-09-22 16:00:00,SPXW260922C07210000,0.0,0.0,0,0,0,0.2168,0.9554,0.0003,0.0,7210.0,SPXW260922P07210000,0.0,0.0,0,0,0,0.2078,-0.0445,0.0003,0.0
2026-09-22 16:00:00,SPXW260922C07220000,0.0,0.0,0,0,0,0.2141,0.9535,0.0004,0.0,7220.0,SPXW260922P07220000,7.8,0.0,0,0,0,0.2056,-0.0463,0.0004,2.0
2026-09-22 16:00:00,SPXW260922C07225000,599.95,0.0,0,0,0,0.2128,0.9526,0.0004,8.0,7225.0,SPXW260922P07225000,4.83,-7.72,0,0,126,0.204,-0.0473,0.0004,192.0
2026-09-22 16:00:00,SPXW260922C07230000,0.0,0.0,0,0,0,0.2114,0.9516,0.0004,0.0,7230.0,SPXW260922P07230000,5.7,-7.1,0,0,1,0.2029,-0.0483,0.0004,1.0
2026-09-22 16:00:00,SPXW260922C07240000,0.0,0.0,0,0,0,0.2087,0.9495,0.0004,0.0,7240.0,SPXW260922P07240000,13.61,0.0,0,0,0,0.2004,-0.0504,0.0004,9.0
2026-09-22 16:00:00,SPXW260922C07250000,576.39,0.0,0,0,0,0.2059,0.9473,0.0004,8.0,7250.0,SPXW260922P07250000,5.84,-8.11,0,0,11,0.1983,-0.0526,0.0004,346.0
2026-09-22 16:00:00,SPXW260922C07260000,0.0,0.0,0,0,0,0.203,0.9449,0.0004,0.0,7260.0,SPXW260922P07260000,13.77,0.0,0,0,0,0.1957,-0.0549,0.0004,24.0
2026-09-22 16:00:00,SPXW260922C07270000,0.0,0.0,0,0,0,0.2007,0.9424,0.0004,0.0,7270.0,SPXW260922P07270000,5.7,-9.55,0,0,1,0.1931,-0.0574,0.0004,30.0
2026-09-22 16:00:00,SPXW260922C07275000,0.0,0.0,0,0,0,0.1992,0.9411,0.0005,0.0,7275.0,SPXW260922P07275000,5.45,-10.1,0,0,12,0.1924,-0.0587,0.0005,168.0
2026-09-22 16:00:00,SPXW260922C07280000,0.0,0.0,0,0,0,0.1983,0.9397,0.0005,0.0,7280.0,SPXW260922P07280000,5.37,-10.58,0,0,2,0.191,-0.0601,0.0005,3.0
2026-09-22 16:00:00,SPXW260922C07290000,0.0,0.0,0,0,0,0.1952,0.9369,0.0005,14.0,7290.0,SPXW260922P07290000,17.5,0.0,0,0,0,0.1888,-0.0629,0.0005,25.0
2026-09-22 16:00:00,SPXW260922C07295000,0.0,0.0,0,0,0,0.1943,0.9354,0.0005,0.0,7295.0,SPXW260922P07295000,6.9,6.9,0,0,11,0.1874,-0.0644,0.0005,11.0
2026-09-22 16:00:00,SPXW260922C07300000,0.0,0.0,0,0,0,0.1927,0.9339,0.0005,0.0,7300.0,SPXW260922P07300000,6.7,-10.75,0,0,5,0.1863,-0.066,0.0005,277.0
2026-09-22 16:00:00,SPXW260922C07305000,0.0,0.0,0,0,0,0.1916,0.9323,0.0005,0.0,7305.0,SPXW260922P07305000,8.2,8.2,0,0,6,0.1854,-0.0676,0.0005,6.0
2026-09-22 16:00:00,SPXW260922C07310000,0.0,0.0,0,0,0,0.19,0.9306,0.0005,0.0,7310.0,SPXW260922P07310000,6.85,-11.4,0,0,3,0.1842,-0.0692,0.0005,4.0
2026-09-22 16:00:00,SPXW260922C07315000,0.0,0.0,0,0,0,0.189,0.929,0.0006,0.0,7315.0,SPXW260922P07315000,8.0,8.0,0,0,1,0.1832,-0.0709,0.0006,1.0
2026-09-22 16:00:00,SPXW260922C07320000,0.0,0.0,0,0,0,0.1878,0.9272,0.0006,0.0,7320.0,SPXW260922P07320000,6.45,-12.65,0,0,4,0.182,-0.0726,0.0006,14.0
2026-09-22 16:00:00,SPXW260922C07325000,444.55,0.0,0,0,0,0.1867,0.9254,0.0006,1.0,7325.0,SPXW260922P07325000,7.3,-12.25,0,0,12,0.1807,-0.0744,0.0006,197.0
2026-09-22 16:00:00,SPXW260922C07330000,0.0,0.0,0,0,0,0.185,0.9235,0.0006,0.0,7330.0,SPXW260922P07330000,6.8,-13.2,0,0,7,0.1797,-0.0763,0.0006,18.0
2026-09-22 16:00:00,SPXW260922C07335000,0.0,0.0,0,0,0,0.1838,0.9216,0.0006,0.0,7335.0,SPXW260922P07335000,8.3,-12.15,0,0,21,0.1786,-0.0782,0.0006,26.0
2026-09-22 16:00:00,SPXW260922C07340000,0.0,0.0,0,0,0,0.1826,0.9196,0.0006,0.0,7340.0,SPXW260922P07340000,8.5,-12.45,0,0,12,0.1775,-0.0802,0.0006,38.0
2026-09-22 16:00:00,SPXW260922C07345000,0.0,0.0,0,0,0,0.1813,0.9176,0.0006,0.0,7345.0,SPXW260922P07345000,7.22,-14.23,0,0,2,0.1764,-0.0823,0.0006,3.0
2026-09-22 16:00:00,SPXW260922C07350000,324.69,51.99,0,0,13,0.18,0.9154,0.0007,17.0,7350.0,SPXW260922P07350000,8.4,-13.4,0,0,52,0.1749,-0.0844,0.0007,113.0
2026-09-22 16:00:00,SPXW260922C07355000,0.0,0.0,0,0,0,0.1792,0.9133,0.0007,0.0,7355.0,SPXW260922P07355000,9.2,-13.3,0,0,17,0.1742,-0.0866,0.0007,13.0
2026-09-22 16:00:00,SPXW260922C07360000,0.0,0.0,0,0,0,0.1779,0.911,0.0007,0.0,7360.0,SPXW260922P07360000,9.02,-14.03,0,0,49,0.1732,-0.0888,0.0007,58.0
2026-09-22 16:00:00,SPXW260922C07365000,0.0,0.0,0,0,0,0.1765,0.9087,0.0007,0.0,7365.0,SPXW260922P07365000,8.02,-15.58,0,0,27,0.172,-0.0912,0.0007,27.0
2026-09-22 16:00:00,SPXW260922C07370000,0.0,0.0,0,0,0,0.1756,0.9063,0.0007,0.0,7370.0,SPXW260922P07370000,9.54,-14.66,0,0,76,0.1712,-0.0936,0.0007,35.0
2026-09-22 16:00:00,SPXW260922C07375000,0.0,0.0,0,0,0,0.1741,0.9038,0.0008,0.0,7375.0,SPXW260922P07375000,9.3,-15.45,0,0,35,0.1696,-0.0961,0.0008,130.0
2026-09-22 16:00:00,SPXW260922C07380000,314.5,0.0,0,0,0,0.1731,0.9012,0.0008,1.0,7380.0,SPXW260922P07380000,10.02,-15.33,0,0,30,0.1689,-0.0986,0.0008,40.0
2026-09-22 16:00:00,SPXW260922C07385000,0.0,0.0,0,0,0,0.1716,0.8985,0.0008,0.0,7385.0,SPXW260922P07385000,11.15,-14.85,0,0,1,0.1677,-0.1013,0.0008,3.0
2026-09-22 16:00:00,SPXW260922C07390000,0.0,0.0,0,0,0,0.1706,0.8958,0.0008,0.0,7390.0,SPXW260922P07390000,9.57,-17.03,0,0,28,0.1668,-0.104,0.0008,61.0
2026-09-22 16:00:00,SPXW260922C07395000,0.0,0.0,0,0,0,0.1694,0.893,0.0008,0.0,7395.0,SPXW260922P07395000,9.65,-17.65,0,0,28,0.1657,-0.1069,0.0008,26.0
2026-09-22 16:00:00,SPXW260922C07400000,225.29,0.0,0,0,0,0.1682,0.89,0.0009,3.0,7400.0,SPXW260922P07400000,9.87,-18.08,0,0,34,0.1644,-0.1098,0.0009,419.0
2026-09-22 16:00:00,SPXW260922C07405000,0.0,0.0,0,0,0,0.167,0.887,0.0009,0.0,7405.0,SPXW260922P07405000,26.58,0.0,0,0,0,0.1635,-0.1128,0.0009,1.0
2026-09-22 16:00:00,SPXW260922C07410000,270.67,0.0,0,0,0,0.1658,0.8839,0.0009,2.0,7410.0,SPXW260922P07410000,11.8,-17.55,0,0,6,0.1624,-0.1159,0.0009,55.0
2026-09-22 16:00:00,SPXW260922C07415000,0.0,0.0,0,0,0,0.1649,0.8807,0.0009,0.0,7415.0,SPXW260922P07415000,10.53,-19.52,0,0,3,0.1614,-0.1192,0.0009,21.0
2026-09-22 16:00:00,SPXW260922C07420000,259.95,0.0,0,0,0,0.1636,0.8773,0.001,1.0,7420.0,SPXW260922P07420000,11.4,-19.4,0,0,5,0.1603,-0.1225,0.001,67.0
2026-09-22 16:00:00,SPXW260922C07425000,0.0,0.0,0,0,0,0.1626,0.8739,0.001,0.0,7425.0,SPXW260922P07425000,12.73,-18.82,0,0,38,0.1594,-0.1259,0.001,311.0
2026-09-22 16:00:00,SPXW260922C07430000,199.97,0.0,0,0,0,0.1612,0.8703,0.001,2.0,7430.0,SPXW260922P07430000,11.5,-20.9,0,0,9,0.1583,-0.1295,0.001,112.0
2026-09-22 16:00:00,SPXW260922C07435000,0.0,0.0,0,0,0,0.1602,0.8667,0.001,0.0,7435.0,SPXW260922P07435000,13.2,-20.0,0,0,14,0.1571,-0.1332,0.001,16.0
2026-09-22 16:00:00,SPXW260922C07440000,242.85,0.0,0,0,0,0.159,0.8629,0.001,1.0,7440.0,SPXW260922P07440000,14.0,-20.0,0,0,7,0.1561,-0.137,0.001,51.0
2026-09-22 16:00:00,SPXW260922C07445000,0.0,0.0,0,0,0,0.1579,0.859,0.0011,0.0,7445.0,SPXW260922P07445000,13.27,-21.63,0,0,1,0.1552,-0.1409,0.0011,13.0
2026-09-22 16:00:00,SPXW260922C07450000,239.08,52.38,0,0,1,0.1567,0.8549,0.0011,18.0,7450.0,SPXW260922P07450000,14.54,-21.21,0,0,220,0.154,-0.1449,0.0011,368.0
2026-09-22 16:00:00,SPXW260922C07455000,0.0,0.0,0,0,0,0.1558,0.8507,0.0011,0.0,7455.0,SPXW260922P07455000,14.9,-21.8,0,0,1,0.153,-0.1491,0.0011,3.0
2026-09-22 16:00:00,SPXW260922C07460000,313.27,0.0,0,0,0,0.1544,0.8464,0.0012,1.0,7460.0,SPXW260922P07460000,13.85,-23.75,0,0,9,0.1521,-0.1534,0.0012,86.0
2026-09-22 16:00:00,SPXW260922C07465000,0.0,0.0,0,0,0,0.1534,0.8419,0.0012,0.0,7465.0,SPXW260922P07465000,14.57,-23.93,0,0,4,0.1511,-0.1579,0.0012,24.0
2026-09-22 16:00:00,SPXW260922C07470000,0.0,0.0,0,0,0,0.1524,0.8373,0.0012,0.0,7470.0,SPXW260922P07470000,15.8,-23.7,0,0,25,0.1501,-0.1625,0.0012,91.0
2026-09-22 16:00:00,SPXW260922C07475000,228.9,0.0,0,0,0,0.1512,0.8326,0.0013,11.0,7475.0,SPXW260922P07475000,16.8,-23.7,0,0,159,0.1489,-0.1673,0.0013,170.0
2026-09-22 16:00:00,SPXW260922C07480000,211.68,49.03,0,0,1,0.1503,0.8277,0.0013,1.0,7480.0,SPXW260922P07480000,15.6,-26.0,0,0,25,0.1478,-0.1722,0.0013,68.0
2026-09-22 16:00:00,SPXW260922C07485000,0.0,0.0,0,0,0,0.1491,0.8226,0.0013,0.0,7485.0,SPXW260922P07485000,19.6,-23.9,0,0,1,0.147,-0.1772,0.0013,15.0
2026-09-22 16:00:00,SPXW260922C07490000,0.0,0.0,0,0,0,0.1481,0.8173,0.0014,0.0,7490.0,SPXW260922P07490000,16.56,-27.14,0,0,8,0.1459,-0.1825,0.0014,55.0
2026-09-22 16:00:00,SPXW260922C07495000,0.0,0.0,0,0,0,0.147,0.8119,0.0014,0.0,7495.0,SPXW260922P07495000,19.35,-25.45,0,0,3,0.1449,-0.1879,0.0014,19.0
2026-09-22 16:00:00,SPXW260922C07500000,188.12,40.82,0,0,26,0.1459,0.8063,0.0014,56.0,7500.0,SPXW260922P07500000,19.81,-26.14,0,0,41,0.1439,-0.1935,0.0014,532.0
2026-09-22 16:00:00,SPXW260922C07505000,0.0,0.0,0,0,0,0.1448,0.8006,0.0015,0.0,7505.0,SPXW260922P07505000,18.17,-25.95,0,0,21,0.1429,-0.1993,0.0015,158.0
2026-09-22 16:00:00,SPXW260922C07510000,266.82,0.0,0,0,0,0.1438,0.7946,0.0015,25.0,7510.0,SPXW260922P07510000,20.32,-27.98,0,0,45,0.142,-0.2052,0.0015,252.0
2026-09-22 16:00:00,SPXW260922C07515000,0.0,0.0,0,0,0,0.1425,0.7885,0.0015,0.0,7515.0,SPXW260922P07515000,23.5,-26.1,0,0,1,0.1409,-0.2114,0.0015,159.0
2026-09-22 16:00:00,SPXW260922C07520000,177.6,0.0,0,0,0,0.1417,0.7821,0.0016,1.0,7520.0,SPXW260922P07520000,21.88,-28.97,0,0,30,0.1399,-0.2177,0.0016,80.0
2026-09-22 16:00:00,SPXW260922C07525000,137.67,0.0,0,0,0,0.1405,0.7756,0.0016,2.0,7525.0,SPXW260922P07525000,23.07,-28.5,0,0,31,0.1388,-0.2242,0.0016,252.0
2026-09-22 16:00:00,SPXW260922C07530000,196.8,0.0,0,0,0,0.1393,0.7688,0.0017,5.0,7530.0,SPXW260922P07530000,23.05,-30.45,0,0,747,0.1379,-0.231,0.0017,801.0
2026-09-22 16:00:00,SPXW260922C07535000,181.18,0.0,0,0,0,0.1383,0.7619,0.0017,4.0,7535.0,SPXW260922P07535000,22.49,-32.41,0,0,6,0.1369,-0.2379,0.0017,44.0
2026-09-22 16:00:00,SPXW260922C07540000,0.0,0.0,0,0,0,0.1374,0.7547,0.0017,0.0,7540.0,SPXW260922P07540000,23.38,-32.92,0,0,4,0.1358,-0.2451,0.0017,101.0
2026-09-22 16:00:00,SPXW260922C07545000,114.5,0.0,0,0,0,0.1363,0.7473,0.0018,1.0,7545.0,SPXW260922P07545000,24.8,-32.95,0,0,2,0.1348,-0.2525,0.0018,18.0
2026-09-22 16:00:00,SPXW260922C07550000,108.58,0.0,0,0,0,0.1352,0.7397,0.0018,4.0,7550.0,SPXW260922P07550000,28.53,-30.77,0,0,174,0.1339,-0.2601,0.0018,313.0
2026-09-22 16:00:00,SPXW260922C07555000,105.1,0.0,0,0,0,0.1342,0.7319,0.0019,3.0,7555.0,SPXW260922P07555000,25.8,-35.0,0,0,3,0.1328,-0.268,0.0019,30.0
2026-09-22 16:00:00,SPXW260922C07560000,136.45,32.8,0,0,2,0.1332,0.7238,0.0019,4.0,7560.0,SPXW260922P07560000,31.6,-30.75,0,0,754,0.1319,-0.276,0.0019,1028.0
2026-09-22 16:00:00,SPXW260922C07565000,144.03,43.73,0,0,1,0.1322,0.7155,0.002,1.0,7565.0,SPXW260922P07565000,28.55,-35.45,0,0,18,0.131,-0.2844,0.002,39.0
2026-09-22 16:00:00,SPXW260922C07570000,97.64,0.0,0,0,0,0.1312,0.7069,0.002,17.0,7570.0,SPXW260922P07570000,36.4,-29.3,0,0,13,0.1299,-0.2929,0.002,116.0
2026-09-22 16:00:00,SPXW260922C07575000,91.8,0.0,0,0,0,0.13,0.6981,0.002,1.0,7575.0,SPXW260922P07575000,30.44,-36.91,0,0,12,0.1289,-0.3017,0.002,512.0
2026-09-22 16:00:00,SPXW260922C07580000,122.3,31.8,0,0,13,0.1281,0.6891,0.0021,37.0,7580.0,SPXW260922P07580000,34.1,-35.0,0,0,35,0.1279,-0.3108,0.0021,163.0
2026-09-22 16:00:00,SPXW260922C07585000,0.0,0.0,0,0,0,0.1271,0.6798,0.0021,0.0,7585.0,SPXW260922P07585000,33.3,-37.6,0,0,773,0.1269,-0.3201,0.0021,831.0
2026-09-22 16:00:00,SPXW260922C07590000,86.78,0.0,0,0,0,0.1262,0.6702,0.0022,9.0,7590.0,SPXW260922P07590000,33.9,-38.9,0,0,35,0.1259,-0.3296,0.0022,576.0
2026-09-22 16:00:00,SPXW260922C07595000,113.9,32.85,0,0,2,0.1251,0.6604,0.0022,5.0,7595.0,SPXW260922P07595000,35.58,-39.12,0,0,8,0.1249,-0.3394,0.0022,341.0
2026-09-22 16:00:00,SPXW260922C07600000,100.8,22.75,0,0,6,0.1242,0.6503,0.0022,42.0,7600.0,SPXW260922P07600000,36.78,-39.92,0,0,104,0.124,-0.3495,0.0022,582.0
2026-09-22 16:00:00,SPXW260922C07605000,97.2,22.15,0,0,51,0.1231,0.64,0.0023,44.0,7605.0,SPXW260922P07605000,37.6,-41.05,0,0,13,0.1229,-0.3598,0.0023,35.0
2026-09-22 16:00:00,SPXW260922C07610000,97.48,25.38,0,0,23,0.1222,0.6294,0.0023,58.0,7610.0,SPXW260922P07610000,37.14,-43.56,0,0,22,0.122,-0.3704,0.0023,47.0
2026-09-22 16:00:00,SPXW260922C07615000,102.84,33.59,0,0,50,0.1211,0.6185,0.0024,43.0,7615.0,SPXW260922P07615000,39.8,-43.1,0,0,3,0.121,-0.3813,0.0024,27.0
2026-09-22 16:00:00,SPXW260922C07620000,91.12,24.67,0,0,32,0.1202,0.6074,0.0024,44.0,7620.0,SPXW260922P07620000,39.05,-45.95,0,0,17,0.1201,-0.3924,0.0024,71.0
2026-09-22 16:00:00,SPXW260922C07625000,93.5,29.8,0,0,3,0.1192,0.596,0.0024,31.0,7625.0,SPXW260922P07625000,46.88,-40.42,0,0,16,0.119,-0.4038,0.0024,107.0
2026-09-22 16:00:00,SPXW260922C07630000,78.8,18.3,0,0,89,0.1183,0.5844,0.0025,117.0,7630.0,SPXW260922P07630000,48.48,-41.02,0,0,51,0.1181,-0.4155,0.0025,65.0
2026-09-22 16:00:00,SPXW260922C07635000,80.4,17.65,0,0,7,0.1173,0.5725,0.0025,13.0,7635.0,SPXW260922P07635000,48.92,-43.03,0,0,11,0.1171,-0.4274,0.0025,41.0
2026-09-22 16:00:00,SPXW260922C07640000,72.25,16.5,0,0,81,0.1164,0.5603,0.0025,156.0,7640.0,SPXW260922P07640000,50.52,-43.78,0,0,46,0.1162,-0.4395,0.0025,128.0
2026-09-22 16:00:00,SPXW260922C07645000,69.4,16.15,0,0,8,0.1157,0.5479,0.0026,21.0,7645.0,SPXW260922P07645000,52.27,-44.53,0,0,22,0.1153,-0.4519,0.0026,94.0
2026-09-22 16:00:00,SPXW260922C07650000,66.9,16.1,0,0,7,0.1146,0.5352,0.0026,97.0,7650.0,SPXW260922P07650000,54.15,-45.15,0,0,48,0.1144,-0.4646,0.0026,139.0
2026-09-22 16:00:00,SPXW260922C07655000,62.9,14.5,0,0,13,0.1136,0.5224,0.0026,18.0,7655.0,SPXW260922P07655000,53.63,-48.27,0,0,11,0.1134,-0.4775,0.0026,29.0
2026-09-22 16:00:00,SPXW260922C07660000,71.1,25.05,0,0,7,0.1126,0.5092,0.0027,177.0,7660.0,SPXW260922P07660000,59.2,-45.4,0,0,8,0.1125,-0.4906,0.0027,420.0
2026-09-22 16:00:00,SPXW260922C07665000,62.4,18.6,0,0,10,0.1118,0.4959,0.0027,8.0,7665.0,SPXW260922P07665000,57.31,-50.04,0,0,11,0.1117,-0.5039,0.0027,83.0
2026-09-22 16:00:00,SPXW260922C07670000,64.28,22.68,0,0,12,0.1109,0.4824,0.0027,89.0,7670.0,SPXW260922P07670000,60.3,-49.8,0,0,28,0.1108,-0.5175,0.0027,105.0
2026-09-22 16:00:00,SPXW260922C07675000,51.25,11.75,0,0,66,0.11,0.4686,0.0027,82.0,7675.0,SPXW260922P07675000,60.3,-52.6,0,0,48,0.1099,-0.5312,0.0027,405.0
2026-09-22 16:00:00,SPXW260922C07680000,50.1,12.7,0,0,89,0.1092,0.4548,0.0027,214.0,7680.0,SPXW260922P07680000,64.32,-51.58,0,0,15,0.109,-0.5451,0.0027,208.0
2026-09-22 16:00:00,SPXW260922C07685000,33.66,0.0,0,0,0,0.1083,0.4407,0.0027,127.0,7685.0,SPXW260922P07685000,68.0,-50.85,0,0,2,0.108,-0.5591,0.0027,188.0
2026-09-22 16:00:00,SPXW260922C07690000,46.76,13.26,0,0,19,0.1075,0.4266,0.0027,83.0,7690.0,SPXW260922P07690000,67.79,-54.11,0,0,2,0.1072,-0.5733,0.0027,270.0
2026-09-22 16:00:00,SPXW260922C07695000,45.08,13.48,0,0,17,0.1067,0.4123,0.0027,61.0,7695.0,SPXW260922P07695000,65.5,-59.65,0,0,30,0.1065,-0.5876,0.0027,57.0
2026-09-22 16:00:00,SPXW260922C07700000,41.8,12.05,0,0,82,0.1059,0.3979,0.0027,641.0,7700.0,SPXW260922P07700000,69.44,-58.86,0,0,25,0.1056,-0.6019,0.0027,205.0
2026-09-22 16:00:00,SPXW260922C07705000,37.6,9.5,0,0,35,0.105,0.3835,0.0027,107.0,7705.0,SPXW260922P07705000,73.5,0.0,0,0,0,0.1049,-0.6163,0.0027,1.0
2026-09-22 16:00:00,SPXW260922C07710000,33.9,7.55,0,0,17,0.1043,0.3691,0.0027,119.0,7710.0,SPXW260922P07710000,77.03,-57.92,0,0,2,0.1041,-0.6308,0.0027,22.0
2026-09-22 16:00:00,SPXW260922C07715000,35.55,10.75,0,0,20,0.1034,0.3546,0.0027,25.0,7715.0,SPXW260922P07715000,75.52,0.0,0,0,0,0.1033,-0.6452,0.0027,6.0
2026-09-22 16:00:00,SPXW260922C07720000,35.85,12.6,0,0,5,0.1028,0.3403,0.0027,93.0,7720.0,SPXW260922P07720000,83.5,-58.35,0,0,6,0.1025,-0.6596,0.0027,40.0
2026-09-22 16:00:00,SPXW260922C07725000,28.3,6.5,0,0,40,0.102,0.3259,0.0026,97.0,7725.0,SPXW260922P07725000,144.37,0.0,0,0,0,0.1018,-0.6739,0.0026,146.0
2026-09-22 16:00:00,SPXW260922C07730000,29.01,8.61,0,0,3,0.1013,0.3117,0.0026,114.0,7730.0,SPXW260922P07730000,88.8,-60.2,0,0,1,0.1011,-0.6881,0.0026,19.0
2026-09-22 16:00:00,SPXW260922C07735000,26.15,7.05,0,0,17,0.1007,0.2976,0.0026,33.0,7735.0,SPXW260922P07735000,92.33,-60.37,0,0,5,0.098,-0.7022,0.0026,11.0
2026-09-22 16:00:00,SPXW260922C07740000,23.37,5.62,0,0,34,0.0999,0.2837,0.0025,166.0,7740.0,SPXW260922P07740000,95.69,-60.81,0,0,4,0.0972,-0.7161,0.0025,117.0
2026-09-22 16:00:00,SPXW260922C07745000,22.78,6.18,0,0,5,0.0992,0.2699,0.0025,10.0,7745.0,SPXW260922P07745000,70.8,0.0,0,0,0,0.0965,-0.7299,0.0025,2.0
2026-09-22 16:00:00,SPXW260922C07750000,19.65,4.2,0,0,56,0.0986,0.2564,0.0024,384.0,7750.0,SPXW260922P07750000,96.74,-67.16,0,0,6,0.0957,-0.7434,0.0024,270.0
2026-09-22 16:00:00,SPXW260922C07755000,19.75,5.4,0,0,18,0.0981,0.2431,0.0024,45.0,7755.0,SPXW260922P07755000,168.46,0.0,0,0,0,0.095,-0.7567,0.0024,1.0
2026-09-22 16:00:00,SPXW260922C07760000,18.86,5.56,0,0,16,0.0974,0.2301,0.0023,62.0,7760.0,SPXW260922P07760000,80.93,0.0,0,0,0,0.0943,-0.7698,0.0023,4.0
2026-09-22 16:00:00,SPXW260922C07765000,16.54,4.19,0,0,140,0.0968,0.2174,0.0023,45.0,7765.0,SPXW260922P07765000,178.56,0.0,0,0,0,0.0934,-0.7825,0.0023,6.0
2026-09-22 16:00:00,SPXW260922C07770000,15.55,4.15,0,0,5,0.0963,0.2049,0.0022,74.0,7770.0,SPXW260922P07770000,181.86,0.0,0,0,0,0.0928,-0.7949,0.0022,3.0
2026-09-22 16:00:00,SPXW260922C07775000,13.1,2.55,0,0,105,0.0957,0.1928,0.0021,323.0,7775.0,SPXW260922P07775000,147.36,0.0,0,0,0,0.092,-0.807,0.0021,3.0
2026-09-22 16:00:00,SPXW260922C07780000,12.25,2.5,0,0,32,0.0951,0.1811,0.0021,71.0,7780.0,SPXW260922P07780000,124.83,-63.57,0,0,1,0.0913,-0.8187,0.0021,21.0
2026-09-22 16:00:00,SPXW260922C07785000,14.35,5.4,0,0,2,0.0947,0.1698,0.002,11.0,7785.0,SPXW260922P07785000,196.5,0.0,0,0,0,0.0907,-0.8301,0.002,1.0
2026-09-22 16:00:00,SPXW260922C07790000,13.24,4.99,0,0,2,0.0943,0.1588,0.0019,218.0,7790.0,SPXW260922P07790000,198.04,0.0,0,0,0,0.0899,-0.841,0.0019,15.0
2026-09-22 16:00:00,SPXW260922C07795000,13.04,5.49,0,0,2,0.0938,0.1482,0.0018,21.0,7795.0,SPXW260922P07795000,0.0,0.0,0,0,0,0.0892,-0.8516,0.0018,0.0
2026-09-22 16:00:00,SPXW260922C07800000,8.29,1.34,0,0,199,0.0933,0.1381,0.0018,582.0,7800.0,SPXW260922P07800000,138.64,-67.06,0,0,3,0.0886,-0.8617,0.0018,93.0
2026-09-22 16:00:00,SPXW260922C07805000,7.9,1.55,0,0,87,0.0927,0.1285,0.0017,94.0,7805.0,SPXW260922P07805000,0.0,0.0,0,0,0,0.0878,-0.8714,0.0017,0.0
2026-09-22 16:00:00,SPXW260922C07810000,6.97,1.12,0,0,18,0.0925,0.1192,0.0016,99.0,7810.0,SPXW260922P07810000,113.92,0.0,0,0,0,0.0871,-0.8806,0.0016,8.0
2026-09-22 16:00:00,SPXW260922C07815000,6.62,1.27,0,0,7,0.0922,0.1105,0.0015,23.0,7815.0,SPXW260922P07815000,0.0,0.0,0,0,0,0.0862,-0.8894,0.0015,0.0
2026-09-22 16:00:00,SPXW260922C07820000,7.35,2.4,0,0,35,0.0918,0.1022,0.0015,55.0,7820.0,SPXW260922P07820000,158.8,0.0,0,0,0,0.0855,-0.8976,0.0015,10.0
2026-09-22 16:00:00,SPXW260922C07825000,5.25,0.75,0,0,12,0.0912,0.0944,0.0014,346.0,7825.0,SPXW260922P07825000,154.72,0.0,0,0,0,0.085,-0.9055,0.0014,5.0
2026-09-22 16:00:00,SPXW260922C07830000,4.91,0.81,0,0,43,0.0909,0.087,0.0013,73.0,7830.0,SPXW260922P07830000,158.62,0.0,0,0,0,0.0842,-0.9128,0.0013,2.0
2026-09-22 16:00:00,SPXW260922C07840000,3.69,0.24,0,0,30,0.0908,0.0737,0.0012,274.0,7840.0,SPXW260922P07840000,0.0,0.0,0,0,0,0.0825,-0.9261,0.0012,0.0
2026-09-22 16:00:00,SPXW260922C07850000,2.97,0.095,0,0,106,0.0905,0.0622,0.001,361.0,7850.0,SPXW260922P07850000,184.06,0.0,0,0,0,0.0808,-0.9376,0.001,6.0
2026-09-22 16:00:00,SPXW260922C07860000,2.39,0.015,0,0,24,0.09,0.0524,0.0009,55.0,7860.0,SPXW260922P07860000,0.0,0.0,0,0,0,0.0786,-0.9474,0.0009,0.0
2026-09-22 16:00:00,SPXW260922C07870000,2.08,0.08,0,0,58,0.0899,0.0442,0.0008,126.0,7870.0,SPXW260922P07870000,0.0,0.0,0,0,0,0.0756,-0.9556,0.0008,0.0
2026-09-22 16:00:00,SPXW260922C07875000,1.92,0.095,0,0,206,0.0899,0.0406,0.0007,191.0,7875.0,SPXW260922P07875000,0.0,0.0,0,0,0,0.0738,-0.9592,0.0007,0.0
2026-09-22 16:00:00,SPXW260922C07880000,1.67,-0.005,0,0,36,0.09,0.0373,0.0007,101.0,7880.0,SPXW260922P07880000,240.0,0.0,0,0,0,0.071,-0.9625,0.0007,5.0
2026-09-22 16:00:00,SPXW260922C07890000,1.41,0.01,0,0,33,0.0903,0.0317,0.0006,218.0,7890.0,SPXW260922P07890000,0.0,0.0,0,0,0,0.0618,-0.9681,0.0006,0.0
2026-09-22 16:00:00,SPXW260922C07900000,1.13,-0.045,0,0,246,0.0906,0.0271,0.0005,885.0,7900.0,SPXW260922P07900000,257.65,0.0,0,0,0,0.0,-0.9727,0.0005,5.0
2026-09-22 16:00:00,SPXW260922C07910000,1.0,-0.025,0,0,25,0.0914,0.0234,0.0004,164.0,7910.0,SPXW260922P07910000,0.0,0.0,0,0,0,0.0,-0.9765,0.0004,0.0
2026-09-22 16:00:00,SPXW260922C07920000,0.8,-0.075,0,0,24,0.0921,0.0203,0.0004,33.0,7920.0,SPXW260922P07920000,0.0,0.0,0,0,0,0.0,-0.9795,0.0004,0.0
2026-09-22 16:00:00,SPXW260922C07925000,0.7,-0.125,0,0,58,0.0928,0.019,0.0004,152.0,7925.0,SPXW260922P07925000,0.0,0.0,0,0,0,0.0,-0.9808,0.0004,0.0
2026-09-22 16:00:00,SPXW260922C07930000,0.65,-0.125,0,0,24,0.0934,0.0178,0.0004,62.0,7930.0,SPXW260922P07930000,0.0,0.0,0,0,0,0.0,-0.982,0.0004,0.0
2026-09-22 16:00:00,SPXW260922C07950000,0.55,-0.05,0,0,397,0.0962,0.014,0.0003,435.0,7950.0,SPXW260922P07950000,201.0,0.0,0,0,0,0.0,-0.9858,0.0003,4.0
2026-09-22 16:00:00,SPXW260922C07975000,0.4,-0.075,0,0,62,0.0994,0.0109,0.0002,156.0,7975.0,SPXW260922P07975000,0.0,0.0,0,0,0,0.0,-0.989,0.0002,0.0
2026-09-22 16:00:00,SPXW260922C08000000,0.3,-0.075,0,0,92,0.1047,0.0088,0.0002,282.0,8000.0,SPXW260922P08000000,351.5,0.0,0,0,0,0.0,-0.991,0.0002,5.0
2026-09-22 16:00:00,SPXW260922C08025000,0.45,0.125,0,0,12,0.1086,0.0073,0.0001,114.0,8025.0,SPXW260922P08025000,376.0,0.0,0,0,0,0.0,-0.9925,0.0001,5.0
2026-09-22 16:00:00,SPXW260922C08050000,0.38,0.105,0,0,6,0.114,0.0063,0.0001,31.0,8050.0,SPXW260922P08050000,0.0,0.0,0,0,0,0.0,-0.9936,0.0001,0.0
2026-09-22 16:00:00,SPXW260922C08075000,0.35,0.1,0,0,6,0.1179,0.0055,0.0001,60.0,8075.0,SPXW260922P08075000,0.0,0.0,0,0,0,0.0,-0.9944,0.0001,0.0
2026-09-22 16:00:00,SPXW260922C08100000,0.27,0.02,0,0,6,0.1227,0.0048,0.0001,426.0,8100.0,SPXW260922P08100000,0.0,0.0,0,0,0,0.0,-0.995,0.0001,0.0
2026-09-22 16:00:00,SPXW260922C08125000,0.22,-0.005,0,0,1,0.1272,0.0043,0.0001,37.0,8125.0,SPXW260922P08125000,0.0,0.0,0,0,0,0.0,-0.9955,0.0001,0.0
2026-09-22 16:00:00,SPXW260922C08150000,0.5,0.0,0,0,0,0.1331,0.0039,0.0001,45.0,8150.0,SPXW260922P08150000,0.0,0.0,0,0,0,0.0,-0.9959,0.0001,0.0
2026-09-22 16:00:00,SPXW260922C08175000,0.0,0.0,0,0,0,0.1372,0.0035,0.0001,0.0,8175.0,SPXW260922P08175000,0.0,0.0,0,0,0,0.0,-0.9963,0.0001,0.0
2026-09-22 16:00:00,SPXW260922C08200000,0.18,0.005,0,0,5,0.1408,0.0032,0.0,22.0,8200.0,SPXW260922P08200000,0.0,0.0,0,0,0,0.0,-0.9966,0.0,0.0
2026-09-22 16:00:00,SPXW260922C08225000,1.17,0.0,0,0,0,0.1465,0.0029,0.0,3.0,8225.0,SPXW260922P08225000,0.0,0.0,0,0,0,0.0,-0.9969,0.0,0.0
2026-09-22 16:00:00,SPXW260922C08250000,0.2,0.025,0,0,10,0.1524,0.0027,0.0,10.0,8250.0,SPXW260922P08250000,0.0,0.0,0,0,0,0.0,-0.9972,0.0,0.0
2026-09-22 16:00:00,SPXW260922C08275000,0.0,0.0,0,0,0,0.1578,0.0025,0.0,0.0,8275.0,SPXW260922P08275000,0.0,0.0,0,0,0,0.0,-0.9974,0.0,0.0
2026-09-22 16:00:00,SPXW260922C08300000,0.25,0.0,0,0,0,0.1634,0.0023,0.0,10.0,8300.0,SPXW260922P08300000,0.0,0.0,0,0,0,0.0,-0.9976,0.0,0.0
2026-09-22 16:00:00,SPXW260922C08400000,0.17,0.0,0,0,0,0.1823,0.0017,0.0,9.0,8400.0,SPXW260922P08400000,0.0,0.0,0,0,0,0.0,-0.9981,0.0,0.0
2026-09-22 16:00:00,SPXW260922C08500000,0.12,0.0,0,0,0,0.1996,0.0013,0.0,11.0,8500.0,SPXW260922P08500000,0.0,0.0,0,0,0,0.0,-0.9986,0.0,0.0
2026-09-22 16:00:00,SPXW260922C08600000,0.15,0.0,0,0,0,0.215,0.001,0.0,11.0,8600.0,SPXW260922P08600000,0.0,0.0,0,0,0,0.0,-0.9988,0.0,0.0
2026-09-22 16:00:00,SPXW260922C08800000,0.0,0.0,0,0,0,0.2539,0.0006,0.0,0.0,8800.0,SPXW260922P08800000,0.0,0.0,0,0,0,0.0,-0.9992,0.0,0.0
2026-09-22 16:00:00,SPXW260922C09000000,0.15,0.0,0,0,0,0.2915,0.0004,0.0,3.0,9000.0,SPXW260922P09000000,0.0,0.0,0,0,0,0.0,-0.9994,0.0,0.0
2026-09-22 16:00:00,SPXW260922C09200000,0.0,0.0,0,0,0,0.3278,0.0003,0.0,0.0,9200.0,SPXW260922P09200000,0.0,0.0,0,0,0,0.0,-0.9996,0.0,0.0
2026-09-22 16:00:00,SPXW260922C09400000,0.0,0.0,0,0,0,0.3525,0.0002,0.0,0.0,9400.0,SPXW260922P09400000,0.0,0.0,0,0,0,0.0,-0.9997,0.0,0.0
2026-09-22 16:00:00,SPXW260922C09600000,0.0,0.0,0,0,0,0.3859,0.0001,0.0,0.0,9600.0,SPXW260922P09600000,0.0,0.0,0,0,0,0.0,-0.9997,0.0,0.0
2026-09-22 16:00:00,SPXW260922C09800000,0.0,0.0,0,0,0,0.3997,0.0001,0.0,0.0,9800.0,SPXW260922P09800000,0.0,0.0,0,0,0,0.0,-0.9998,0.0,0.0
2026-09-22 16:00:00,SPXW260922C10000000,0.0,0.0,0,0,0,0.4301,0.0,0.0,0.0,10000.0,SPXW260922P10000000,0.0,0.0,0,0,0,0.0,-0.9998,0.0,0.0
2026-09-23 16:00:00,SPXW260923C03200000,0.0,0.0,0,0,0,1.8015,0.9996,0.0,0.0,3200.0,SPXW260923P03200000,0.0,0.0,0,0,0,1.3004,-0.0002,0.0,0.0
2026-09-23 16:00:00,SPXW260923C03400000,0.0,0.0,0,0,0,1.6791,0.9996,0.0,0.0,3400.0,SPXW260923P03400000,0.05,0.0,0,0,0,1.2657,-0.0002,0.0,2.0
2026-09-23 16:00:00,SPXW260923C03600000,0.0,0.0,0,0,0,1.5733,0.9996,0.0,0.0,3600.0,SPXW260923P03600000,0.0,0.0,0,0,0,1.1799,-0.0002,0.0,0.0
2026-09-23 16:00:00,SPXW260923C03800000,0.0,0.0,0,0,0,1.4639,0.9996,0.0,0.0,3800.0,SPXW260923P03800000,0.1,0.0,0,0,0,1.1284,-0.0003,0.0,24.0
2026-09-23 16:00:00,SPXW260923C04000000,0.0,0.0,0,0,0,1.3685,0.9995,0.0,0.0,4000.0,SPXW260923P04000000,0.1,0.0,0,0,0,1.0494,-0.0003,0.0,2.0
2026-09-23 16:00:00,SPXW260923C04200000,0.0,0.0,0,0,0,1.2696,0.9995,0.0,0.0,4200.0,SPXW260923P04200000,0.05,0.0,0,0,0,0.9742,-0.0003,0.0,83.0
2026-09-23 16:00:00,SPXW260923C04400000,0.0,0.0,0,0,0,1.1826,0.9994,0.0,0.0,4400.0,SPXW260923P04400000,0.1,0.0,0,0,0,0.9205,-0.0004,0.0,2.0
2026-09-23 16:00:00,SPXW260923C04600000,0.0,0.0,0,0,0,1.0921,0.9994,0.0,0.0,4600.0,SPXW260923P04600000,0.1,0.0,0,0,0,0.8761,-0.0005,0.0,50.0
2026-09-23 16:00:00,SPXW260923C04800000,0.0,0.0,0,0,0,1.0116,0.9992,0.0,0.0,4800.0,SPXW260923P04800000,0.1,-0.075,0,0,4,0.8166,-0.0006,0.0,20.0
2026-09-23 16:00:00,SPXW260923C05000000,0.0,0.0,0,0,0,0.9338,0.9991,0.0,0.0,5000.0,SPXW260923P05000000,0.19,-0.035,0,0,330,0.7645,-0.0008,0.0,834.0
2026-09-23 16:00:00,SPXW260923C05200000,0.0,0.0,0,0,0,0.8582,0.9988,0.0,0.0,5200.0,SPXW260923P05200000,0.15,-0.175,0,0,4,0.7103,-0.001,0.0,167.0
2026-09-23 16:00:00,SPXW260923C05400000,0.0,0.0,0,0,0,0.7847,0.9984,0.0,0.0,5400.0,SPXW260923P05400000,0.47,0.0,0,0,0,0.6592,-0.0014,0.0,117.0
2026-09-23 16:00:00,SPXW260923C05600000,0.0,0.0,0,0,0,0.713,0.9979,0.0,0.0,5600.0,SPXW260923P05600000,0.3,-0.275,0,0,3,0.6091,-0.0019,0.0,257.0
2026-09-23 16:00:00,SPXW260923C05800000,1953.6,0.0,0,0,0,0.643,0.9971,0.0,11.0,5800.0,SPXW260923P05800000,0.85,0.0,0,0,0,0.559,-0.0027,0.0,110.0
2026-09-23 16:00:00,SPXW260923C06000000,0.0,0.0,0,0,0,0.5809,0.996,0.0,0.0,6000.0,SPXW260923P06000000,0.5,-0.55,0,0,10,0.5116,-0.0038,0.0,2430.0
2026-09-23 16:00:00,SPXW260923C06100000,0.0,0.0,0,0,0,0.5482,0.9954,0.0,0.0,6100.0,SPXW260923P06100000,0.0,0.0,0,0,0,0.4878,-0.0045,0.0,0.0
2026-09-23 16:00:00,SPXW260923C06200000,0.0,0.0,0,0,0,0.5155,0.9946,0.0,0.0,6200.0,SPXW260923P06200000,1.05,0.0,0,0,0,0.464,-0.0053,0.0,302.0
2026-09-23 16:00:00,SPXW260923C06300000,0.0,0.0,0,0,0,0.4854,0.9936,0.0,0.0,6300.0,SPXW260923P06300000,0.75,-0.875,0,0,40,0.439,-0.0063,0.0,289.0
2026-09-23 16:00:00,SPXW260923C06400000,0.0,0.0,0,0,0,0.455,0.9924,0.0,0.0,6400.0,SPXW260923P06400000,2.05,0.0,0,0,0,0.4129,-0.0074,0.0,73.0
2026-09-23 16:00:00,SPXW260923C06500000,0.0,0.0,0,0,0,0.4222,0.991,0.0,0.0,6500.0,SPXW260923P06500000,2.25,0.0,0,0,0,0.3877,-0.0088,0.0,273.0
2026-09-23 16:00:00,SPXW260923C06550000,0.0,0.0,0,0,0,0.4077,0.9902,0.0,0.0,6550.0,SPXW260923P06550000,0.0,0.0,0,0,0,0.3746,-0.0097,0.0,0.0
2026-09-23 16:00:00,SPXW260923C06575000,0.0,0.0,0,0,0,0.4004,0.9897,0.0,0.0,6575.0,SPXW260923P06575000,1.7,0.0,0,0,0,0.368,-0.0101,0.0,10.0
2026-09-23 16:00:00,SPXW260923C06600000,0.0,0.0,0,0,0,0.393,0.9893,0.0001,0.0,6600.0,SPXW260923P06600000,1.87,0.0,0,0,0,0.3613,-0.0106,0.0001,79.0
2026-09-23 16:00:00,SPXW260923C06625000,0.0,0.0,0,0,0,0.3839,0.9888,0.0001,0.0,6625.0,SPXW260923P06625000,6.97,0.0,0,0,0,0.3544,-0.0111,0.0001,6.0
2026-09-23 16:00:00,SPXW260923C06650000,0.0,0.0,0,0,0,0.3765,0.9882,0.0001,0.0,6650.0,SPXW260923P06650000,1.35,-1.575,0,0,2,0.3489,-0.0116,0.0001,461.0
2026-09-23 16:00:00,SPXW260923C06675000,0.0,0.0,0,0,0,0.369,0.9877,0.0001,0.0,6675.0,SPXW260923P06675000,2.0,0.0,0,0,0,0.3419,-0.0121,0.0001,20.0
2026-09-23 16:00:00,SPXW260923C06700000,0.0,0.0,0,0,0,0.3615,0.9871,0.0001,0.0,6700.0,SPXW260923P06700000,1.95,-1.25,0,0,42,0.3352,-0.0127,0.0001,126.0
2026-09-23 16:00:00,SPXW260923C06725000,0.0,0.0,0,0,0,0.354,0.9865,0.0001,0.0,6725.0,SPXW260923P06725000,1.97,-1.38,0,0,1,0.329,-0.0134,0.0001,48.0
2026-09-23 16:00:00,SPXW260923C06750000,0.0,0.0,0,0,0,0.3464,0.9858,0.0001,0.0,6750.0,SPXW260923P06750000,3.61,0.0,0,0,0,0.3221,-0.014,0.0001,57.0
2026-09-23 16:00:00,SPXW260923C06775000,0.0,0.0,0,0,0,0.3387,0.9851,0.0001,0.0,6775.0,SPXW260923P06775000,3.8,0.0,0,0,0,0.3157,-0.0148,0.0001,19.0
2026-09-23 16:00:00,SPXW260923C06800000,0.0,0.0,0,0,0,0.3311,0.9843,0.0001,0.0,6800.0,SPXW260923P06800000,1.7,-2.2,0,0,100,0.3096,-0.0155,0.0001,431.0
2026-09-23 16:00:00,SPXW260923C06825000,0.0,0.0,0,0,0,0.3247,0.9835,0.0001,0.0,6825.0,SPXW260923P06825000,1.79,-2.36,0,0,1,0.3032,-0.0163,0.0001,27.0
2026-09-23 16:00:00,SPXW260923C06850000,0.0,0.0,0,0,0,0.3169,0.9826,0.0001,0.0,6850.0,SPXW260923P06850000,1.9,-2.5,0,0,1,0.2966,-0.0172,0.0001,235.0
2026-09-23 16:00:00,SPXW260923C06875000,0.0,0.0,0,0,0,0.309,0.9816,0.0001,0.0,6875.0,SPXW260923P06875000,1.99,-2.66,0,0,1,0.29,-0.0182,0.0001,25.0
2026-09-23 16:00:00,SPXW260923C06900000,0.0,0.0,0,0,0,0.3011,0.9806,0.0001,0.0,6900.0,SPXW260923P06900000,2.7,-2.25,0,0,101,0.2835,-0.0193,0.0001,176.0
2026-09-23 16:00:00,SPXW260923C06925000,0.0,0.0,0,0,0,0.2943,0.9794,0.0001,0.0,6925.0,SPXW260923P06925000,3.1,0.0,0,0,0,0.277,-0.0204,0.0001,26.0
2026-09-23 16:00:00,SPXW260923C06950000,0.0,0.0,0,0,0,0.2862,0.9781,0.0001,0.0,6950.0,SPXW260923P06950000,6.2,0.0,0,0,0,0.2706,-0.0217,0.0001,478.0
2026-09-23 16:00:00,SPXW260923C06975000,0.0,0.0,0,0,0,0.2792,0.9767,0.0001,0.0,6975.0,SPXW260923P06975000,2.56,-3.54,0,0,63,0.2635,-0.0231,0.0001,122.0
2026-09-23 16:00:00,SPXW260923C07000000,0.0,0.0,0,0,0,0.2721,0.9752,0.0002,0.0,7000.0,SPXW260923P07000000,2.57,-3.88,0,0,4,0.2575,-0.0247,0.0002,152.0
2026-09-23 16:00:00,SPXW260923C07025000,0.0,0.0,0,0,0,0.2648,0.9734,0.0002,0.0,7025.0,SPXW260923P07025000,7.0,0.0,0,0,0,0.2513,-0.0264,0.0002,398.0
2026-09-23 16:00:00,SPXW260923C07050000,627.58,68.88,0,0,13,0.2574,0.9715,0.0002,5.0,7050.0,SPXW260923P07050000,3.3,-4.25,0,0,24,0.2449,-0.0284,0.0002,116.0
2026-09-23 16:00:00,SPXW260923C07075000,0.0,0.0,0,0,0,0.2508,0.9693,0.0002,0.0,7075.0,SPXW260923P07075000,3.11,-5.04,0,0,12,0.2383,-0.0306,0.0002,415.0
2026-09-23 16:00:00,SPXW260923C07100000,578.5,68.45,0,0,13,0.2431,0.9668,0.0002,5.0,7100.0,SPXW260923P07100000,3.5,-5.4,0,0,7,0.2325,-0.0331,0.0002,650.0
2026-09-23 16:00:00,SPXW260923C07125000,0.0,0.0,0,0,0,0.2361,0.9639,0.0002,0.0,7125.0,SPXW260923P07125000,3.62,-6.13,0,0,3,0.226,-0.0359,0.0002,200.0
2026-09-23 16:00:00,SPXW260923C07140000,0.0,0.0,0,0,0,0.232,0.962,0.0003,0.0,7140.0,SPXW260923P07140000,0.0,0.0,0,0,0,0.2223,-0.0378,0.0003,0.0
2026-09-23 16:00:00,SPXW260923C07150000,0.0,0.0,0,0,0,0.2296,0.9607,0.0003,0.0,7150.0,SPXW260923P07150000,3.85,-6.8,0,0,15,0.22,-0.0391,0.0003,69.0
2026-09-23 16:00:00,SPXW260923C07160000,0.0,0.0,0,0,0,0.2266,0.9593,0.0003,0.0,7160.0,SPXW260923P07160000,0.0,0.0,0,0,0,0.2176,-0.0406,0.0003,0.0
2026-09-23 16:00:00,SPXW260923C07170000,0.0,0.0,0,0,0,0.2242,0.9578,0.0003,0.0,7170.0,SPXW260923P07170000,0.0,0.0,0,0,0,0.2152,-0.0421,0.0003,0.0
2026-09-23 16:00:00,SPXW260923C07175000,550.78,0.0,0,0,0,0.2229,0.957,0.0003,4.0,7175.0,SPXW260923P07175000,4.2,-7.5,0,0,19,0.2137,-0.0428,0.0003,156.0
2026-09-23 16:00:00,SPXW260923C07180000,0.0,0.0,0,0,0,0.2217,0.9562,0.0003,0.0,7180.0,SPXW260923P07180000,11.31,0.0,0,0,0,0.2127,-0.0437,0.0003,3.0
2026-09-23 16:00:00,SPXW260923C07190000,0.0,0.0,0,0,0,0.2185,0.9545,0.0003,0.0,7190.0,SPXW260923P07190000,4.58,-7.87,0,0,62,0.2105,-0.0454,0.0003,62.0
2026-09-23 16:00:00,SPXW260923C07200000,551.0,0.0,0,0,0,0.2159,0.9527,0.0003,6.0,7200.0,SPXW260923P07200000,5.55,-7.35,0,0,10,0.2083,-0.0471,0.0003,94.0
2026-09-23 16:00:00,SPXW260923C07210000,0.0,0.0,0,0,0,0.2133,0.9508,0.0004,12.0,7210.0,SPXW260923P07210000,5.4,-8.05,0,0,1,0.206,-0.049,0.0004,1.0
2026-09-23 16:00:00,SPXW260923C07220000,0.0,0.0,0,0,0,0.2106,0.9488,0.0004,0.0,7220.0,SPXW260923P07220000,14.7,0.0,0,0,0,0.2036,-0.051,0.0004,1.0
2026-09-23 16:00:00,SPXW260923C07225000,527.84,0.0,0,0,0,0.2093,0.9477,0.0004,6.0,7225.0,SPXW260923P07225000,5.11,-9.14,0,0,3,0.2024,-0.0521,0.0004,37.0
2026-09-23 16:00:00,SPXW260923C07230000,0.0,0.0,0,0,0,0.2085,0.9466,0.0004,0.0,7230.0,SPXW260923P07230000,0.0,0.0,0,0,0,0.2011,-0.0532,0.0004,0.0
2026-09-23 16:00:00,SPXW260923C07240000,0.0,0.0,0,0,0,0.2057,0.9444,0.0004,0.0,7240.0,SPXW260923P07240000,5.6,-9.55,0,0,2,0.1986,-0.0554,0.0004,10.0
2026-09-23 16:00:00,SPXW260923C07250000,0.0,0.0,0,0,0,0.2035,0.942,0.0004,0.0,7250.0,SPXW260923P07250000,5.54,-10.26,0,0,21,0.1967,-0.0579,0.0004,116.0
2026-09-23 16:00:00,SPXW260923C07260000,0.0,0.0,0,0,0,0.2006,0.9394,0.0004,0.0,7260.0,SPXW260923P07260000,6.08,-10.37,0,0,2,0.1946,-0.0604,0.0004,1.0
2026-09-23 16:00:00,SPXW260923C07270000,0.0,0.0,0,0,0,0.1982,0.9367,0.0005,0.0,7270.0,SPXW260923P07270000,18.1,0.0,0,0,0,0.1922,-0.0631,0.0005,1.0
2026-09-23 16:00:00,SPXW260923C07275000,454.12,0.0,0,0,0,0.1972,0.9353,0.0005,4.0,7275.0,SPXW260923P07275000,7.17,-10.38,0,0,3,0.1911,-0.0646,0.0005,213.0
2026-09-23 16:00:00,SPXW260923C07280000,0.0,0.0,0,0,0,0.1957,0.9338,0.0005,0.0,7280.0,SPXW260923P07280000,6.4,-11.55,0,0,9,0.1899,-0.066,0.0005,7.0
2026-09-23 16:00:00,SPXW260923C07290000,325.88,0.0,0,0,0,0.1931,0.9308,0.0005,30.0,7290.0,SPXW260923P07290000,7.4,-11.3,0,0,6,0.1879,-0.0691,0.0005,48.0
2026-09-23 16:00:00,SPXW260923C07295000,0.0,0.0,0,0,0,0.1921,0.9292,0.0005,0.0,7295.0,SPXW260923P07295000,8.1,8.1,0,0,13,0.1867,-0.0707,0.0005,13.0
2026-09-23 16:00:00,SPXW260923C07300000,0.0,0.0,0,0,0,0.191,0.9275,0.0005,0.0,7300.0,SPXW260923P07300000,8.3,-11.25,0,0,50,0.1855,-0.0723,0.0005,828.0
2026-09-23 16:00:00,SPXW260923C07305000,0.0,0.0,0,0,0,0.1899,0.9258,0.0006,0.0,7305.0,SPXW260923P07305000,0.0,0.0,0,0,0,0.1845,-0.074,0.0006,0.0
2026-09-23 16:00:00,SPXW260923C07310000,0.0,0.0,0,0,0,0.1883,0.9241,0.0006,0.0,7310.0,SPXW260923P07310000,17.15,0.0,0,0,0,0.1835,-0.0758,0.0006,89.0
2026-09-23 16:00:00,SPXW260923C07315000,0.0,0.0,0,0,0,0.1871,0.9223,0.0006,0.0,7315.0,SPXW260923P07315000,9.47,9.47,0,0,3,0.1824,-0.0776,0.0006,3.0
2026-09-23 16:00:00,SPXW260923C07320000,0.0,0.0,0,0,0,0.1859,0.9204,0.0006,0.0,7320.0,SPXW260923P07320000,7.55,-13.8,0,0,1,0.1814,-0.0794,0.0006,7.0
2026-09-23 16:00:00,SPXW260923C07325000,0.0,0.0,0,0,0,0.1848,0.9185,0.0006,0.0,7325.0,SPXW260923P07325000,8.65,-13.15,0,0,19,0.1803,-0.0814,0.0006,232.0
2026-09-23 16:00:00,SPXW260923C07330000,0.0,0.0,0,0,0,0.184,0.9165,0.0006,0.0,7330.0,SPXW260923P07330000,9.5,-12.8,0,0,15,0.1792,-0.0833,0.0006,30.0
2026-09-23 16:00:00,SPXW260923C07335000,0.0,0.0,0,0,0,0.1827,0.9145,0.0006,0.0,7335.0,SPXW260923P07335000,0.0,0.0,0,0,0,0.1782,-0.0854,0.0006,0.0
2026-09-23 16:00:00,SPXW260923C07340000,423.61,0.0,0,0,0,0.1814,0.9124,0.0006,1.0,7340.0,SPXW260923P07340000,9.0,-14.3,0,0,5,0.1773,-0.0875,0.0006,54.0
2026-09-23 16:00:00,SPXW260923C07345000,0.0,0.0,0,0,0,0.1802,0.9102,0.0007,0.0,7345.0,SPXW260923P07345000,0.0,0.0,0,0,0,0.1761,-0.0896,0.0007,0.0
2026-09-23 16:00:00,SPXW260923C07350000,0.0,0.0,0,0,0,0.1792,0.908,0.0007,0.0,7350.0,SPXW260923P07350000,9.93,-14.42,0,0,36,0.1749,-0.0919,0.0007,115.0
2026-09-23 16:00:00,SPXW260923C07355000,0.0,0.0,0,0,0,0.1779,0.9057,0.0007,0.0,7355.0,SPXW260923P07355000,25.1,0.0,0,0,0,0.174,-0.0942,0.0007,3.0
2026-09-23 16:00:00,SPXW260923C07360000,0.0,0.0,0,0,0,0.1769,0.9033,0.0007,0.0,7360.0,SPXW260923P07360000,11.42,-14.08,0,0,1,0.173,-0.0965,0.0007,34.0
2026-09-23 16:00:00,SPXW260923C07365000,0.0,0.0,0,0,0,0.1755,0.9008,0.0007,0.0,7365.0,SPXW260923P07365000,10.15,-15.95,0,0,5,0.1718,-0.099,0.0007,5.0
2026-09-23 16:00:00,SPXW260923C07370000,0.0,0.0,0,0,0,0.1745,0.8983,0.0008,0.0,7370.0,SPXW260923P07370000,10.58,-16.12,0,0,2,0.1709,-0.1015,0.0008,32.0
2026-09-23 16:00:00,SPXW260923C07375000,0.0,0.0,0,0,0,0.1734,0.8957,0.0008,0.0,7375.0,SPXW260923P07375000,11.47,-15.83,0,0,50,0.1699,-0.1041,0.0008,357.0
2026-09-23 16:00:00,SPXW260923C07380000,0.0,0.0,0,0,0,0.1723,0.893,0.0008,0.0,7380.0,SPXW260923P07380000,11.4,-16.55,0,0,27,0.1689,-0.1068,0.0008,62.0
2026-09-23 16:00:00,SPXW260923C07385000,0.0,0.0,0,0,0,0.1712,0.8903,0.0008,0.0,7385.0,SPXW260923P07385000,11.8,-16.8,0,0,28,0.1679,-0.1096,0.0008,32.0
2026-09-23 16:00:00,SPXW260923C07390000,237.43,0.0,0,0,0,0.1701,0.8874,0.0008,30.0,7390.0,SPXW260923P07390000,12.3,-17.0,0,0,38,0.1668,-0.1124,0.0008,115.0
2026-09-23 16:00:00,SPXW260923C07395000,0.0,0.0,0,0,0,0.1689,0.8845,0.0008,0.0,7395.0,SPXW260923P07395000,29.61,0.0,0,0,0,0.1659,-0.1153,0.0008,4.0
2026-09-23 16:00:00,SPXW260923C07400000,316.52,0.0,0,0,0,0.168,0.8815,0.0009,10.0,7400.0,SPXW260923P07400000,13.07,-17.58,0,0,132,0.1646,-0.1184,0.0009,335.0
2026-09-23 16:00:00,SPXW260923C07405000,0.0,0.0,0,0,0,0.1667,0.8783,0.0009,0.0,7405.0,SPXW260923P07405000,32.1,0.0,0,0,0,0.1639,-0.1215,0.0009,8.0
2026-09-23 16:00:00,SPXW260923C07410000,0.0,0.0,0,0,0,0.1658,0.8751,0.0009,0.0,7410.0,SPXW260923P07410000,13.3,-18.8,0,0,7,0.1627,-0.1247,0.0009,42.0
2026-09-23 16:00:00,SPXW260923C07415000,0.0,0.0,0,0,0,0.1645,0.8718,0.0009,0.0,7415.0,SPXW260923P07415000,14.75,-18.15,0,0,1,0.1618,-0.128,0.0009,1.0
2026-09-23 16:00:00,SPXW260923C07420000,0.0,0.0,0,0,0,0.1635,0.8684,0.001,0.0,7420.0,SPXW260923P07420000,13.87,-19.73,0,0,4,0.1608,-0.1315,0.001,46.0
2026-09-23 16:00:00,SPXW260923C07425000,0.0,0.0,0,0,0,0.1624,0.8648,0.001,0.0,7425.0,SPXW260923P07425000,12.96,-21.49,0,0,85,0.1597,-0.135,0.001,233.0
2026-09-23 16:00:00,SPXW260923C07430000,0.0,0.0,0,0,0,0.1613,0.8612,0.001,0.0,7430.0,SPXW260923P07430000,13.2,-22.1,0,0,7,0.1588,-0.1386,0.001,33.0
2026-09-23 16:00:00,SPXW260923C07435000,0.0,0.0,0,0,0,0.1601,0.8574,0.001,0.0,7435.0,SPXW260923P07435000,0.0,0.0,0,0,0,0.1577,-0.1424,0.001,0.0
2026-09-23 16:00:00,SPXW260923C07440000,0.0,0.0,0,0,0,0.1593,0.8536,0.001,0.0,7440.0,SPXW260923P07440000,16.2,-20.8,0,0,36,0.1566,-0.1462,0.001,38.0
2026-09-23 16:00:00,SPXW260923C07445000,0.0,0.0,0,0,0,0.158,0.8496,0.0011,0.0,7445.0,SPXW260923P07445000,16.85,-20.95,0,0,6,0.1557,-0.1502,0.0011,6.0
2026-09-23 16:00:00,SPXW260923C07450000,218.75,0.0,0,0,0,0.1571,0.8455,0.0011,2.0,7450.0,SPXW260923P07450000,14.85,-23.85,0,0,97,0.1547,-0.1544,0.0011,566.0
2026-09-23 16:00:00,SPXW260923C07455000,0.0,0.0,0,0,0,0.1558,0.8412,0.0011,0.0,7455.0,SPXW260923P07455000,18.71,-20.99,0,0,4,0.1537,-0.1586,0.0011,4.0
2026-09-23 16:00:00,SPXW260923C07460000,251.63,0.0,0,0,0,0.1547,0.8369,0.0012,1.0,7460.0,SPXW260923P07460000,16.15,-24.45,0,0,11,0.1526,-0.163,0.0012,766.0
2026-09-23 16:00:00,SPXW260923C07465000,0.0,0.0,0,0,0,0.1539,0.8324,0.0012,0.0,7465.0,SPXW260923P07465000,16.35,-23.2,0,0,8,0.1518,-0.1675,0.0012,11.0
2026-09-23 16:00:00,SPXW260923C07470000,0.0,0.0,0,0,0,0.1528,0.8277,0.0012,0.0,7470.0,SPXW260923P07470000,19.4,-23.2,0,0,5,0.1508,-0.1721,0.0012,194.0
2026-09-23 16:00:00,SPXW260923C07475000,197.58,0.0,0,0,0,0.1516,0.8229,0.0012,3.0,7475.0,SPXW260923P07475000,19.6,-24.0,0,0,47,0.1499,-0.1769,0.0012,99.0
2026-09-23 16:00:00,SPXW260923C07480000,0.0,0.0,0,0,0,0.1506,0.818,0.0013,0.0,7480.0,SPXW260923P07480000,18.25,-26.45,0,0,2,0.1488,-0.1818,0.0013,117.0
2026-09-23 16:00:00,SPXW260923C07485000,0.0,0.0,0,0,0,0.1496,0.8129,0.0013,0.0,7485.0,SPXW260923P07485000,44.72,0.0,0,0,0,0.1477,-0.1869,0.0013,2.0
2026-09-23 16:00:00,SPXW260923C07490000,0.0,0.0,0,0,0,0.1486,0.8077,0.0013,0.0,7490.0,SPXW260923P07490000,19.27,-27.58,0,0,30,0.1468,-0.1922,0.0013,36.0
2026-09-23 16:00:00,SPXW260923C07495000,0.0,0.0,0,0,0,0.1474,0.8023,0.0014,0.0,7495.0,SPXW260923P07495000,49.6,0.0,0,0,0,0.1459,-0.1976,0.0014,4.0
2026-09-23 16:00:00,SPXW260923C07500000,198.11,47.01,0,0,60,0.1465,0.7967,0.0014,62.0,7500.0,SPXW260923P07500000,22.59,-26.56,0,0,213,0.1449,-0.2031,0.0014,315.0
2026-09-23 16:00:00,SPXW260923C07505000,0.0,0.0,0,0,0,0.1456,0.791,0.0014,0.0,7505.0,SPXW260923P07505000,0.0,0.0,0,0,0,0.1438,-0.2089,0.0014,0.0
2026-09-23 16:00:00,SPXW260923C07510000,0.0,0.0,0,0,0,0.1445,0.7851,0.0015,0.0,7510.0,SPXW260923P07510000,24.03,-27.57,0,0,19,0.1429,-0.2148,0.0015,181.0
2026-09-23 16:00:00,SPXW260923C07515000,0.0,0.0,0,0,0,0.1435,0.779,0.0015,0.0,7515.0,SPXW260923P07515000,24.6,-28.2,0,0,6,0.142,-0.2208,0.0015,27.0
2026-09-23 16:00:00,SPXW260923C07520000,201.12,0.0,0,0,0,0.1423,0.7727,0.0015,1.0,7520.0,SPXW260923P07520000,24.85,-29.25,0,0,4,0.141,-0.2271,0.0015,21.0
2026-09-23 16:00:00,SPXW260923C07525000,170.45,0.0,0,0,0,0.1414,0.7663,0.0016,4.0,7525.0,SPXW260923P07525000,30.19,-25.26,0,0,99,0.14,-0.2335,0.0016,243.0
2026-09-23 16:00:00,SPXW260923C07530000,195.27,0.0,0,0,0,0.1403,0.7597,0.0016,13.0,7530.0,SPXW260923P07530000,27.62,-29.18,0,0,4,0.1391,-0.2402,0.0016,48.0
2026-09-23 16:00:00,SPXW260923C07535000,0.0,0.0,0,0,0,0.1393,0.7528,0.0016,0.0,7535.0,SPXW260923P07535000,27.2,-31.0,0,0,15,0.1381,-0.247,0.0016,25.0
2026-09-23 16:00:00,SPXW260923C07540000,177.78,0.0,0,0,0,0.1383,0.7458,0.0017,1.0,7540.0,SPXW260923P07540000,28.2,-31.4,0,0,15,0.137,-0.254,0.0017,466.0
2026-09-23 16:00:00,SPXW260923C07545000,236.78,0.0,0,0,0,0.1374,0.7386,0.0017,1.0,7545.0,SPXW260923P07545000,29.73,-31.37,0,0,2,0.1361,-0.2612,0.0017,21.0
2026-09-23 16:00:00,SPXW260923C07550000,172.56,0.0,0,0,0,0.1363,0.7312,0.0018,6.0,7550.0,SPXW260923P07550000,30.54,-32.06,0,0,110,0.1352,-0.2686,0.0018,698.0
2026-09-23 16:00:00,SPXW260923C07555000,0.0,0.0,0,0,0,0.1352,0.7236,0.0018,0.0,7555.0,SPXW260923P07555000,31.25,-32.9,0,0,27,0.1342,-0.2763,0.0018,68.0
2026-09-23 16:00:00,SPXW260923C07560000,140.25,32.45,0,0,2,0.1342,0.7157,0.0018,19.0,7560.0,SPXW260923P07560000,32.53,-33.17,0,0,42,0.1332,-0.2841,0.0018,418.0
2026-09-23 16:00:00,SPXW260923C07565000,105.1,0.0,0,0,0,0.1334,0.7077,0.0019,12.0,7565.0,SPXW260923P07565000,35.8,-31.55,0,0,7,0.1322,-0.2922,0.0019,32.0
2026-09-23 16:00:00,SPXW260923C07570000,101.34,0.0,0,0,0,0.1323,0.6994,0.0019,7.0,7570.0,SPXW260923P07570000,34.5,-34.5,0,0,28,0.1314,-0.3004,0.0019,116.0
2026-09-23 16:00:00,SPXW260923C07575000,134.86,37.06,0,0,60,0.1305,0.6909,0.002,68.0,7575.0,SPXW260923P07575000,35.2,-35.55,0,0,71,0.1304,-0.3089,0.002,205.0
2026-09-23 16:00:00,SPXW260923C07580000,119.57,24.97,0,0,5,0.1296,0.6822,0.002,17.0,7580.0,SPXW260923P07580000,36.72,-35.78,0,0,2,0.1294,-0.3176,0.002,60.0
2026-09-23 16:00:00,SPXW260923C07585000,124.23,0.0,0,0,0,0.1285,0.6732,0.002,13.0,7585.0,SPXW260923P07585000,37.87,-36.38,0,0,23,0.1285,-0.3266,0.002,50.0
2026-09-23 16:00:00,SPXW260923C07590000,91.48,0.0,0,0,0,0.1276,0.6641,0.0021,34.0,7590.0,SPXW260923P07590000,37.12,-39.03,0,0,4,0.1275,-0.3358,0.0021,75.0
2026-09-23 16:00:00,SPXW260923C07595000,81.9,0.0,0,0,0,0.1266,0.6547,0.0021,16.0,7595.0,SPXW260923P07595000,38.37,-39.68,0,0,29,0.1264,-0.3452,0.0021,44.0
2026-09-23 16:00:00,SPXW260923C07600000,107.57,25.47,0,0,12,0.1256,0.645,0.0021,52.0,7600.0,SPXW260923P07600000,41.74,-38.21,0,0,194,0.1255,-0.3548,0.0021,372.0
2026-09-23 16:00:00,SPXW260923C07605000,77.4,0.0,0,0,0,0.1247,0.6352,0.0022,20.0,7605.0,SPXW260923P07605000,41.91,-40.04,0,0,3,0.1246,-0.3647,0.0022,16.0
2026-09-23 16:00:00,SPXW260923C07610000,106.0,29.85,0,0,13,0.1238,0.625,0.0022,44.0,7610.0,SPXW260923P07610000,43.99,-40.01,0,0,138,0.1236,-0.3748,0.0022,114.0
2026-09-23 16:00:00,SPXW260923C07615000,97.93,24.63,0,0,2,0.1228,0.6147,0.0022,2.0,7615.0,SPXW260923P07615000,43.9,-42.2,0,0,90,0.1227,-0.3851,0.0022,141.0
2026-09-23 16:00:00,SPXW260923C07620000,94.7,24.3,0,0,6,0.1218,0.6041,0.0023,21.0,7620.0,SPXW260923P07620000,46.3,-42.0,0,0,2,0.1217,-0.3957,0.0023,68.0
2026-09-23 16:00:00,SPXW260923C07625000,86.4,18.75,0,0,18,0.121,0.5933,0.0023,30.0,7625.0,SPXW260923P07625000,49.03,-41.42,0,0,356,0.1208,-0.4065,0.0023,515.0
2026-09-23 16:00:00,SPXW260923C07630000,86.26,21.31,0,0,6,0.12,0.5823,0.0023,91.0,7630.0,SPXW260923P07630000,47.78,-44.97,0,0,89,0.1199,-0.4176,0.0023,253.0
2026-09-23 16:00:00,SPXW260923C07635000,84.1,21.85,0,0,10,0.119,0.571,0.0024,16.0,7635.0,SPXW260923P07635000,49.81,-45.24,0,0,28,0.119,-0.4288,0.0024,47.0
2026-09-23 16:00:00,SPXW260923C07640000,81.3,21.65,0,0,7,0.1181,0.5595,0.0024,50.0,7640.0,SPXW260923P07640000,52.4,-45.0,0,0,13,0.118,-0.4404,0.0024,303.0
2026-09-23 16:00:00,SPXW260923C07645000,81.14,24.09,0,0,5,0.1172,0.5477,0.0024,62.0,7645.0,SPXW260923P07645000,50.97,-48.93,0,0,12,0.1171,-0.4521,0.0024,18.0
2026-09-23 16:00:00,SPXW260923C07650000,74.42,19.87,0,0,26,0.1163,0.5358,0.0025,156.0,7650.0,SPXW260923P07650000,56.11,-46.24,0,0,24,0.1162,-0.464,0.0025,369.0
2026-09-23 16:00:00,SPXW260923C07655000,79.6,27.45,0,0,11,0.1154,0.5236,0.0025,25.0,7655.0,SPXW260923P07655000,61.3,-43.6,0,0,64,0.1152,-0.4762,0.0025,108.0
2026-09-23 16:00:00,SPXW260923C07660000,69.0,19.25,0,0,101,0.1145,0.5112,0.0025,64.0,7660.0,SPXW260923P07660000,58.85,-48.7,0,0,204,0.1144,-0.4886,0.0025,96.0
2026-09-23 16:00:00,SPXW260923C07665000,65.37,17.97,0,0,19,0.1136,0.4987,0.0025,42.0,7665.0,SPXW260923P07665000,60.83,-49.37,0,0,22,0.1133,-0.5011,0.0025,65.0
2026-09-23 16:00:00,SPXW260923C07670000,62.12,16.97,0,0,39,0.1128,0.4859,0.0026,70.0,7670.0,SPXW260923P07670000,60.63,-52.22,0,0,109,0.1125,-0.5139,0.0026,120.0
2026-09-23 16:00:00,SPXW260923C07675000,60.0,17.0,0,0,7,0.1119,0.473,0.0026,52.0,7675.0,SPXW260923P07675000,67.2,-48.55,0,0,3,0.1118,-0.5268,0.0026,206.0
2026-09-23 16:00:00,SPXW260923C07680000,53.0,12.15,0,0,23,0.111,0.4599,0.0026,48.0,7680.0,SPXW260923P07680000,69.4,-49.2,0,0,30,0.1109,-0.5399,0.0026,73.0
2026-09-23 16:00:00,SPXW260923C07685000,52.6,13.8,0,0,7,0.1102,0.4467,0.0026,40.0,7685.0,SPXW260923P07685000,71.8,-49.7,0,0,13,0.11,-0.5531,0.0026,33.0
2026-09-23 16:00:00,SPXW260923C07690000,49.8,13.05,0,0,16,0.1094,0.4333,0.0026,37.0,7690.0,SPXW260923P07690000,69.0,-55.5,0,0,59,0.1093,-0.5665,0.0026,87.0
2026-09-23 16:00:00,SPXW260923C07695000,46.84,11.94,0,0,4,0.1085,0.4199,0.0026,45.0,7695.0,SPXW260923P07695000,76.5,-51.0,0,0,8,0.1084,-0.58,0.0026,12.0
2026-09-23 16:00:00,SPXW260923C07700000,45.3,12.35,0,0,55,0.1077,0.4063,0.0026,125.0,7700.0,SPXW260923P07700000,71.45,-59.35,0,0,42,0.1076,-0.5935,0.0026,74.0
2026-09-23 16:00:00,SPXW260923C07705000,43.2,12.0,0,0,7,0.1069,0.3927,0.0026,25.0,7705.0,SPXW260923P07705000,95.47,0.0,0,0,0,0.1068,-0.6071,0.0026,8.0
2026-09-23 16:00:00,SPXW260923C07710000,40.98,11.53,0,0,21,0.1061,0.3791,0.0026,95.0,7710.0,SPXW260923P07710000,81.27,-56.03,0,0,4,0.1061,-0.6208,0.0026,24.0
2026-09-23 16:00:00,SPXW260923C07715000,37.27,9.47,0,0,3,0.1054,0.3654,0.0026,36.0,7715.0,SPXW260923P07715000,91.4,-49.05,0,0,7,0.1052,-0.6344,0.0026,16.0
2026-09-23 16:00:00,SPXW260923C07720000,35.68,9.48,0,0,23,0.1046,0.3518,0.0026,86.0,7720.0,SPXW260923P07720000,85.8,-58.15,0,0,5,0.1047,-0.6481,0.0026,30.0
2026-09-23 16:00:00,SPXW260923C07725000,33.0,8.4,0,0,121,0.1039,0.3381,0.0025,126.0,7725.0,SPXW260923P07725000,88.6,-58.8,0,0,1,0.1038,-0.6617,0.0025,22.0
2026-09-23 16:00:00,SPXW260923C07730000,32.07,8.92,0,0,17,0.1032,0.3246,0.0025,55.0,7730.0,SPXW260923P07730000,92.44,-58.51,0,0,2,0.103,-0.6753,0.0025,176.0
2026-09-23 16:00:00,SPXW260923C07735000,28.56,6.86,0,0,8,0.1024,0.3111,0.0025,15.0,7735.0,SPXW260923P07735000,94.5,-60.15,0,0,2,0.1023,-0.6887,0.0025,4.0
2026-09-23 16:00:00,SPXW260923C07740000,26.84,6.44,0,0,38,0.1018,0.2977,0.0024,53.0,7740.0,SPXW260923P07740000,104.08,-53.97,0,0,30,0.0994,-0.7021,0.0024,42.0
2026-09-23 16:00:00,SPXW260923C07745000,25.6,6.5,0,0,11,0.1012,0.2845,0.0024,22.0,7745.0,SPXW260923P07745000,0.0,0.0,0,0,0,0.0986,-0.7153,0.0024,0.0
2026-09-23 16:00:00,SPXW260923C07750000,24.35,6.55,0,0,11,0.1004,0.2715,0.0024,108.0,7750.0,SPXW260923P07750000,105.86,-59.84,0,0,5,0.0978,-0.7284,0.0024,116.0
2026-09-23 16:00:00,SPXW260923C07755000,23.23,6.58,0,0,4,0.0999,0.2586,0.0023,7.0,7755.0,SPXW260923P07755000,0.0,0.0,0,0,0,0.097,-0.7413,0.0023,0.0
2026-09-23 16:00:00,SPXW260923C07760000,21.67,6.17,0,0,7,0.0993,0.2459,0.0023,64.0,7760.0,SPXW260923P07760000,109.68,0.0,0,0,0,0.0963,-0.7539,0.0023,17.0
2026-09-23 16:00:00,SPXW260923C07765000,19.5,5.05,0,0,139,0.0987,0.2335,0.0022,150.0,7765.0,SPXW260923P07765000,88.0,0.0,0,0,0,0.0957,-0.7664,0.0022,1.0
2026-09-23 16:00:00,SPXW260923C07770000,17.17,3.72,0,0,276,0.0981,0.2213,0.0022,273.0,7770.0,SPXW260923P07770000,180.01,0.0,0,0,0,0.0949,-0.7785,0.0022,3.0
2026-09-23 16:00:00,SPXW260923C07775000,15.91,3.46,0,0,166,0.0976,0.2094,0.0021,679.0,7775.0,SPXW260923P07775000,114.59,-70.86,0,0,10,0.0944,-0.7904,0.0021,17.0
2026-09-23 16:00:00,SPXW260923C07780000,15.88,4.28,0,0,25,0.0971,0.1978,0.0021,96.0,7780.0,SPXW260923P07780000,96.47,0.0,0,0,0,0.0935,-0.8021,0.0021,1.0
2026-09-23 16:00:00,SPXW260923C07785000,14.1,3.35,0,0,41,0.0963,0.1865,0.002,105.0,7785.0,SPXW260923P07785000,99.12,0.0,0,0,0,0.0929,-0.8134,0.002,1.0
2026-09-23 16:00:00,SPXW260923C07790000,13.1,3.15,0,0,42,0.096,0.1755,0.0019,1661.0,7790.0,SPXW260923P07790000,125.0,0.0,0,0,0,0.0922,-0.8243,0.0019,3.0
2026-09-23 16:00:00,SPXW260923C07795000,16.6,7.4,0,0,10,0.0955,0.1649,0.0019,41.0,7795.0,SPXW260923P07795000,0.0,0.0,0,0,0,0.0915,-0.8349,0.0019,0.0
2026-09-23 16:00:00,SPXW260923C07800000,10.13,1.58,0,0,278,0.095,0.1546,0.0018,412.0,7800.0,SPXW260923P07800000,133.59,-72.66,0,0,61,0.091,-0.8452,0.0018,48.0
2026-09-23 16:00:00,SPXW260923C07805000,9.2,1.35,0,0,21,0.0946,0.1448,0.0017,22.0,7805.0,SPXW260923P07805000,160.46,0.0,0,0,0,0.0902,-0.855,0.0017,2.0
2026-09-23 16:00:00,SPXW260923C07810000,9.1,1.85,0,0,30,0.0942,0.1353,0.0017,81.0,7810.0,SPXW260923P07810000,102.0,0.0,0,0,0,0.0896,-0.8645,0.0017,4.0
2026-09-23 16:00:00,SPXW260923C07815000,8.0,1.35,0,0,6,0.0937,0.1262,0.0016,10.0,7815.0,SPXW260923P07815000,175.55,0.0,0,0,0,0.0888,-0.8736,0.0016,3.0
2026-09-23 16:00:00,SPXW260923C07820000,6.95,0.8,0,0,63,0.0933,0.1176,0.0015,102.0,7820.0,SPXW260923P07820000,149.82,-75.53,0,0,1,0.0882,-0.8822,0.0015,6.0
2026-09-23 16:00:00,SPXW260923C07825000,6.41,0.76,0,0,8,0.093,0.1094,0.0014,98.0,7825.0,SPXW260923P07825000,183.8,0.0,0,0,0,0.0877,-0.8905,0.0014,4.0
2026-09-23 16:00:00,SPXW260923C07830000,6.56,1.41,0,0,3,0.0926,0.1016,0.0014,37.0,7830.0,SPXW260923P07830000,147.46,0.0,0,0,0,0.087,-0.8983,0.0014,10.0
2026-09-23 16:00:00,SPXW260923C07840000,4.75,0.4,0,0,48,0.0919,0.0872,0.0012,123.0,7840.0,SPXW260923P07840000,0.0,0.0,0,0,0,0.0854,-0.9126,0.0012,0.0
2026-09-23 16:00:00,SPXW260923C07850000,4.2,0.5,0,0,109,0.0913,0.0746,0.0011,2879.0,7850.0,SPXW260923P07850000,160.4,0.0,0,0,0,0.0838,-0.9252,0.0011,10.0
2026-09-23 16:00:00,SPXW260923C07860000,3.5,0.4,0,0,125,0.0911,0.0636,0.001,132.0,7860.0,SPXW260923P07860000,0.0,0.0,0,0,0,0.0825,-0.9362,0.001,0.0
2026-09-23 16:00:00,SPXW260923C07870000,2.95,0.35,0,0,47,0.091,0.0542,0.0009,383.0,7870.0,SPXW260923P07870000,0.0,0.0,0,0,0,0.0808,-0.9456,0.0009,0.0
2026-09-23 16:00:00,SPXW260923C07875000,2.43,0.055,0,0,39,0.091,0.05,0.0008,142.0,7875.0,SPXW260923P07875000,216.09,0.0,0,0,0,0.0794,-0.9498,0.0008,3.0
2026-09-23 16:00:00,SPXW260923C07880000,2.36,0.185,0,0,27,0.0908,0.0462,0.0008,65.0,7880.0,SPXW260923P07880000,250.51,0.0,0,0,0,0.0786,-0.9536,0.0008,1.0
2026-09-23 16:00:00,SPXW260923C07890000,2.9,1.075,0,0,2,0.0911,0.0395,0.0007,86.0,7890.0,SPXW260923P07890000,0.0,0.0,0,0,0,0.076,-0.9604,0.0007,0.0
2026-09-23 16:00:00,SPXW260923C07900000,1.65,0.1,0,0,506,0.0913,0.0339,0.0006,781.0,7900.0,SPXW260923P07900000,0.0,0.0,0,0,0,0.0697,-0.9659,0.0006,0.0
2026-09-23 16:00:00,SPXW260923C07910000,2.12,0.795,0,0,2,0.0918,0.0293,0.0005,93.0,7910.0,SPXW260923P07910000,0.0,0.0,0,0,0,0.0622,-0.9706,0.0005,0.0
2026-09-23 16:00:00,SPXW260923C07920000,1.82,0.695,0,0,3,0.0921,0.0254,0.0005,7.0,7920.0,SPXW260923P07920000,0.0,0.0,0,0,0,0.0,-0.9744,0.0005,0.0
2026-09-23 16:00:00,SPXW260923C07925000,1.12,0.07,0,0,329,0.0923,0.0238,0.0004,676.0,7925.0,SPXW260923P07925000,255.79,0.0,0,0,0,0.0,-0.976,0.0004,3.0
2026-09-23 16:00:00,SPXW260923C07930000,1.25,0.275,0,0,52,0.093,0.0223,0.0004,47.0,7930.0,SPXW260923P07930000,0.0,0.0,0,0,0,0.0,-0.9775,0.0004,0.0
2026-09-23 16:00:00,SPXW260923C07950000,1.04,0.29,0,0,16,0.0947,0.0175,0.0003,288.0,7950.0,SPXW260923P07950000,0.0,0.0,0,0,0,0.0,-0.9823,0.0003,0.0
2026-09-23 16:00:00,SPXW260923C07975000,0.65,0.075,0,0,10,0.0986,0.0136,0.0002,266.0,7975.0,SPXW260923P07975000,0.0,0.0,0,0,0,0.0,-0.9863,0.0002,0.0
2026-09-23 16:00:00,SPXW260923C08000000,0.47,-0.005,0,0,46,0.1028,0.0109,0.0002,125.0,8000.0,SPXW260923P08000000,0.0,0.0,0,0,0,0.0,-0.989,0.0002,0.0
2026-09-23 16:00:00,SPXW260923C08025000,0.52,0.145,0,0,10,0.1071,0.009,0.0002,146.0,8025.0,SPXW260923P08025000,0.0,0.0,0,0,0,0.0,-0.9908,0.0002,0.0
2026-09-23 16:00:00,SPXW260923C08050000,0.33,0.005,0,0,13,0.1108,0.0076,0.0001,218.0,8050.0,SPXW260923P08050000,0.0,0.0,0,0,0,0.0,-0.9922,0.0001,0.0
2026-09-23 16:00:00,SPXW260923C08075000,0.42,0.145,0,0,2,0.116,0.0066,0.0001,96.0,8075.0,SPXW260923P08075000,0.0,0.0,0,0,0,0.0,-0.9932,0.0001,0.0
2026-09-23 16:00:00,SPXW260923C08100000,0.38,0.105,0,0,23,0.1209,0.0058,0.0001,65.0,8100.0,SPXW260923P08100000,0.0,0.0,0,0,0,0.0,-0.994,0.0001,0.0
2026-09-23 16:00:00,SPXW260923C08125000,0.35,0.125,0,0,27,0.1244,0.0052,0.0001,76.0,8125.0,SPXW260923P08125000,0.0,0.0,0,0,0,0.0,-0.9947,0.0001,0.0
2026-09-23 16:00:00,SPXW260923C08150000,0.25,0.025,0,0,2,0.1302,0.0046,0.0001,3.0,8150.0,SPXW260923P08150000,453.2,0.0,0,0,0,0.0,-0.9952,0.0001,2.0
2026-09-23 16:00:00,SPXW260923C08175000,0.6,0.0,0,0,0,0.1345,0.0042,0.0001,5.0,8175.0,SPXW260923P08175000,0.0,0.0,0,0,0,0.0,-0.9957,0.0001,0.0
2026-09-23 16:00:00,SPXW260923C08200000,0.47,0.0,0,0,0,0.1385,0.0038,0.0001,30.0,8200.0,SPXW260923P08200000,501.65,0.0,0,0,0,0.0,-0.996,0.0001,2.0
2026-09-23 16:00:00,SPXW260923C08225000,1.32,0.0,0,0,0,0.144,0.0034,0.0,1.0,8225.0,SPXW260923P08225000,0.0,0.0,0,0,0,0.0,-0.9964,0.0,0.0
2026-09-23 16:00:00,SPXW260923C08250000,0.67,0.0,0,0,0,0.1476,0.0032,0.0,2.0,8250.0,SPXW260923P08250000,0.0,0.0,0,0,0,0.0,-0.9967,0.0,0.0
2026-09-23 16:00:00,SPXW260923C08275000,0.0,0.0,0,0,0,0.1531,0.0029,0.0,0.0,8275.0,SPXW260923P08275000,0.0,0.0,0,0,0,0.0,-0.9969,0.0,0.0
2026-09-23 16:00:00,SPXW260923C08300000,0.5,0.0,0,0,0,0.1562,0.0027,0.0,5.0,8300.0,SPXW260923P08300000,0.0,0.0,0,0,0,0.0,-0.9972,0.0,0.0
2026-09-23 16:00:00,SPXW260923C08400000,0.22,0.0,0,0,0,0.1772,0.002,0.0,24.0,8400.0,SPXW260923P08400000,0.0,0.0,0,0,0,0.0,-0.9979,0.0,0.0
2026-09-23 16:00:00,SPXW260923C08500000,0.45,0.0,0,0,0,0.191,0.0015,0.0,25.0,8500.0,SPXW260923P08500000,0.0,0.0,0,0,0,0.0,-0.9984,0.0,0.0
2026-09-23 16:00:00,SPXW260923C08600000,0.12,0.0,0,0,0,0.2105,0.0011,0.0,13.0,8600.0,SPXW260923P08600000,0.0,0.0,0,0,0,0.0,-0.9987,0.0,0.0
2026-09-23 16:00:00,SPXW260923C08800000,0.2,0.0,0,0,0,0.2428,0.0007,0.0,2.0,8800.0,SPXW260923P08800000,0.0,0.0,0,0,0,0.0,-0.9991,0.0,0.0
2026-09-23 16:00:00,SPXW260923C09000000,0.15,0.0,0,0,0,0.2788,0.0005,0.0,1.0,9000.0,SPXW260923P09000000,0.0,0.0,0,0,0,0.0,-0.9994,0.0,0.0
2026-09-23 16:00:00,SPXW260923C09200000,0.05,0.0,0,0,0,0.3136,0.0003,0.0,4.0,9200.0,SPXW260923P09200000,0.0,0.0,0,0,0,0.0,-0.9995,0.0,0.0
2026-09-23 16:00:00,SPXW260923C09400000,0.0,0.0,0,0,0,0.3473,0.0002,0.0,0.0,9400.0,SPXW260923P09400000,0.0,0.0,0,0,0,0.0,-0.9996,0.0,0.0
2026-09-23 16:00:00,SPXW260923C09600000,0.0,0.0,0,0,0,0.3692,0.0001,0.0,0.0,9600.0,SPXW260923P09600000,0.0,0.0,0,0,0,0.0,-0.9997,0.0,0.0
2026-09-23 16:00:00,SPXW260923C09800000,0.0,0.0,0,0,0,0.3824,0.0001,0.0,0.0,9800.0,SPXW260923P09800000,0.0,0.0,0,0,0,0.0,-0.9997,0.0,0.0
2026-09-23 16:00:00,SPXW260923C10000000,0.0,0.0,0,0,0,0.4115,0.0001,0.0,0.0,10000.0,SPXW260923P10000000,0.0,0.0,0,0,0,0.0,-0.9998,0.0,0.0
2026-09-24 16:00:00,SPXW260924C03200000,0.0,0.0,0,0,0,1.7283,0.9996,0.0,0.0,3200.0,SPXW260924P03200000,0.1,0.0,0,0,0,1.2496,-0.0002,0.0,1.0
2026-09-24 16:00:00,SPXW260924C03400000,0.0,0.0,0,0,0,1.618,0.9996,0.0,0.0,3400.0,SPXW260924P03400000,0.05,0.0,0,0,0,1.2162,-0.0002,0.0,2.0
2026-09-24 16:00:00,SPXW260924C03600000,0.0,0.0,0,0,0,1.5049,0.9996,0.0,0.0,3600.0,SPXW260924P03600000,0.05,0.0,0,0,0,1.1643,-0.0002,0.0,0.0
2026-09-24 16:00:00,SPXW260924C03800000,0.0,0.0,0,0,0,1.4066,0.9996,0.0,0.0,3800.0,SPXW260924P03800000,0.0,0.0,0,0,0,1.0844,-0.0003,0.0,0.0
2026-09-24 16:00:00,SPXW260924C04000000,0.0,0.0,0,0,0,1.3131,0.9995,0.0,0.0,4000.0,SPXW260924P04000000,0.05,0.0,0,0,0,1.0084,-0.0003,0.0,6.0
2026-09-24 16:00:00,SPXW260924C04200000,0.0,0.0,0,0,0,1.2237,0.9995,0.0,0.0,4200.0,SPXW260924P04200000,0.22,0.0,0,0,0,0.955,-0.0004,0.0,20.0
2026-09-24 16:00:00,SPXW260924C04400000,0.0,0.0,0,0,0,1.1312,0.9994,0.0,0.0,4400.0,SPXW260924P04400000,0.1,0.0,0,0,0,0.8846,-0.0004,0.0,60.0
2026-09-24 16:00:00,SPXW260924C04600000,0.0,0.0,0,0,0,1.0495,0.9993,0.0,0.0,4600.0,SPXW260924P04600000,0.1,-0.05,0,0,2,0.842,-0.0005,0.0,3.0
2026-09-24 16:00:00,SPXW260924C04800000,0.0,0.0,0,0,0,0.9708,0.9992,0.0,0.0,4800.0,SPXW260924P04800000,0.25,0.0,0,0,0,0.793,-0.0007,0.0,20.0
2026-09-24 16:00:00,SPXW260924C05000000,0.0,0.0,0,0,0,0.8947,0.999,0.0,0.0,5000.0,SPXW260924P05000000,0.15,-0.125,0,0,1,0.7411,-0.0009,0.0,9.0
2026-09-24 16:00:00,SPXW260924C05200000,0.0,0.0,0,0,0,0.826,0.9987,0.0,0.0,5200.0,SPXW260924P05200000,0.2,-0.175,0,0,2,0.6924,-0.0012,0.0,1010.0
2026-09-24 16:00:00,SPXW260924C05400000,0.0,0.0,0,0,0,0.7542,0.9982,0.0,0.0,5400.0,SPXW260924P05400000,0.35,0.0,0,0,0,0.6411,-0.0016,0.0,172.0
2026-09-24 16:00:00,SPXW260924C05600000,0.0,0.0,0,0,0,0.6844,0.9976,0.0,0.0,5600.0,SPXW260924P05600000,0.35,-0.325,0,0,2,0.5913,-0.0022,0.0,290.0
2026-09-24 16:00:00,SPXW260924C05800000,0.0,0.0,0,0,0,0.6233,0.9968,0.0,0.0,5800.0,SPXW260924P05800000,0.45,-0.475,0,0,11,0.5478,-0.0031,0.0,113.0
2026-09-24 16:00:00,SPXW260924C06000000,0.0,0.0,0,0,0,0.5592,0.9955,0.0,0.0,6000.0,SPXW260924P06000000,0.85,-0.375,0,0,205,0.501,-0.0043,0.0,1491.0
2026-09-24 16:00:00,SPXW260924C06100000,0.0,0.0,0,0,0,0.53,0.9948,0.0,0.0,6100.0,SPXW260924P06100000,0.99,0.99,0,0,41,0.4768,-0.005,0.0,41.0
2026-09-24 16:00:00,SPXW260924C06200000,0.0,0.0,0,0,0,0.5006,0.9939,0.0,0.0,6200.0,SPXW260924P06200000,0.75,-0.875,0,0,150,0.4528,-0.006,0.0,729.0
2026-09-24 16:00:00,SPXW260924C06300000,0.0,0.0,0,0,0,0.471,0.9928,0.0,0.0,6300.0,SPXW260924P06300000,0.85,-1.025,0,0,150,0.4288,-0.007,0.0,412.0
2026-09-24 16:00:00,SPXW260924C06400000,0.0,0.0,0,0,0,0.439,0.9915,0.0,0.0,6400.0,SPXW260924P06400000,1.4,-0.775,0,0,108,0.4037,-0.0083,0.0,254.0
2026-09-24 16:00:00,SPXW260924C06500000,0.0,0.0,0,0,0,0.4108,0.9899,0.0,0.0,6500.0,SPXW260924P06500000,1.65,-0.925,0,0,5,0.3785,-0.0099,0.0,1065.0
2026-09-24 16:00:00,SPXW260924C06550000,0.0,0.0,0,0,0,0.3948,0.989,0.0,0.0,6550.0,SPXW260924P06550000,0.0,0.0,0,0,0,0.3667,-0.0108,0.0,0.0
2026-09-24 16:00:00,SPXW260924C06575000,0.0,0.0,0,0,0,0.3876,0.9885,0.0001,0.0,6575.0,SPXW260924P06575000,0.0,0.0,0,0,0,0.3601,-0.0113,0.0001,1.0
2026-09-24 16:00:00,SPXW260924C06600000,0.0,0.0,0,0,0,0.3804,0.988,0.0001,0.0,6600.0,SPXW260924P06600000,1.88,-1.195,0,0,36,0.3534,-0.0118,0.0001,1044.0
2026-09-24 16:00:00,SPXW260924C06625000,0.0,0.0,0,0,0,0.3732,0.9875,0.0001,0.0,6625.0,SPXW260924P06625000,1.95,-1.25,0,0,16,0.3479,-0.0124,0.0001,17.0
2026-09-24 16:00:00,SPXW260924C06650000,0.0,0.0,0,0,0,0.3659,0.9869,0.0001,0.0,6650.0,SPXW260924P06650000,2.25,0.0,0,0,0,0.3411,-0.013,0.0001,414.0
2026-09-24 16:00:00,SPXW260924C06675000,0.0,0.0,0,0,0,0.3586,0.9863,0.0001,0.0,6675.0,SPXW260924P06675000,2.1,-1.4,0,0,8,0.3353,-0.0136,0.0001,620.0
2026-09-24 16:00:00,SPXW260924C06700000,0.0,0.0,0,0,0,0.3512,0.9856,0.0001,0.0,6700.0,SPXW260924P06700000,1.7,-2.0,0,0,22,0.3283,-0.0142,0.0001,107.0
2026-09-24 16:00:00,SPXW260924C06725000,0.0,0.0,0,0,0,0.3438,0.9849,0.0001,0.0,6725.0,SPXW260924P06725000,3.99,0.0,0,0,0,0.3223,-0.0149,0.0001,52.0
2026-09-24 16:00:00,SPXW260924C06750000,0.0,0.0,0,0,0,0.3377,0.9842,0.0001,0.0,6750.0,SPXW260924P06750000,4.2,0.0,0,0,0,0.3162,-0.0157,0.0001,203.0
2026-09-24 16:00:00,SPXW260924C06775000,0.0,0.0,0,0,0,0.3302,0.9834,0.0001,0.0,6775.0,SPXW260924P06775000,2.35,-1.95,0,0,23,0.3099,-0.0165,0.0001,29.0
2026-09-24 16:00:00,SPXW260924C06800000,0.0,0.0,0,0,0,0.3226,0.9825,0.0001,0.0,6800.0,SPXW260924P06800000,2.05,-2.45,0,0,1,0.3036,-0.0173,0.0001,62.0
2026-09-24 16:00:00,SPXW260924C06825000,0.0,0.0,0,0,0,0.315,0.9816,0.0001,0.0,6825.0,SPXW260924P06825000,2.6,-2.15,0,0,4,0.2971,-0.0183,0.0001,675.0
2026-09-24 16:00:00,SPXW260924C06850000,0.0,0.0,0,0,0,0.3086,0.9806,0.0001,0.0,6850.0,SPXW260924P06850000,2.25,-2.8,0,0,1,0.2914,-0.0193,0.0001,308.0
2026-09-24 16:00:00,SPXW260924C06875000,784.89,0.0,0,0,0,0.3009,0.9795,0.0001,2.0,6875.0,SPXW260924P06875000,5.5,0.0,0,0,0,0.285,-0.0204,0.0001,49.0
2026-09-24 16:00:00,SPXW260924C06900000,0.0,0.0,0,0,0,0.2942,0.9783,0.0001,0.0,6900.0,SPXW260924P06900000,2.43,-3.27,0,0,1,0.2779,-0.0216,0.0001,248.0
2026-09-24 16:00:00,SPXW260924C06925000,0.0,0.0,0,0,0,0.2875,0.977,0.0001,0.0,6925.0,SPXW260924P06925000,3.15,-2.9,0,0,4,0.2724,-0.0229,0.0001,701.0
2026-09-24 16:00:00,SPXW260924C06950000,0.0,0.0,0,0,0,0.2806,0.9755,0.0001,0.0,6950.0,SPXW260924P06950000,2.88,-3.62,0,0,20,0.2654,-0.0243,0.0001,52.0
2026-09-24 16:00:00,SPXW260924C06975000,0.0,0.0,0,0,0,0.2726,0.9739,0.0002,6.0,6975.0,SPXW260924P06975000,3.49,-3.46,0,0,4,0.2595,-0.0259,0.0002,623.0
2026-09-24 16:00:00,SPXW260924C07000000,0.0,0.0,0,0,0,0.2665,0.9721,0.0002,0.0,7000.0,SPXW260924P07000000,3.48,-3.97,0,0,8,0.2534,-0.0277,0.0002,68.0
2026-09-24 16:00:00,SPXW260924C07025000,0.0,0.0,0,0,0,0.2593,0.9702,0.0002,0.0,7025.0,SPXW260924P07025000,3.51,-4.54,0,0,20,0.2471,-0.0297,0.0002,46.0
2026-09-24 16:00:00,SPXW260924C07050000,0.0,0.0,0,0,0,0.2528,0.968,0.0002,0.0,7050.0,SPXW260924P07050000,4.08,-4.62,0,0,28,0.2412,-0.0319,0.0002,881.0
2026-09-24 16:00:00,SPXW260924C07075000,0.0,0.0,0,0,0,0.2453,0.9655,0.0002,0.0,7075.0,SPXW260924P07075000,4.12,-5.33,0,0,8,0.2354,-0.0344,0.0002,335.0
2026-09-24 16:00:00,SPXW260924C07100000,670.22,0.0,0,0,0,0.2393,0.9626,0.0002,1.0,7100.0,SPXW260924P07100000,4.05,-6.2,0,0,8,0.2294,-0.0372,0.0002,486.0
2026-09-24 16:00:00,SPXW260924C07125000,0.0,0.0,0,0,0,0.2322,0.9595,0.0003,0.0,7125.0,SPXW260924P07125000,4.98,-6.17,0,0,10,0.2232,-0.0404,0.0003,630.0
2026-09-24 16:00:00,SPXW260924C07140000,0.0,0.0,0,0,0,0.2288,0.9573,0.0003,0.0,7140.0,SPXW260924P07140000,0.0,0.0,0,0,0,0.2203,-0.0425,0.0003,0.0
2026-09-24 16:00:00,SPXW260924C07150000,526.29,61.64,0,0,1,0.2257,0.9558,0.0003,2.0,7150.0,SPXW260924P07150000,4.64,-7.51,0,0,7,0.2175,-0.044,0.0003,286.0
2026-09-24 16:00:00,SPXW260924C07160000,0.0,0.0,0,0,0,0.2233,0.9542,0.0003,0.0,7160.0,SPXW260924P07160000,0.0,0.0,0,0,0,0.2154,-0.0456,0.0003,0.0
2026-09-24 16:00:00,SPXW260924C07170000,0.0,0.0,0,0,0,0.2208,0.9526,0.0003,0.0,7170.0,SPXW260924P07170000,0.0,0.0,0,0,0,0.2132,-0.0473,0.0003,0.0
2026-09-24 16:00:00,SPXW260924C07175000,0.0,0.0,0,0,0,0.2196,0.9517,0.0003,0.0,7175.0,SPXW260924P07175000,5.3,-8.05,0,0,24,0.2121,-0.0482,0.0003,411.0
2026-09-24 16:00:00,SPXW260924C07180000,0.0,0.0,0,0,0,0.2183,0.9508,0.0003,0.0,7180.0,SPXW260924P07180000,0.0,0.0,0,0,0,0.211,-0.0491,0.0003,0.0
2026-09-24 16:00:00,SPXW260924C07190000,0.0,0.0,0,0,0,0.2158,0.9489,0.0004,0.0,7190.0,SPXW260924P07190000,0.0,0.0,0,0,0,0.2087,-0.0509,0.0004,0.0
2026-09-24 16:00:00,SPXW260924C07200000,0.0,0.0,0,0,0,0.2132,0.9469,0.0004,0.0,7200.0,SPXW260924P07200000,5.51,-9.14,0,0,29,0.2064,-0.0529,0.0004,354.0
2026-09-24 16:00:00,SPXW260924C07210000,0.0,0.0,0,0,0,0.2105,0.9448,0.0004,0.0,7210.0,SPXW260924P07210000,6.25,6.25,0,0,2,0.204,-0.055,0.0004,2.0
2026-09-24 16:00:00,SPXW260924C07220000,0.0,0.0,0,0,0,0.2084,0.9426,0.0004,0.0,7220.0,SPXW260924P07220000,0.0,0.0,0,0,0,0.2022,-0.0572,0.0004,0.0
2026-09-24 16:00:00,SPXW260924C07225000,0.0,0.0,0,0,0,0.207,0.9415,0.0004,0.0,7225.0,SPXW260924P07225000,7.46,-8.69,0,0,5,0.2009,-0.0584,0.0004,43.0
2026-09-24 16:00:00,SPXW260924C07230000,0.0,0.0,0,0,0,0.2062,0.9403,0.0004,0.0,7230.0,SPXW260924P07230000,0.0,0.0,0,0,0,0.1996,-0.0596,0.0004,0.0
2026-09-24 16:00:00,SPXW260924C07240000,0.0,0.0,0,0,0,0.2034,0.9378,0.0004,0.0,7240.0,SPXW260924P07240000,0.0,0.0,0,0,0,0.1976,-0.062,0.0004,0.0
2026-09-24 16:00:00,SPXW260924C07250000,509.88,0.0,0,0,0,0.201,0.9352,0.0004,2.0,7250.0,SPXW260924P07250000,6.67,-11.08,0,0,13,0.1955,-0.0646,0.0004,114.0
2026-09-24 16:00:00,SPXW260924C07260000,0.0,0.0,0,0,0,0.1986,0.9324,0.0005,0.0,7260.0,SPXW260924P07260000,8.53,-9.97,0,0,1,0.1934,-0.0674,0.0005,3.0
2026-09-24 16:00:00,SPXW260924C07270000,0.0,0.0,0,0,0,0.1966,0.9295,0.0005,0.0,7270.0,SPXW260924P07270000,8.7,-10.55,0,0,1,0.1914,-0.0703,0.0005,8.0
2026-09-24 16:00:00,SPXW260924C07275000,511.53,0.0,0,0,0,0.1951,0.928,0.0005,1.0,7275.0,SPXW260924P07275000,8.2,-11.45,0,0,12,0.1902,-0.0719,0.0005,166.0
2026-09-24 16:00:00,SPXW260924C07280000,0.0,0.0,0,0,0,0.1941,0.9264,0.0005,0.0,7280.0,SPXW260924P07280000,8.12,-11.93,0,0,8,0.1893,-0.0734,0.0005,21.0
2026-09-24 16:00:00,SPXW260924C07290000,329.38,0.0,0,0,0,0.1919,0.9231,0.0005,30.0,7290.0,SPXW260924P07290000,10.02,-10.93,0,0,1,0.1871,-0.0767,0.0005,43.0
2026-09-24 16:00:00,SPXW260924C07295000,0.0,0.0,0,0,0,0.1908,0.9214,0.0005,0.0,7295.0,SPXW260924P07295000,8.7,8.7,0,0,5,0.1861,-0.0784,0.0005,5.0
2026-09-24 16:00:00,SPXW260924C07300000,0.0,0.0,0,0,0,0.1897,0.9196,0.0006,0.0,7300.0,SPXW260924P07300000,9.12,-12.05,0,0,15,0.1848,-0.0802,0.0006,274.0
2026-09-24 16:00:00,SPXW260924C07305000,0.0,0.0,0,0,0,0.1885,0.9178,0.0006,0.0,7305.0,SPXW260924P07305000,0.0,0.0,0,0,0,0.184,-0.082,0.0006,0.0
2026-09-24 16:00:00,SPXW260924C07310000,313.8,0.0,0,0,0,0.1873,0.916,0.0006,2.0,7310.0,SPXW260924P07310000,9.2,-13.55,0,0,5,0.1831,-0.0838,0.0006,33.0
2026-09-24 16:00:00,SPXW260924C07315000,0.0,0.0,0,0,0,0.1861,0.9141,0.0006,0.0,7315.0,SPXW260924P07315000,9.47,9.47,0,0,4,0.182,-0.0858,0.0006,4.0
2026-09-24 16:00:00,SPXW260924C07320000,0.0,0.0,0,0,0,0.1849,0.9121,0.0006,0.0,7320.0,SPXW260924P07320000,9.45,-14.2,0,0,1,0.1809,-0.0877,0.0006,25.0
2026-09-24 16:00:00,SPXW260924C07325000,0.0,0.0,0,0,0,0.1841,0.9101,0.0006,0.0,7325.0,SPXW260924P07325000,10.2,-14.0,0,0,15,0.18,-0.0898,0.0006,96.0
2026-09-24 16:00:00,SPXW260924C07330000,289.4,0.0,0,0,0,0.1828,0.908,0.0006,1.0,7330.0,SPXW260924P07330000,10.01,-14.74,0,0,19,0.179,-0.0919,0.0006,59.0
2026-09-24 16:00:00,SPXW260924C07335000,0.0,0.0,0,0,0,0.1815,0.9058,0.0006,0.0,7335.0,SPXW260924P07335000,11.5,11.5,0,0,1,0.178,-0.094,0.0006,2.0
2026-09-24 16:00:00,SPXW260924C07340000,0.0,0.0,0,0,0,0.1806,0.9036,0.0007,0.0,7340.0,SPXW260924P07340000,10.35,-15.4,0,0,80,0.177,-0.0962,0.0007,50.0
2026-09-24 16:00:00,SPXW260924C07345000,0.0,0.0,0,0,0,0.1796,0.9013,0.0007,0.0,7345.0,SPXW260924P07345000,10.8,10.8,0,0,4,0.1759,-0.0985,0.0007,4.0
2026-09-24 16:00:00,SPXW260924C07350000,393.27,0.0,0,0,0,0.1783,0.899,0.0007,7.0,7350.0,SPXW260924P07350000,11.37,-15.58,0,0,39,0.1748,-0.1008,0.0007,208.0
2026-09-24 16:00:00,SPXW260924C07355000,0.0,0.0,0,0,0,0.1773,0.8966,0.0007,0.0,7355.0,SPXW260924P07355000,11.87,11.87,0,0,6,0.1739,-0.1032,0.0007,6.0
2026-09-24 16:00:00,SPXW260924C07360000,0.0,0.0,0,0,0,0.1762,0.8941,0.0007,0.0,7360.0,SPXW260924P07360000,11.55,-16.55,0,0,4,0.173,-0.1057,0.0007,18.0
2026-09-24 16:00:00,SPXW260924C07365000,0.0,0.0,0,0,0,0.1752,0.8916,0.0008,0.0,7365.0,SPXW260924P07365000,13.2,13.2,0,0,1,0.172,-0.1083,0.0008,2.0
2026-09-24 16:00:00,SPXW260924C07370000,0.0,0.0,0,0,0,0.1741,0.8889,0.0008,0.0,7370.0,SPXW260924P07370000,12.75,-16.6,0,0,118,0.171,-0.1109,0.0008,112.0
2026-09-24 16:00:00,SPXW260924C07375000,0.0,0.0,0,0,0,0.173,0.8862,0.0008,0.0,7375.0,SPXW260924P07375000,12.7,-17.3,0,0,162,0.1699,-0.1136,0.0008,259.0
2026-09-24 16:00:00,SPXW260924C07380000,0.0,0.0,0,0,0,0.1718,0.8835,0.0008,0.0,7380.0,SPXW260924P07380000,13.3,-17.35,0,0,118,0.169,-0.1164,0.0008,127.0
2026-09-24 16:00:00,SPXW260924C07385000,0.0,0.0,0,0,0,0.171,0.8806,0.0008,0.0,7385.0,SPXW260924P07385000,0.0,0.0,0,0,0,0.1679,-0.1192,0.0008,0.0
2026-09-24 16:00:00,SPXW260924C07390000,241.45,0.0,0,0,0,0.1698,0.8777,0.0008,30.0,7390.0,SPXW260924P07390000,12.88,-19.12,0,0,132,0.1671,-0.1222,0.0008,95.0
2026-09-24 16:00:00,SPXW260924C07395000,0.0,0.0,0,0,0,0.1689,0.8746,0.0009,0.0,7395.0,SPXW260924P07395000,0.0,0.0,0,0,0,0.1659,-0.1252,0.0009,0.0
2026-09-24 16:00:00,SPXW260924C07400000,231.2,0.0,0,0,0,0.1676,0.8715,0.0009,2.0,7400.0,SPXW260924P07400000,14.32,-19.13,0,0,78,0.1651,-0.1283,0.0009,406.0
2026-09-24 16:00:00,SPXW260924C07405000,0.0,0.0,0,0,0,0.1666,0.8683,0.0009,0.0,7405.0,SPXW260924P07405000,0.0,0.0,0,0,0,0.1642,-0.1315,0.0009,0.0
2026-09-24 16:00:00,SPXW260924C07410000,0.0,0.0,0,0,0,0.1656,0.865,0.0009,0.0,7410.0,SPXW260924P07410000,15.48,-19.52,0,0,5,0.1632,-0.1348,0.0009,40.0
2026-09-24 16:00:00,SPXW260924C07415000,0.0,0.0,0,0,0,0.1646,0.8616,0.0009,0.0,7415.0,SPXW260924P07415000,15.81,15.81,0,0,1,0.1622,-0.1382,0.0009,1.0
2026-09-24 16:00:00,SPXW260924C07420000,0.0,0.0,0,0,0,0.1635,0.8581,0.001,0.0,7420.0,SPXW260924P07420000,15.7,-20.9,0,0,11,0.1612,-0.1417,0.001,12.0
2026-09-24 16:00:00,SPXW260924C07425000,210.3,0.0,0,0,0,0.1624,0.8545,0.001,3.0,7425.0,SPXW260924P07425000,15.86,-21.49,0,0,35,0.1601,-0.1453,0.001,501.0
2026-09-24 16:00:00,SPXW260924C07430000,0.0,0.0,0,0,0,0.1615,0.8508,0.001,1.0,7430.0,SPXW260924P07430000,39.42,0.0,0,0,0,0.1593,-0.149,0.001,51.0
2026-09-24 16:00:00,SPXW260924C07435000,0.0,0.0,0,0,0,0.1603,0.847,0.001,0.0,7435.0,SPXW260924P07435000,0.0,0.0,0,0,0,0.1583,-0.1528,0.001,1.0
2026-09-24 16:00:00,SPXW260924C07440000,0.0,0.0,0,0,0,0.1594,0.8431,0.001,0.0,7440.0,SPXW260924P07440000,17.9,-22.1,0,0,19,0.1573,-0.1567,0.001,91.0
2026-09-24 16:00:00,SPXW260924C07445000,0.0,0.0,0,0,0,0.1584,0.8391,0.0011,0.0,7445.0,SPXW260924P07445000,18.3,18.3,0,0,12,0.1564,-0.1608,0.0011,12.0
2026-09-24 16:00:00,SPXW260924C07450000,327.23,0.0,0,0,0,0.1574,0.8349,0.0011,7.0,7450.0,SPXW260924P07450000,18.02,-23.78,0,0,47,0.1554,-0.1649,0.0011,215.0
2026-09-24 16:00:00,SPXW260924C07455000,0.0,0.0,0,0,0,0.1563,0.8307,0.0011,0.0,7455.0,SPXW260924P07455000,17.5,17.5,0,0,1,0.1545,-0.1692,0.0011,2.0
2026-09-24 16:00:00,SPXW260924C07460000,239.12,52.87,0,0,1,0.1554,0.8263,0.0012,1.0,7460.0,SPXW260924P07460000,20.4,-23.3,0,0,36,0.1536,-0.1735,0.0012,162.0
2026-09-24 16:00:00,SPXW260924C07465000,0.0,0.0,0,0,0,0.1543,0.8218,0.0012,0.0,7465.0,SPXW260924P07465000,0.0,0.0,0,0,0,0.1526,-0.1781,0.0012,0.0
2026-09-24 16:00:00,SPXW260924C07470000,244.6,0.0,0,0,0,0.1534,0.8171,0.0012,1.0,7470.0,SPXW260924P07470000,21.13,-24.67,0,0,49,0.1516,-0.1827,0.0012,175.0
2026-09-24 16:00:00,SPXW260924C07475000,245.97,0.0,0,0,0,0.1542,0.8123,0.0012,3.0,7475.0,SPXW260924P07475000,21.77,-25.03,0,0,247,0.1507,-0.1875,0.0012,306.0
2026-09-24 16:00:00,SPXW260924C07480000,0.0,0.0,0,0,0,0.1514,0.8074,0.0013,0.0,7480.0,SPXW260924P07480000,21.76,-26.14,0,0,268,0.1497,-0.1924,0.0013,290.0
2026-09-24 16:00:00,SPXW260924C07485000,0.0,0.0,0,0,0,0.1503,0.8024,0.0013,0.0,7485.0,SPXW260924P07485000,22.71,-26.29,0,0,220,0.1488,-0.1975,0.0013,148.0
2026-09-24 16:00:00,SPXW260924C07490000,291.4,0.0,0,0,0,0.1492,0.7972,0.0013,19.0,7490.0,SPXW260924P07490000,25.77,-24.33,0,0,5,0.1478,-0.2027,0.0013,73.0
2026-09-24 16:00:00,SPXW260924C07495000,0.0,0.0,0,0,0,0.1483,0.7918,0.0014,0.0,7495.0,SPXW260924P07495000,21.8,-29.5,0,0,3,0.1468,-0.208,0.0014,16.0
2026-09-24 16:00:00,SPXW260924C07500000,203.55,48.35,0,0,1,0.1473,0.7863,0.0014,22.0,7500.0,SPXW260924P07500000,24.53,-26.6,0,0,24,0.1459,-0.2135,0.0014,124.0
2026-09-24 16:00:00,SPXW260924C07505000,146.36,0.0,0,0,0,0.1463,0.7807,0.0014,2.0,7505.0,SPXW260924P07505000,23.98,-29.67,0,0,14,0.1449,-0.2192,0.0014,18.0
2026-09-24 16:00:00,SPXW260924C07510000,144.28,0.0,0,0,0,0.1454,0.7749,0.0014,13.0,7510.0,SPXW260924P07510000,25.85,-27.6,0,0,53,0.1441,-0.225,0.0014,112.0
2026-09-24 16:00:00,SPXW260924C07515000,142.12,0.0,0,0,0,0.1443,0.7689,0.0015,19.0,7515.0,SPXW260924P07515000,24.81,-31.39,0,0,1,0.1431,-0.2309,0.0015,12.0
2026-09-24 16:00:00,SPXW260924C07520000,136.99,0.0,0,0,0,0.1434,0.7628,0.0015,34.0,7520.0,SPXW260924P07520000,27.26,-30.24,0,0,24,0.1421,-0.2371,0.0015,79.0
2026-09-24 16:00:00,SPXW260924C07525000,134.86,0.0,0,0,0,0.1423,0.7564,0.0015,14.0,7525.0,SPXW260924P07525000,28.17,-30.63,0,0,36,0.1412,-0.2434,0.0015,224.0
2026-09-24 16:00:00,SPXW260924C07530000,169.8,36.75,0,0,1,0.1415,0.75,0.0016,18.0,7530.0,SPXW260924P07530000,27.63,-32.57,0,0,3,0.1403,-0.2498,0.0016,106.0
2026-09-24 16:00:00,SPXW260924C07535000,132.92,0.0,0,0,0,0.1404,0.7433,0.0016,5.0,7535.0,SPXW260924P07535000,30.32,-31.28,0,0,30,0.1394,-0.2565,0.0016,37.0
2026-09-24 16:00:00,SPXW260924C07540000,156.9,31.05,0,0,2,0.1394,0.7365,0.0016,3.0,7540.0,SPXW260924P07540000,31.7,-31.35,0,0,2,0.1385,-0.2633,0.0016,56.0
2026-09-24 16:00:00,SPXW260924C07545000,118.4,0.0,0,0,0,0.1384,0.7295,0.0017,1.0,7545.0,SPXW260924P07545000,29.05,-35.45,0,0,2,0.1375,-0.2704,0.0017,6.0
2026-09-24 16:00:00,SPXW260924C07550000,125.78,0.0,0,0,0,0.1375,0.7223,0.0017,31.0,7550.0,SPXW260924P07550000,32.05,-33.95,0,0,46,0.1364,-0.2775,0.0017,101.0
2026-09-24 16:00:00,SPXW260924C07555000,0.0,0.0,0,0,0,0.1366,0.7149,0.0017,0.0,7555.0,SPXW260924P07555000,31.18,-36.42,0,0,12,0.1355,-0.2849,0.0017,16.0
2026-09-24 16:00:00,SPXW260924C07560000,112.25,0.0,0,0,0,0.1356,0.7073,0.0018,23.0,7560.0,SPXW260924P07560000,35.2,-33.95,0,0,1,0.1347,-0.2925,0.0018,28.0
2026-09-24 16:00:00,SPXW260924C07565000,134.33,25.68,0,0,2,0.1347,0.6996,0.0018,2.0,7565.0,SPXW260924P07565000,35.2,-35.6,0,0,3,0.1337,-0.3003,0.0018,66.0
2026-09-24 16:00:00,SPXW260924C07570000,130.5,25.2,0,0,3,0.1331,0.6916,0.0018,9.0,7570.0,SPXW260924P07570000,36.75,-35.7,0,0,3,0.1328,-0.3082,0.0018,77.0
2026-09-24 16:00:00,SPXW260924C07575000,136.56,34.51,0,0,1,0.1319,0.6834,0.0019,23.0,7575.0,SPXW260924P07575000,36.9,-37.3,0,0,18,0.1318,-0.3164,0.0019,288.0
2026-09-24 16:00:00,SPXW260924C07580000,98.55,0.0,0,0,0,0.131,0.6751,0.0019,32.0,7580.0,SPXW260924P07580000,38.72,-37.18,0,0,135,0.131,-0.3248,0.0019,138.0
2026-09-24 16:00:00,SPXW260924C07585000,124.3,28.65,0,0,9,0.1299,0.6665,0.0019,13.0,7585.0,SPXW260924P07585000,41.1,-36.6,0,0,140,0.1299,-0.3333,0.0019,141.0
2026-09-24 16:00:00,SPXW260924C07590000,120.26,27.81,0,0,14,0.1291,0.6577,0.002,92.0,7590.0,SPXW260924P07590000,41.02,-38.53,0,0,119,0.129,-0.3421,0.002,108.0
2026-09-24 16:00:00,SPXW260924C07595000,116.6,27.3,0,0,63,0.1282,0.6487,0.002,74.0,7595.0,SPXW260924P07595000,39.8,-41.65,0,0,13,0.1281,-0.3511,0.002,69.0
2026-09-24 16:00:00,SPXW260924C07600000,107.9,21.7,0,0,60,0.1272,0.6395,0.002,60.0,7600.0,SPXW260924P07600000,44.13,-39.27,0,0,74,0.1272,-0.3603,0.002,200.0
2026-09-24 16:00:00,SPXW260924C07605000,109.1,25.8,0,0,23,0.1263,0.6301,0.0021,32.0,7605.0,SPXW260924P07605000,84.74,0.0,0,0,0,0.1262,-0.3697,0.0021,24.0
2026-09-24 16:00:00,SPXW260924C07610000,105.45,25.1,0,0,5,0.1254,0.6205,0.0021,133.0,7610.0,SPXW260924P07610000,47.2,-40.1,0,0,2,0.1253,-0.3793,0.0021,70.0
2026-09-24 16:00:00,SPXW260924C07615000,77.62,0.0,0,0,0,0.1245,0.6107,0.0021,72.0,7615.0,SPXW260924P07615000,43.57,-45.88,0,0,6,0.1244,-0.3891,0.0021,24.0
2026-09-24 16:00:00,SPXW260924C07620000,94.8,20.25,0,0,3,0.1236,0.6006,0.0022,12.0,7620.0,SPXW260924P07620000,48.2,-43.4,0,0,2,0.1234,-0.3992,0.0022,106.0
2026-09-24 16:00:00,SPXW260924C07625000,95.4,23.65,0,0,6,0.1227,0.5904,0.0022,32.0,7625.0,SPXW260924P07625000,52.33,-41.37,0,0,3,0.1225,-0.4094,0.0022,197.0
2026-09-24 16:00:00,SPXW260924C07630000,91.62,22.62,0,0,6,0.1218,0.5799,0.0022,18.0,7630.0,SPXW260924P07630000,48.7,-47.3,0,0,9,0.1216,-0.4199,0.0022,88.0
2026-09-24 16:00:00,SPXW260924C07635000,64.85,0.0,0,0,0,0.1208,0.5693,0.0022,15.0,7635.0,SPXW260924P07635000,56.07,-42.23,0,0,2,0.1208,-0.4306,0.0022,8.0
2026-09-24 16:00:00,SPXW260924C07640000,83.63,20.03,0,0,21,0.1199,0.5584,0.0023,49.0,7640.0,SPXW260924P07640000,54.99,-45.66,0,0,10,0.1199,-0.4414,0.0023,40.0
2026-09-24 16:00:00,SPXW260924C07645000,86.8,25.75,0,0,1,0.119,0.5473,0.0023,70.0,7645.0,SPXW260924P07645000,56.75,-46.3,0,0,17,0.119,-0.4525,0.0023,21.0
2026-09-24 16:00:00,SPXW260924C07650000,74.2,15.7,0,0,28,0.1182,0.536,0.0023,169.0,7650.0,SPXW260924P07650000,60.4,-45.1,0,0,67,0.1181,-0.4638,0.0023,169.0
2026-09-24 16:00:00,SPXW260924C07655000,71.1,15.05,0,0,5,0.1172,0.5246,0.0023,23.0,7655.0,SPXW260924P07655000,61.1,-46.95,0,0,18,0.1173,-0.4752,0.0023,17.0
2026-09-24 16:00:00,SPXW260924C07660000,68.15,14.55,0,0,32,0.1164,0.5129,0.0024,93.0,7660.0,SPXW260924P07660000,64.2,-46.3,0,0,14,0.1163,-0.4869,0.0024,128.0
2026-09-24 16:00:00,SPXW260924C07665000,71.9,20.65,0,0,5,0.1156,0.5011,0.0024,20.0,7665.0,SPXW260924P07665000,65.3,-47.95,0,0,34,0.1154,-0.4987,0.0024,24.0
2026-09-24 16:00:00,SPXW260924C07670000,64.6,15.65,0,0,75,0.1147,0.4891,0.0024,89.0,7670.0,SPXW260924P07670000,65.47,-50.43,0,0,8,0.1146,-0.5108,0.0024,46.0
2026-09-24 16:00:00,SPXW260924C07675000,61.7,15.05,0,0,98,0.1138,0.4769,0.0024,103.0,7675.0,SPXW260924P07675000,68.1,-50.55,0,0,204,0.1137,-0.5229,0.0024,210.0
2026-09-24 16:00:00,SPXW260924C07680000,62.2,17.7,0,0,11,0.113,0.4646,0.0024,59.0,7680.0,SPXW260924P07680000,69.5,-52.0,0,0,13,0.1129,-0.5352,0.0024,81.0
2026-09-24 16:00:00,SPXW260924C07685000,59.4,17.05,0,0,11,0.1122,0.4521,0.0024,19.0,7685.0,SPXW260924P07685000,126.31,0.0,0,0,0,0.1121,-0.5477,0.0024,6.0
2026-09-24 16:00:00,SPXW260924C07690000,54.76,14.46,0,0,8,0.1114,0.4395,0.0024,113.0,7690.0,SPXW260924P07690000,69.95,-57.3,0,0,18,0.1112,-0.5603,0.0024,68.0
2026-09-24 16:00:00,SPXW260924C07695000,50.72,12.42,0,0,31,0.1106,0.4268,0.0024,42.0,7695.0,SPXW260924P07695000,0.0,0.0,0,0,0,0.1105,-0.573,0.0024,0.0
2026-09-24 16:00:00,SPXW260924C07700000,47.7,11.35,0,0,57,0.1098,0.4141,0.0024,101.0,7700.0,SPXW260924P07700000,80.8,-52.5,0,0,28,0.1096,-0.5858,0.0024,180.0
2026-09-24 16:00:00,SPXW260924C07705000,51.32,16.82,0,0,1,0.109,0.4012,0.0024,5.0,7705.0,SPXW260924P07705000,75.2,-61.4,0,0,7,0.1089,-0.5986,0.0024,3.0
2026-09-24 16:00:00,SPXW260924C07710000,42.61,9.91,0,0,19,0.1082,0.3883,0.0024,30.0,7710.0,SPXW260924P07710000,86.92,-52.88,0,0,2,0.108,-0.6115,0.0024,43.0
2026-09-24 16:00:00,SPXW260924C07715000,46.71,15.76,0,0,1,0.1074,0.3754,0.0024,7.0,7715.0,SPXW260924P07715000,87.57,-55.48,0,0,54,0.1073,-0.6245,0.0024,65.0
2026-09-24 16:00:00,SPXW260924C07720000,40.65,11.35,0,0,5,0.1067,0.3624,0.0024,24.0,7720.0,SPXW260924P07720000,88.8,-57.45,0,0,2,0.1065,-0.6374,0.0024,88.0
2026-09-24 16:00:00,SPXW260924C07725000,38.04,10.39,0,0,14,0.1059,0.3495,0.0024,41.0,7725.0,SPXW260924P07725000,94.06,-55.59,0,0,145,0.1059,-0.6504,0.0024,118.0
2026-09-24 16:00:00,SPXW260924C07730000,34.48,8.38,0,0,4,0.1052,0.3366,0.0024,50.0,7730.0,SPXW260924P07730000,115.78,0.0,0,0,0,0.1051,-0.6633,0.0024,15.0
2026-09-24 16:00:00,SPXW260924C07735000,31.88,7.28,0,0,25,0.1046,0.3237,0.0024,31.0,7735.0,SPXW260924P07735000,116.0,0.0,0,0,0,0.1044,-0.6761,0.0024,5.0
2026-09-24 16:00:00,SPXW260924C07740000,36.4,13.3,0,0,2,0.1039,0.3109,0.0024,42.0,7740.0,SPXW260924P07740000,158.31,0.0,0,0,0,0.1038,-0.6889,0.0024,23.0
2026-09-24 16:00:00,SPXW260924C07745000,21.7,0.0,0,0,0,0.1032,0.2982,0.0023,13.0,7745.0,SPXW260924P07745000,88.1,0.0,0,0,0,0.1007,-0.7016,0.0023,1.0
2026-09-24 16:00:00,SPXW260924C07750000,26.45,6.0,0,0,38,0.1025,0.2857,0.0023,248.0,7750.0,SPXW260924P07750000,105.45,-62.15,0,0,4,0.1001,-0.7141,0.0023,44.0
2026-09-24 16:00:00,SPXW260924C07755000,25.9,6.7,0,0,2,0.102,0.2733,0.0022,42.0,7755.0,SPXW260924P07755000,0.0,0.0,0,0,0,0.0994,-0.7266,0.0022,0.0
2026-09-24 16:00:00,SPXW260924C07760000,24.33,6.33,0,0,10,0.1013,0.261,0.0022,65.0,7760.0,SPXW260924P07760000,116.02,-58.98,0,0,1,0.0987,-0.7388,0.0022,11.0
2026-09-24 16:00:00,SPXW260924C07765000,26.8,10.0,0,0,4,0.1008,0.2489,0.0022,17.0,7765.0,SPXW260924P07765000,126.96,-52.09,0,0,1,0.0981,-0.7509,0.0022,2.0
2026-09-24 16:00:00,SPXW260924C07770000,20.6,4.85,0,0,19,0.1,0.237,0.0021,74.0,7770.0,SPXW260924P07770000,116.8,0.0,0,0,0,0.0973,-0.7628,0.0021,20.0
2026-09-24 16:00:00,SPXW260924C07775000,18.1,3.4,0,0,5,0.0996,0.2254,0.0021,127.0,7775.0,SPXW260924P07775000,121.78,-65.07,0,0,6,0.0966,-0.7744,0.0021,21.0
2026-09-24 16:00:00,SPXW260924C07780000,21.2,7.5,0,0,13,0.0991,0.214,0.002,138.0,7780.0,SPXW260924P07780000,137.72,-53.13,0,0,1,0.0959,-0.7858,0.002,2.0
2026-09-24 16:00:00,SPXW260924C07785000,19.0,6.2,0,0,1,0.0985,0.2028,0.002,5.0,7785.0,SPXW260924P07785000,184.45,0.0,0,0,0,0.0954,-0.797,0.002,2.0
2026-09-24 16:00:00,SPXW260924C07790000,14.7,2.8,0,0,8,0.0979,0.192,0.0019,62.0,7790.0,SPXW260924P07790000,171.67,0.0,0,0,0,0.0947,-0.8078,0.0019,1.0
2026-09-24 16:00:00,SPXW260924C07795000,19.35,8.25,0,0,10,0.0975,0.1814,0.0019,21.0,7795.0,SPXW260924P07795000,192.55,0.0,0,0,0,0.094,-0.8184,0.0019,1.0
2026-09-24 16:00:00,SPXW260924C07800000,12.3,2.0,0,0,41,0.097,0.1711,0.0018,478.0,7800.0,SPXW260924P07800000,139.95,-67.55,0,0,1,0.0935,-0.8287,0.0018,35.0
2026-09-24 16:00:00,SPXW260924C07805000,15.39,5.84,0,0,24,0.0965,0.1612,0.0018,109.0,7805.0,SPXW260924P07805000,121.4,0.0,0,0,0,0.0928,-0.8386,0.0018,1.0
2026-09-24 16:00:00,SPXW260924C07810000,14.0,5.15,0,0,6,0.0961,0.1516,0.0017,119.0,7810.0,SPXW260924P07810000,0.0,0.0,0,0,0,0.0923,-0.8482,0.0017,0.0
2026-09-24 16:00:00,SPXW260924C07815000,9.95,1.75,0,0,26,0.0955,0.1424,0.0016,28.0,7815.0,SPXW260924P07815000,0.0,0.0,0,0,0,0.0915,-0.8575,0.0016,0.0
2026-09-24 16:00:00,SPXW260924C07820000,12.63,5.03,0,0,20,0.0951,0.1335,0.0016,40.0,7820.0,SPXW260924P07820000,0.0,0.0,0,0,0,0.0909,-0.8664,0.0016,0.0
2026-09-24 16:00:00,SPXW260924C07825000,8.05,1.0,0,0,50,0.0948,0.125,0.0015,400.0,7825.0,SPXW260924P07825000,133.1,0.0,0,0,0,0.0901,-0.8749,0.0015,3.0
2026-09-24 16:00:00,SPXW260924C07830000,7.81,0.99,0,0,22,0.0944,0.1168,0.0014,21.0,7830.0,SPXW260924P07830000,166.7,-66.7,0,0,1,0.0926,-0.883,0.0014,1.0
2026-09-24 16:00:00,SPXW260924C07840000,8.13,2.58,0,0,2,0.0938,0.1017,0.0013,96.0,7840.0,SPXW260924P07840000,148.6,0.0,0,0,0,0.0883,-0.8981,0.0013,1.0
2026-09-24 16:00:00,SPXW260924C07850000,5.15,0.6,0,0,32,0.0933,0.0881,0.0012,110.0,7850.0,SPXW260924P07850000,176.7,-74.35,0,0,10,0.0869,-0.9117,0.0012,13.0
2026-09-24 16:00:00,SPXW260924C07860000,5.3,1.35,0,0,3,0.0927,0.0761,0.0011,23.0,7860.0,SPXW260924P07860000,0.0,0.0,0,0,0,0.0855,-0.9237,0.0011,0.0
2026-09-24 16:00:00,SPXW260924C07870000,3.66,0.31,0,0,18,0.0923,0.0656,0.001,31.0,7870.0,SPXW260924P07870000,0.0,0.0,0,0,0,0.0844,-0.9342,0.001,0.0
2026-09-24 16:00:00,SPXW260924C07875000,3.35,0.25,0,0,35,0.0923,0.0608,0.0009,256.0,7875.0,SPXW260924P07875000,166.51,0.0,0,0,0,0.0839,-0.939,0.0009,4.0
2026-09-24 16:00:00,SPXW260924C07880000,3.44,0.565,0,0,26,0.0923,0.0564,0.0008,57.0,7880.0,SPXW260924P07880000,243.73,0.0,0,0,0,0.0831,-0.9434,0.0008,10.0
2026-09-24 16:00:00,SPXW260924C07890000,2.87,0.42,0,0,46,0.0923,0.0486,0.0008,52.0,7890.0,SPXW260924P07890000,0.0,0.0,0,0,0,0.0806,-0.9512,0.0008,0.0
2026-09-24 16:00:00,SPXW260924C07900000,2.41,0.335,0,0,9,0.0924,0.042,0.0007,174.0,7900.0,SPXW260924P07900000,260.66,0.0,0,0,0,0.0787,-0.9579,0.0007,13.0
2026-09-24 16:00:00,SPXW260924C07910000,2.02,0.27,0,0,3,0.0925,0.0364,0.0006,44.0,7910.0,SPXW260924P07910000,0.0,0.0,0,0,0,0.0768,-0.9635,0.0006,0.0
2026-09-24 16:00:00,SPXW260924C07920000,2.05,0.55,0,0,4,0.0929,0.0317,0.0005,63.0,7920.0,SPXW260924P07920000,0.0,0.0,0,0,0,0.0726,-0.9682,0.0005,0.0
2026-09-24 16:00:00,SPXW260924C07925000,1.89,0.49,0,0,6,0.0934,0.0296,0.0005,129.0,7925.0,SPXW260924P07925000,0.0,0.0,0,0,0,0.0648,-0.9702,0.0005,0.0
2026-09-24 16:00:00,SPXW260924C07930000,1.65,0.0,0,0,0,0.0932,0.0278,0.0005,21.0,7930.0,SPXW260924P07930000,0.0,0.0,0,0,0,0.0,-0.9721,0.0005,0.0
2026-09-24 16:00:00,SPXW260924C07950000,1.42,0.445,0,0,8,0.0947,0.0218,0.0004,255.0,7950.0,SPXW260924P07950000,294.55,0.0,0,0,0,0.0,-0.9781,0.0004,2.0
2026-09-24 16:00:00,SPXW260924C07975000,0.83,0.105,0,0,2,0.0987,0.0167,0.0003,223.0,7975.0,SPXW260924P07975000,0.0,0.0,0,0,0,0.0,-0.9831,0.0003,0.0
2026-09-24 16:00:00,SPXW260924C08000000,0.63,0.055,0,0,15,0.1014,0.0133,0.0002,178.0,8000.0,SPXW260924P08000000,311.91,0.0,0,0,0,0.0,-0.9865,0.0002,1.0
2026-09-24 16:00:00,SPXW260924C08025000,0.65,0.175,0,0,1,0.1054,0.011,0.0002,215.0,8025.0,SPXW260924P08025000,0.0,0.0,0,0,0,0.0,-0.9889,0.0002,0.0
2026-09-24 16:00:00,SPXW260924C08050000,0.55,0.15,0,0,16,0.1102,0.0092,0.0002,36.0,8050.0,SPXW260924P08050000,316.4,0.0,0,0,0,0.0,-0.9906,0.0002,1.0
2026-09-24 16:00:00,SPXW260924C08075000,0.42,0.0,0,0,0,0.1139,0.008,0.0001,33.0,8075.0,SPXW260924P08075000,0.0,0.0,0,0,0,0.0,-0.9919,0.0001,0.0
2026-09-24 16:00:00,SPXW260924C08100000,0.38,0.075,0,0,3,0.1189,0.0069,0.0001,63.0,8100.0,SPXW260924P08100000,0.0,0.0,0,0,0,0.0,-0.9929,0.0001,0.0
2026-09-24 16:00:00,SPXW260924C08125000,0.85,0.0,0,0,0,0.1228,0.0061,0.0001,20.0,8125.0,SPXW260924P08125000,0.0,0.0,0,0,0,0.0,-0.9937,0.0001,0.0
2026-09-24 16:00:00,SPXW260924C08150000,1.65,0.0,0,0,0,0.1273,0.0055,0.0001,19.0,8150.0,SPXW260924P08150000,0.0,0.0,0,0,0,0.0,-0.9944,0.0001,0.0
2026-09-24 16:00:00,SPXW260924C08175000,0.27,0.02,0,0,3,0.1317,0.0049,0.0001,22.0,8175.0,SPXW260924P08175000,0.0,0.0,0,0,0,0.0,-0.9949,0.0001,0.0
2026-09-24 16:00:00,SPXW260924C08200000,0.27,0.045,0,0,5,0.1359,0.0044,0.0001,10.0,8200.0,SPXW260924P08200000,0.0,0.0,0,0,0,0.0,-0.9954,0.0001,0.0
2026-09-24 16:00:00,SPXW260924C08225000,0.47,0.0,0,0,0,0.1398,0.004,0.0001,2.0,8225.0,SPXW260924P08225000,0.0,0.0,0,0,0,0.0,-0.9958,0.0001,0.0
2026-09-24 16:00:00,SPXW260924C08250000,0.0,0.0,0,0,0,0.1452,0.0037,0.0,0.0,8250.0,SPXW260924P08250000,0.0,0.0,0,0,0,0.0,-0.9961,0.0,0.0
2026-09-24 16:00:00,SPXW260924C08275000,0.0,0.0,0,0,0,0.1488,0.0034,0.0,0.0,8275.0,SPXW260924P08275000,0.0,0.0,0,0,0,0.0,-0.9964,0.0,0.0
2026-09-24 16:00:00,SPXW260924C08300000,0.38,0.0,0,0,0,0.1521,0.0031,0.0,8.0,8300.0,SPXW260924P08300000,0.0,0.0,0,0,0,0.0,-0.9967,0.0,0.0
2026-09-24 16:00:00,SPXW260924C08400000,0.27,0.0,0,0,0,0.1702,0.0023,0.0,8.0,8400.0,SPXW260924P08400000,0.0,0.0,0,0,0,0.0,-0.9976,0.0,0.0
2026-09-24 16:00:00,SPXW260924C08500000,0.4,0.0,0,0,0,0.1898,0.0017,0.0,2.0,8500.0,SPXW260924P08500000,0.0,0.0,0,0,0,0.0,-0.9981,0.0,0.0
2026-09-24 16:00:00,SPXW260924C08600000,0.15,0.0,0,0,0,0.2022,0.0013,0.0,18.0,8600.0,SPXW260924P08600000,0.0,0.0,0,0,0,0.0,-0.9985,0.0,0.0
2026-09-24 16:00:00,SPXW260924C08800000,0.0,0.0,0,0,0,0.2332,0.0008,0.0,0.0,8800.0,SPXW260924P08800000,0.0,0.0,0,0,0,0.0,-0.999,0.0,0.0
2026-09-24 16:00:00,SPXW260924C09000000,0.2,0.0,0,0,0,0.2677,0.0005,0.0,2.0,9000.0,SPXW260924P09000000,0.0,0.0,0,0,0,0.0,-0.9993,0.0,0.0
2026-09-24 16:00:00,SPXW260924C09200000,0.1,0.0,0,0,0,0.301,0.0004,0.0,1.0,9200.0,SPXW260924P09200000,0.0,0.0,0,0,0,0.0,-0.9995,0.0,0.0
2026-09-24 16:00:00,SPXW260924C09400000,0.1,0.0,0,0,0,0.3336,0.0002,0.0,8.0,9400.0,SPXW260924P09400000,0.0,0.0,0,0,0,0.0,-0.9996,0.0,0.0
2026-09-24 16:00:00,SPXW260924C09600000,0.0,0.0,0,0,0,0.365,0.0001,0.0,0.0,9600.0,SPXW260924P09600000,0.0,0.0,0,0,0,0.0,-0.9997,0.0,0.0
2026-09-24 16:00:00,SPXW260924C09800000,0.0,0.0,0,0,0,0.3672,0.0001,0.0,0.0,9800.0,SPXW260924P09800000,0.0,0.0,0,0,0,0.0,-0.9997,0.0,0.0
2026-09-24 16:00:00,SPXW260924C10000000,0.05,0.0,0,0,0,0.3951,0.0001,0.0,2.0,10000.0,SPXW260924P10000000,0.0,0.0,0,0,0,0.0,-0.9998,0.0,0.0
2026-09-25 16:00:00,SPXW260925C03200000,4475.72,0.0,0,0,0,1.6854,0.9996,0.0,0.0,3200.0,SPXW260925P03200000,0.05,0.0,0,0,0,1.2564,-0.0002,0.0,11.0
2026-09-25 16:00:00,SPXW260925C03400000,4363.07,0.0,0,0,0,1.5715,0.9995,0.0,2.0,3400.0,SPXW260925P03400000,0.12,0.0,0,0,0,1.1723,-0.0002,0.0,8.0
2026-09-25 16:00:00,SPXW260925C03600000,0.0,0.0,0,0,0,1.4642,0.9995,0.0,0.0,3600.0,SPXW260925P03600000,0.1,0.0,0,0,0,1.1223,-0.0003,0.0,6.0
2026-09-25 16:00:00,SPXW260925C03800000,0.0,0.0,0,0,0,1.3705,0.9995,0.0,0.0,3800.0,SPXW260925P03800000,0.1,0.0,0,0,0,1.0452,-0.0003,0.0,41.0
2026-09-25 16:00:00,SPXW260925C04000000,0.0,0.0,0,0,0,1.274,0.9994,0.0,0.0,4000.0,SPXW260925P04000000,0.05,-0.025,0,0,1,0.9721,-0.0004,0.0,359.0
2026-09-25 16:00:00,SPXW260925C04200000,0.0,0.0,0,0,0,1.189,0.9994,0.0,0.0,4200.0,SPXW260925P04200000,0.1,0.0,0,0,0,0.9206,-0.0004,0.0,67.0
2026-09-25 16:00:00,SPXW260925C04400000,0.0,0.0,0,0,0,1.1012,0.9993,0.0,0.0,4400.0,SPXW260925P04400000,0.1,-0.05,0,0,2,0.8784,-0.0005,0.0,38.0
2026-09-25 16:00:00,SPXW260925C04600000,2990.15,0.0,0,0,0,1.0231,0.9992,0.0,2.0,4600.0,SPXW260925P04600000,0.1,-0.1,0,0,2,0.8212,-0.0006,0.0,460.0
2026-09-25 16:00:00,SPXW260925C04800000,0.0,0.0,0,0,0,0.9478,0.999,0.0,0.0,4800.0,SPXW260925P04800000,0.15,-0.1,0,0,3,0.7717,-0.0008,0.0,76.0
2026-09-25 16:00:00,SPXW260925C05000000,2690.29,0.0,0,0,0,0.8748,0.9988,0.0,98.0,5000.0,SPXW260925P05000000,0.26,-0.065,0,0,6,0.7201,-0.001,0.0,1188.0
2026-09-25 16:00:00,SPXW260925C05200000,0.0,0.0,0,0,0,0.804,0.9984,0.0,0.0,5200.0,SPXW260925P05200000,0.25,-0.2,0,0,12,0.6719,-0.0013,0.0,823.0
2026-09-25 16:00:00,SPXW260925C05400000,2332.49,0.0,0,0,0,0.7352,0.998,0.0,3.0,5400.0,SPXW260925P05400000,0.4,-0.2,0,0,19,0.6248,-0.0018,0.0,1356.0
2026-09-25 16:00:00,SPXW260925C05600000,2128.46,0.0,0,0,0,0.6681,0.9973,0.0,0.0,5600.0,SPXW260925P05600000,0.55,-0.25,0,0,51,0.5802,-0.0025,0.0,1398.0
2026-09-25 16:00:00,SPXW260925C05700000,0.0,0.0,0,0,0,0.6386,0.9968,0.0,0.0,5700.0,SPXW260925P05700000,0.66,0.66,0,0,102,0.5564,-0.0029,0.0,101.0
2026-09-25 16:00:00,SPXW260925C05800000,0.0,0.0,0,0,0,0.6058,0.9963,0.0,0.0,5800.0,SPXW260925P05800000,0.65,-0.4,0,0,153,0.5356,-0.0034,0.0,651.0
2026-09-25 16:00:00,SPXW260925C05900000,1787.03,0.0,0,0,0,0.5764,0.9957,0.0,1.0,5900.0,SPXW260925P05900000,0.89,-0.31,0,0,182,0.5133,-0.0041,0.0,872.0
2026-09-25 16:00:00,SPXW260925C06000000,1717.68,0.0,0,0,0,0.5468,0.995,0.0,2778.0,6000.0,SPXW260925P06000000,1.0,-0.375,0,0,663,0.4899,-0.0048,0.0,4077.0
2026-09-25 16:00:00,SPXW260925C06100000,1643.52,0.0,0,0,0,0.5172,0.9942,0.0,5.0,6100.0,SPXW260925P06100000,1.15,-0.425,0,0,563,0.4669,-0.0056,0.0,4384.0
2026-09-25 16:00:00,SPXW260925C06150000,0.0,0.0,0,0,0,0.5035,0.9937,0.0,0.0,6150.0,SPXW260925P06150000,0.8,-0.9,0,0,297,0.456,-0.0061,0.0,1236.0
2026-09-25 16:00:00,SPXW260925C06175000,0.0,0.0,0,0,0,0.0,0.0,0.0,0.0,6175.0,SPXW260925P06175000,0.0,0.0,0,0,0,0.0,0.0,0.0,0.0
2026-09-25 16:00:00,SPXW260925C06200000,1522.17,0.0,0,0,0,0.4875,0.9932,0.0,1.0,6200.0,SPXW260925P06200000,1.25,-0.575,0,0,983,0.4438,-0.0066,0.0,1706.0
2026-09-25 16:00:00,SPXW260925C06225000,0.0,0.0,0,0,0,0.0,0.0,0.0,0.0,6225.0,SPXW260925P06225000,0.0,0.0,0,0,0,0.0,0.0,0.0,0.0
2026-09-25 16:00:00,SPXW260925C06250000,1439.79,0.0,0,0,0,0.4737,0.9926,0.0,2.0,6250.0,SPXW260925P06250000,1.3,-0.675,0,0,246,0.4314,-0.0072,0.0,898.0
2026-09-25 16:00:00,SPXW260925C06275000,0.0,0.0,0,0,0,0.4668,0.9923,0.0,0.0,6275.0,SPXW260925P06275000,0.0,0.0,0,0,0,0.4256,-0.0075,0.0,0.0
2026-09-25 16:00:00,SPXW260925C06300000,1394.71,0.0,0,0,0,0.4598,0.992,0.0,5.0,6300.0,SPXW260925P06300000,1.5,-0.6,0,0,10834,0.4197,-0.0078,0.0,65861.0
2026-09-25 16:00:00,SPXW260925C06325000,0.0,0.0,0,0,0,0.4528,0.9917,0.0,0.0,6325.0,SPXW260925P06325000,2.18,0.0,0,0,0,0.4137,-0.0081,0.0,2.0
2026-09-25 16:00:00,SPXW260925C06350000,0.0,0.0,0,0,0,0.4438,0.9913,0.0,0.0,6350.0,SPXW260925P06350000,1.47,-0.805,0,0,142,0.4077,-0.0085,0.0,3886.0
2026-09-25 16:00:00,SPXW260925C06375000,0.0,0.0,0,0,0,0.4368,0.991,0.0,0.0,6375.0,SPXW260925P06375000,1.5,-0.875,0,0,41,0.4016,-0.0088,0.0,41.0
2026-09-25 16:00:00,SPXW260925C06400000,1381.21,0.0,0,0,0,0.4298,0.9906,0.0,1.0,6400.0,SPXW260925P06400000,1.5,-0.95,0,0,259,0.3955,-0.0092,0.0,59232.0
2026-09-25 16:00:00,SPXW260925C06425000,0.0,0.0,0,0,0,0.4228,0.9902,0.0,0.0,6425.0,SPXW260925P06425000,0.0,0.0,0,0,0,0.3892,-0.0096,0.0,0.0
2026-09-25 16:00:00,SPXW260925C06450000,0.0,0.0,0,0,0,0.4157,0.9898,0.0,0.0,6450.0,SPXW260925P06450000,1.72,-0.955,0,0,25,0.3837,-0.01,0.0,406.0
2026-09-25 16:00:00,SPXW260925C06475000,1197.28,66.43,0,0,2,0.4086,0.9894,0.0,2.0,6475.0,SPXW260925P06475000,3.6,0.0,0,0,0,0.378,-0.0104,0.0,2.0
2026-09-25 16:00:00,SPXW260925C06500000,1163.87,58.12,0,0,2,0.4014,0.9889,0.0,2.0,6500.0,SPXW260925P06500000,1.9,-0.975,0,0,56,0.3716,-0.0109,0.0,1642.0
2026-09-25 16:00:00,SPXW260925C06525000,0.0,0.0,0,0,0,0.3942,0.9884,0.0,0.0,6525.0,SPXW260925P06525000,3.8,0.0,0,0,0,0.3651,-0.0114,0.0,2.0
2026-09-25 16:00:00,SPXW260925C06550000,0.0,0.0,0,0,0,0.387,0.9879,0.0001,0.0,6550.0,SPXW260925P06550000,2.05,-1.05,0,0,131,0.3598,-0.0119,0.0001,366.0
2026-09-25 16:00:00,SPXW260925C06575000,1106.24,74.29,0,0,1,0.3798,0.9874,0.0001,2.0,6575.0,SPXW260925P06575000,4.1,0.0,0,0,0,0.3532,-0.0124,0.0001,9.0
2026-09-25 16:00:00,SPXW260925C06600000,1072.93,65.53,0,0,3,0.3726,0.9868,0.0001,12.0,6600.0,SPXW260925P06600000,2.1,-1.3,0,0,139,0.3476,-0.013,0.0001,1086.0
2026-09-25 16:00:00,SPXW260925C06625000,1056.41,74.11,0,0,2,0.3653,0.9862,0.0001,9.0,6625.0,SPXW260925P06625000,4.5,0.0,0,0,0,0.3409,-0.0136,0.0001,11.0
2026-09-25 16:00:00,SPXW260925C06650000,0.0,0.0,0,0,0,0.3594,0.9856,0.0001,0.0,6650.0,SPXW260925P06650000,1.72,-2.03,0,0,14,0.3352,-0.0142,0.0001,791.0
2026-09-25 16:00:00,SPXW260925C06675000,0.0,0.0,0,0,0,0.3521,0.9849,0.0001,52.0,6675.0,SPXW260925P06675000,4.0,0.0,0,0,0,0.3293,-0.0149,0.0001,128.0
2026-09-25 16:00:00,SPXW260925C06700000,1099.08,0.0,0,0,0,0.3447,0.9842,0.0001,0.0,6700.0,SPXW260925P06700000,2.48,-1.62,0,0,295,0.3229,-0.0156,0.0001,1173.0
2026-09-25 16:00:00,SPXW260925C06725000,0.0,0.0,0,0,0,0.3373,0.9834,0.0001,0.0,6725.0,SPXW260925P06725000,4.4,0.0,0,0,0,0.3169,-0.0164,0.0001,263.0
2026-09-25 16:00:00,SPXW260925C06750000,1036.41,0.0,0,0,0,0.3311,0.9826,0.0001,0.0,6750.0,SPXW260925P06750000,2.6,-2.0,0,0,108,0.3107,-0.0172,0.0001,700.0
2026-09-25 16:00:00,SPXW260925C06760000,0.0,0.0,0,0,0,0.0,0.0,0.0,0.0,6760.0,SPXW260925P06760000,0.0,0.0,0,0,0,0.0,0.0,0.0,0.0
2026-09-25 16:00:00,SPXW260925C06770000,0.0,0.0,0,0,0,0.0,0.0,0.0,0.0,6770.0,SPXW260925P06770000,0.0,0.0,0,0,0,0.0,0.0,0.0,0.0
2026-09-25 16:00:00,SPXW260925C06775000,0.0,0.0,0,0,0,0.3236,0.9817,0.0001,0.0,6775.0,SPXW260925P06775000,4.9,0.0,0,0,0,0.3053,-0.0181,0.0001,87.0
2026-09-25 16:00:00,SPXW260925C06780000,0.0,0.0,0,0,0,0.0,0.0,0.0,0.0,6780.0,SPXW260925P06780000,0.0,0.0,0,0,0,0.0,0.0,0.0,0.0
2026-09-25 16:00:00,SPXW260925C06790000,0.0,0.0,0,0,0,0.0,0.0,0.0,0.0,6790.0,SPXW260925P06790000,0.0,0.0,0,0,0,0.0,0.0,0.0,0.0
2026-09-25 16:00:00,SPXW260925C06800000,894.23,0.0,0,0,0,0.3172,0.9808,0.0001,5.0,6800.0,SPXW260925P06800000,2.76,-2.34,0,0,115,0.2989,-0.019,0.0001,1546.0
2026-09-25 16:00:00,SPXW260925C06810000,0.0,0.0,0,0,0,0.0,0.0,0.0,0.0,6810.0,SPXW260925P06810000,0.0,0.0,0,0,0,0.0,0.0,0.0,0.0
2026-09-25 16:00:00,SPXW260925C06820000,0.0,0.0,0,0,0,0.0,0.0,0.0,0.0,6820.0,SPXW260925P06820000,0.0,0.0,0,0,0,0.0,0.0,0.0,0.0
2026-09-25 16:00:00,SPXW260925C06825000,0.0,0.0,0,0,0,0.3096,0.9797,0.0001,0.0,6825.0,SPXW260925P06825000,3.7,0.0,0,0,0,0.2921,-0.0201,0.0001,85.0
2026-09-25 16:00:00,SPXW260925C06830000,0.0,0.0,0,0,0,0.0,0.0,0.0,0.0,6830.0,SPXW260925P06830000,0.0,0.0,0,0,0,0.0,0.0,0.0,0.0
2026-09-25 16:00:00,SPXW260925C06840000,0.0,0.0,0,0,0,0.3055,0.9791,0.0001,0.0,6840.0,SPXW260925P06840000,0.0,0.0,0,0,0,0.2887,-0.0207,0.0001,0.0
2026-09-25 16:00:00,SPXW260925C06850000,0.0,0.0,0,0,0,0.3031,0.9786,0.0001,0.0,6850.0,SPXW260925P06850000,2.85,-2.85,0,0,4,0.2869,-0.0212,0.0001,450.0
2026-09-25 16:00:00,SPXW260925C06860000,0.0,0.0,0,0,0,0.3007,0.9782,0.0001,0.0,6860.0,SPXW260925P06860000,0.0,0.0,0,0,0,0.2837,-0.0216,0.0001,0.0
2026-09-25 16:00:00,SPXW260925C06870000,0.0,0.0,0,0,0,0.2982,0.9777,0.0001,0.0,6870.0,SPXW260925P06870000,0.0,0.0,0,0,0,0.2818,-0.0221,0.0001,0.0
2026-09-25 16:00:00,SPXW260925C06875000,0.0,0.0,0,0,0,0.2965,0.9774,0.0001,0.0,6875.0,SPXW260925P06875000,2.64,-3.36,0,0,11,0.2802,-0.0224,0.0001,271.0
2026-09-25 16:00:00,SPXW260925C06880000,0.0,0.0,0,0,0,0.2947,0.9772,0.0001,0.0,6880.0,SPXW260925P06880000,0.0,0.0,0,0,0,0.2787,-0.0226,0.0001,0.0
2026-09-25 16:00:00,SPXW260925C06890000,0.0,0.0,0,0,0,0.2922,0.9766,0.0001,0.0,6890.0,SPXW260925P06890000,0.0,0.0,0,0,0,0.2767,-0.0232,0.0001,0.0
2026-09-25 16:00:00,SPXW260925C06900000,0.0,0.0,0,0,0,0.2898,0.9761,0.0001,0.0,6900.0,SPXW260925P06900000,3.2,-3.2,0,0,2571,0.2747,-0.0237,0.0001,3270.0
2026-09-25 16:00:00,SPXW260925C06910000,0.0,0.0,0,0,0,0.2872,0.9755,0.0001,0.0,6910.0,SPXW260925P06910000,0.0,0.0,0,0,0,0.2715,-0.0243,0.0001,0.0
2026-09-25 16:00:00,SPXW260925C06920000,0.0,0.0,0,0,0,0.2837,0.975,0.0001,0.0,6920.0,SPXW260925P06920000,0.0,0.0,0,0,0,0.2695,-0.0248,0.0001,0.0
2026-09-25 16:00:00,SPXW260925C06925000,693.19,0.0,0,0,0,0.2829,0.9746,0.0001,1.0,6925.0,SPXW260925P06925000,3.1,-3.7,0,0,3,0.2679,-0.0251,0.0001,286.0
2026-09-25 16:00:00,SPXW260925C06930000,0.0,0.0,0,0,0,0.2812,0.9743,0.0001,0.0,6930.0,SPXW260925P06930000,0.0,0.0,0,0,0,0.2674,-0.0254,0.0001,0.0
2026-09-25 16:00:00,SPXW260925C06940000,0.0,0.0,0,0,0,0.2786,0.9737,0.0001,100.0,6940.0,SPXW260925P06940000,3.75,-3.35,0,0,3,0.2648,-0.0261,0.0001,6.0
2026-09-25 16:00:00,SPXW260925C06950000,0.0,0.0,0,0,0,0.276,0.973,0.0002,0.0,6950.0,SPXW260925P06950000,3.4,-3.9,0,0,141,0.2621,-0.0267,0.0002,962.0
2026-09-25 16:00:00,SPXW260925C06960000,0.0,0.0,0,0,0,0.2734,0.9724,0.0002,0.0,6960.0,SPXW260925P06960000,7.75,0.0,0,0,0,0.2599,-0.0274,0.0002,29.0
2026-09-25 16:00:00,SPXW260925C06970000,0.0,0.0,0,0,0,0.2708,0.9717,0.0002,0.0,6970.0,SPXW260925P06970000,0.0,0.0,0,0,0,0.2577,-0.0281,0.0002,0.0
2026-09-25 16:00:00,SPXW260925C06975000,0.0,0.0,0,0,0,0.269,0.9713,0.0002,0.0,6975.0,SPXW260925P06975000,3.54,-4.26,0,0,62,0.2561,-0.0285,0.0002,271.0
2026-09-25 16:00:00,SPXW260925C06980000,0.0,0.0,0,0,0,0.2681,0.9709,0.0002,0.0,6980.0,SPXW260925P06980000,8.01,0.0,0,0,0,0.2555,-0.0289,0.0002,27.0
2026-09-25 16:00:00,SPXW260925C06990000,620.61,0.0,0,0,0,0.2654,0.9702,0.0002,2.0,6990.0,SPXW260925P06990000,4.8,0.0,0,0,0,0.2533,-0.0296,0.0002,5.0
2026-09-25 16:00:00,SPXW260925C07000000,607.23,0.0,0,0,0,0.2627,0.9694,0.0002,4778.0,7000.0,SPXW260925P07000000,4.2,-4.2,0,0,571,0.2504,-0.0304,0.0002,6710.0
2026-09-25 16:00:00,SPXW260925C07010000,685.34,0.0,0,0,0,0.26,0.9685,0.0002,2.0,7010.0,SPXW260925P07010000,4.11,-4.54,0,0,1,0.2481,-0.0313,0.0002,1.0
2026-09-25 16:00:00,SPXW260925C07020000,0.0,0.0,0,0,0,0.2572,0.9676,0.0002,0.0,7020.0,SPXW260925P07020000,3.6,-5.3,0,0,4,0.2458,-0.0322,0.0002,10.0
2026-09-25 16:00:00,SPXW260925C07025000,0.0,0.0,0,0,0,0.2563,0.9672,0.0002,0.0,7025.0,SPXW260925P07025000,4.35,-4.65,0,0,15,0.2446,-0.0326,0.0002,8440.0
2026-09-25 16:00:00,SPXW260925C07030000,0.0,0.0,0,0,0,0.2545,0.9667,0.0002,0.0,7030.0,SPXW260925P07030000,4.11,-5.09,0,0,1,0.2434,-0.0331,0.0002,7.0
2026-09-25 16:00:00,SPXW260925C07040000,0.0,0.0,0,0,0,0.2517,0.9658,0.0002,0.0,7040.0,SPXW260925P07040000,3.88,-5.62,0,0,14,0.2415,-0.034,0.0002,13.0
2026-09-25 16:00:00,SPXW260925C07050000,0.0,0.0,0,0,0,0.2497,0.9648,0.0002,0.0,7050.0,SPXW260925P07050000,4.8,-4.95,0,0,727,0.2385,-0.035,0.0002,9155.0
2026-09-25 16:00:00,SPXW260925C07060000,0.0,0.0,0,0,0,0.2468,0.9637,0.0002,52.0,7060.0,SPXW260925P07060000,4.6,-5.45,0,0,3,0.2365,-0.0361,0.0002,6.0
2026-09-25 16:00:00,SPXW260925C07070000,0.0,0.0,0,0,0,0.244,0.9626,0.0002,0.0,7070.0,SPXW260925P07070000,4.2,-6.2,0,0,3,0.2344,-0.0372,0.0002,8.0
2026-09-25 16:00:00,SPXW260925C07075000,0.0,0.0,0,0,0,0.2429,0.962,0.0002,0.0,7075.0,SPXW260925P07075000,4.8,-5.7,0,0,76,0.2331,-0.0378,0.0002,266.0
2026-09-25 16:00:00,SPXW260925C07080000,0.0,0.0,0,0,0,0.2418,0.9614,0.0002,275.0,7080.0,SPXW260925P07080000,8.25,0.0,0,0,0,0.2319,-0.0383,0.0002,37.0
2026-09-25 16:00:00,SPXW260925C07090000,0.0,0.0,0,0,0,0.239,0.9602,0.0002,4.0,7090.0,SPXW260925P07090000,4.87,-6.23,0,0,2,0.2297,-0.0396,0.0002,14.0
2026-09-25 16:00:00,SPXW260925C07100000,555.16,0.0,0,0,0,0.2367,0.959,0.0003,1.0,7100.0,SPXW260925P07100000,5.25,-6.15,0,0,548,0.227,-0.0408,0.0003,2000.0
2026-09-25 16:00:00,SPXW260925C07110000,0.0,0.0,0,0,0,0.2344,0.9576,0.0003,0.0,7110.0,SPXW260925P07110000,5.37,-6.48,0,0,3,0.2252,-0.0422,0.0003,4.0
2026-09-25 16:00:00,SPXW260925C07120000,0.0,0.0,0,0,0,0.2315,0.9562,0.0003,0.0,7120.0,SPXW260925P07120000,12.77,0.0,0,0,0,0.2228,-0.0436,0.0003,12.0
2026-09-25 16:00:00,SPXW260925C07125000,722.92,0.0,0,0,0,0.2303,0.9555,0.0003,4.0,7125.0,SPXW260925P07125000,5.85,-6.55,0,0,24,0.2218,-0.0443,0.0003,175.0
2026-09-25 16:00:00,SPXW260925C07130000,0.0,0.0,0,0,0,0.2291,0.9547,0.0003,0.0,7130.0,SPXW260925P07130000,5.57,-7.08,0,0,8,0.2208,-0.045,0.0003,66.0
2026-09-25 16:00:00,SPXW260925C07140000,0.0,0.0,0,0,0,0.2267,0.9532,0.0003,0.0,7140.0,SPXW260925P07140000,5.37,-7.78,0,0,6,0.2187,-0.0466,0.0003,20.0
2026-09-25 16:00:00,SPXW260925C07150000,529.92,63.07,0,0,1,0.2243,0.9516,0.0003,6.0,7150.0,SPXW260925P07150000,5.36,-8.24,0,0,115,0.2163,-0.0482,0.0003,571.0
2026-09-25 16:00:00,SPXW260925C07160000,0.0,0.0,0,0,0,0.2218,0.9498,0.0003,0.0,7160.0,SPXW260925P07160000,5.51,-8.54,0,0,4,0.2141,-0.05,0.0003,124.0
2026-09-25 16:00:00,SPXW260925C07170000,0.0,0.0,0,0,0,0.2192,0.948,0.0003,0.0,7170.0,SPXW260925P07170000,6.5,-8.05,0,0,15,0.2119,-0.0517,0.0003,138.0
2026-09-25 16:00:00,SPXW260925C07175000,503.42,58.42,0,0,2,0.218,0.9471,0.0003,7.0,7175.0,SPXW260925P07175000,6.61,-8.19,0,0,388,0.2107,-0.0527,0.0003,520.0
2026-09-25 16:00:00,SPXW260925C07180000,498.61,58.91,0,0,2,0.2167,0.9461,0.0004,2.0,7180.0,SPXW260925P07180000,5.99,-9.16,0,0,30,0.2096,-0.0537,0.0004,140.0
2026-09-25 16:00:00,SPXW260925C07190000,0.0,0.0,0,0,0,0.2146,0.9441,0.0004,0.0,7190.0,SPXW260925P07190000,6.08,-9.57,0,0,5,0.2076,-0.0556,0.0004,167.0
2026-09-25 16:00:00,SPXW260925C07200000,537.8,0.0,0,0,0,0.2119,0.942,0.0004,61.0,7200.0,SPXW260925P07200000,7.2,-9.0,0,0,508,0.2054,-0.0578,0.0004,1342.0
2026-09-25 16:00:00,SPXW260925C07205000,0.0,0.0,0,0,0,0.0,0.0,0.0,0.0,7205.0,SPXW260925P07205000,0.0,0.0,0,0,0,0.0,0.0,0.0,0.0
2026-09-25 16:00:00,SPXW260925C07210000,524.4,0.0,0,0,0,0.2098,0.9398,0.0004,1.0,7210.0,SPXW260925P07210000,7.4,-9.5,0,0,1106,0.203,-0.06,0.0004,1167.0
2026-09-25 16:00:00,SPXW260925C07215000,0.0,0.0,0,0,0,0.0,0.0,0.0,0.0,7215.0,SPXW260925P07215000,0.0,0.0,0,0,0,0.0,0.0,0.0,0.0
2026-09-25 16:00:00,SPXW260925C07220000,0.0,0.0,0,0,0,0.2075,0.9374,0.0004,225.0,7220.0,SPXW260925P07220000,17.31,0.0,0,0,0,0.2013,-0.0624,0.0004,637.0
2026-09-25 16:00:00,SPXW260925C07225000,482.61,0.0,0,0,0,0.2061,0.9362,0.0004,6.0,7225.0,SPXW260925P07225000,6.96,-10.84,0,0,5,0.2003,-0.0636,0.0004,928.0
2026-09-25 16:00:00,SPXW260925C07230000,509.06,0.0,0,0,0,0.2052,0.9349,0.0004,5.0,7230.0,SPXW260925P07230000,7.82,-10.33,0,0,11,0.1992,-0.0648,0.0004,227.0
2026-09-25 16:00:00,SPXW260925C07235000,0.0,0.0,0,0,0,0.0,0.0,0.0,0.0,7235.0,SPXW260925P07235000,0.0,0.0,0,0,0,0.0,0.0,0.0,0.0
2026-09-25 16:00:00,SPXW260925C07240000,0.0,0.0,0,0,0,0.2028,0.9323,0.0004,0.0,7240.0,SPXW260925P07240000,7.3,-11.6,0,0,11,0.1969,-0.0675,0.0004,1074.0
2026-09-25 16:00:00,SPXW260925C07245000,0.0,0.0,0,0,0,0.0,0.0,0.0,0.0,7245.0,SPXW260925P07245000,0.0,0.0,0,0,0,0.0,0.0,0.0,0.0
2026-09-25 16:00:00,SPXW260925C07250000,0.0,0.0,0,0,0,0.2004,0.9296,0.0005,0.0,7250.0,SPXW260925P07250000,8.41,-11.19,0,0,135,0.1949,-0.0702,0.0005,1524.0
2026-09-25 16:00:00,SPXW260925C07255000,0.0,0.0,0,0,0,0.0,0.0,0.0,0.0,7255.0,SPXW260925P07255000,0.0,0.0,0,0,0,0.0,0.0,0.0,0.0
2026-09-25 16:00:00,SPXW260925C07260000,429.67,65.17,0,0,13,0.1984,0.9267,0.0005,13.0,7260.0,SPXW260925P07260000,8.5,-11.9,0,0,7,0.1929,-0.0731,0.0005,65.0
2026-09-25 16:00:00,SPXW260925C07265000,0.0,0.0,0,0,0,0.0,0.0,0.0,0.0,7265.0,SPXW260925P07265000,0.0,0.0,0,0,0,0.0,0.0,0.0,0.0
2026-09-25 16:00:00,SPXW260925C07270000,420.07,64.72,0,0,12,0.1958,0.9236,0.0005,12.0,7270.0,SPXW260925P07270000,8.65,-12.55,0,0,32,0.191,-0.0762,0.0005,159.0
2026-09-25 16:00:00,SPXW260925C07275000,422.93,0.0,0,0,0,0.1948,0.922,0.0005,25.0,7275.0,SPXW260925P07275000,9.57,-12.03,0,0,191,0.1898,-0.0778,0.0005,787.0
2026-09-25 16:00:00,SPXW260925C07280000,395.24,0.0,0,0,0,0.1936,0.9204,0.0005,1.0,7280.0,SPXW260925P07280000,9.3,-12.75,0,0,1152,0.1886,-0.0794,0.0005,1207.0
2026-09-25 16:00:00,SPXW260925C07285000,0.0,0.0,0,0,0,0.0,0.0,0.0,0.0,7285.0,SPXW260925P07285000,0.0,0.0,0,0,0,0.0,0.0,0.0,0.0
2026-09-25 16:00:00,SPXW260925C07290000,0.0,0.0,0,0,0,0.1914,0.9169,0.0005,0.0,7290.0,SPXW260925P07290000,10.15,-12.8,0,0,54,0.1868,-0.0829,0.0005,186.0
2026-09-25 16:00:00,SPXW260925C07295000,0.0,0.0,0,0,0,0.1906,0.9152,0.0006,0.0,7295.0,SPXW260925P07295000,10.51,10.51,0,0,32,0.1858,-0.0846,0.0006,26.0
2026-09-25 16:00:00,SPXW260925C07300000,378.87,50.82,0,0,1,0.1895,0.9133,0.0006,39.0,7300.0,SPXW260925P07300000,10.5,-13.35,0,0,327,0.1849,-0.0865,0.0006,1860.0
2026-09-25 16:00:00,SPXW260925C07305000,0.0,0.0,0,0,0,0.1883,0.9114,0.0006,0.0,7305.0,SPXW260925P07305000,12.62,12.62,0,0,12,0.184,-0.0883,0.0006,12.0
2026-09-25 16:00:00,SPXW260925C07310000,369.41,50.36,0,0,2,0.187,0.9095,0.0006,5.0,7310.0,SPXW260925P07310000,10.9,-13.95,0,0,32,0.1831,-0.0903,0.0006,169.0
2026-09-25 16:00:00,SPXW260925C07315000,0.0,0.0,0,0,0,0.1862,0.9075,0.0006,0.0,7315.0,SPXW260925P07315000,10.97,10.97,0,0,11,0.1819,-0.0922,0.0006,11.0
2026-09-25 16:00:00,SPXW260925C07320000,359.64,49.59,0,0,6,0.1849,0.9055,0.0006,18.0,7320.0,SPXW260925P07320000,11.49,-14.36,0,0,93,0.181,-0.0943,0.0006,150.0
2026-09-25 16:00:00,SPXW260925C07325000,0.0,0.0,0,0,0,0.184,0.9034,0.0006,0.0,7325.0,SPXW260925P07325000,11.62,-14.78,0,0,109,0.18,-0.0964,0.0006,536.0
2026-09-25 16:00:00,SPXW260925C07330000,298.38,0.0,0,0,0,0.1827,0.9012,0.0006,1.0,7330.0,SPXW260925P07330000,11.9,-15.0,0,0,9,0.1791,-0.0985,0.0006,260.0
2026-09-25 16:00:00,SPXW260925C07335000,0.0,0.0,0,0,0,0.1818,0.899,0.0007,0.0,7335.0,SPXW260925P07335000,12.12,-15.38,0,0,64,0.1779,-0.1007,0.0007,63.0
2026-09-25 16:00:00,SPXW260925C07340000,367.75,0.0,0,0,0,0.1808,0.8968,0.0007,13.0,7340.0,SPXW260925P07340000,12.32,-15.73,0,0,94,0.177,-0.103,0.0007,231.0
2026-09-25 16:00:00,SPXW260925C07345000,0.0,0.0,0,0,0,0.1798,0.8944,0.0007,0.0,7345.0,SPXW260925P07345000,12.6,-16.05,0,0,41,0.1759,-0.1053,0.0007,167.0
2026-09-25 16:00:00,SPXW260925C07350000,343.19,59.69,0,0,3,0.1787,0.892,0.0007,17.0,7350.0,SPXW260925P07350000,13.1,-16.15,0,0,214,0.1752,-0.1077,0.0007,810.0
2026-09-25 16:00:00,SPXW260925C07355000,0.0,0.0,0,0,0,0.1777,0.8896,0.0007,0.0,7355.0,SPXW260925P07355000,13.5,-16.35,0,0,11,0.1742,-0.1102,0.0007,52.0
2026-09-25 16:00:00,SPXW260925C07360000,376.49,0.0,0,0,0,0.1766,0.887,0.0007,7.0,7360.0,SPXW260925P07360000,13.73,-16.72,0,0,50,0.173,-0.1127,0.0007,696.0
2026-09-25 16:00:00,SPXW260925C07365000,0.0,0.0,0,0,0,0.1755,0.8844,0.0008,0.0,7365.0,SPXW260925P07365000,12.95,-18.2,0,0,12,0.1725,-0.1153,0.0008,11.0
2026-09-25 16:00:00,SPXW260925C07370000,0.0,0.0,0,0,0,0.1743,0.8818,0.0008,0.0,7370.0,SPXW260925P07370000,14.3,-17.45,0,0,24,0.1714,-0.118,0.0008,204.0
2026-09-25 16:00:00,SPXW260925C07375000,347.57,0.0,0,0,0,0.1735,0.879,0.0008,5.0,7375.0,SPXW260925P07375000,14.55,-17.9,0,0,285,0.1705,-0.1208,0.0008,1277.0
2026-09-25 16:00:00,SPXW260925C07380000,314.64,57.24,0,0,1,0.1723,0.8762,0.0008,1.0,7380.0,SPXW260925P07380000,15.02,-18.08,0,0,53,0.1694,-0.1236,0.0008,386.0
2026-09-25 16:00:00,SPXW260925C07385000,0.0,0.0,0,0,0,0.1714,0.8733,0.0008,0.0,7385.0,SPXW260925P07385000,15.0,-18.8,0,0,5,0.1684,-0.1265,0.0008,19.0
2026-09-25 16:00:00,SPXW260925C07390000,365.08,0.0,0,0,0,0.1705,0.8703,0.0008,1.0,7390.0,SPXW260925P07390000,15.5,-19.0,0,0,104,0.1674,-0.1294,0.0008,246.0
2026-09-25 16:00:00,SPXW260925C07395000,0.0,0.0,0,0,0,0.1692,0.8673,0.0009,0.0,7395.0,SPXW260925P07395000,14.9,-20.4,0,0,41,0.1665,-0.1325,0.0009,36.0
2026-09-25 16:00:00,SPXW260925C07400000,277.49,0.0,0,0,0,0.1682,0.8641,0.0009,108.0,7400.0,SPXW260925P07400000,16.76,-19.24,0,0,628,0.1658,-0.1356,0.0009,2451.0
2026-09-25 16:00:00,SPXW260925C07405000,0.0,0.0,0,0,0,0.1672,0.8609,0.0009,0.0,7405.0,SPXW260925P07405000,17.45,-19.35,0,0,13,0.1647,-0.1389,0.0009,51.0
2026-09-25 16:00:00,SPXW260925C07410000,286.17,54.27,0,0,1,0.1664,0.8576,0.0009,3.0,7410.0,SPXW260925P07410000,18.14,-19.46,0,0,68,0.1637,-0.1422,0.0009,470.0
2026-09-25 16:00:00,SPXW260925C07415000,0.0,0.0,0,0,0,0.1653,0.8542,0.0009,0.0,7415.0,SPXW260925P07415000,18.05,-20.35,0,0,47,0.1627,-0.1456,0.0009,56.0
2026-09-25 16:00:00,SPXW260925C07420000,0.0,0.0,0,0,0,0.1642,0.8507,0.001,0.0,7420.0,SPXW260925P07420000,18.22,-20.98,0,0,72,0.1619,-0.1491,0.001,327.0
2026-09-25 16:00:00,SPXW260925C07425000,214.0,0.0,0,0,0,0.1633,0.847,0.001,98.0,7425.0,SPXW260925P07425000,18.95,-21.05,0,0,424,0.161,-0.1527,0.001,861.0
2026-09-25 16:00:00,SPXW260925C07430000,262.15,46.75,0,0,2,0.1624,0.8434,0.001,7.0,7430.0,SPXW260925P07430000,19.47,-21.43,0,0,51,0.16,-0.1564,0.001,153.0
2026-09-25 16:00:00,SPXW260925C07435000,271.07,0.0,0,0,0,0.1611,0.8396,0.001,2.0,7435.0,SPXW260925P07435000,19.55,-22.25,0,0,32,0.159,-0.1602,0.001,39.0
2026-09-25 16:00:00,SPXW260925C07440000,310.8,0.0,0,0,0,0.1601,0.8356,0.001,5.0,7440.0,SPXW260925P07440000,19.94,-22.76,0,0,92,0.1581,-0.1641,0.001,330.0
2026-09-25 16:00:00,SPXW260925C07445000,0.0,0.0,0,0,0,0.1594,0.8316,0.0011,0.0,7445.0,SPXW260925P07445000,20.46,-23.14,0,0,47,0.1571,-0.1682,0.0011,48.0
2026-09-25 16:00:00,SPXW260925C07450000,247.83,48.58,0,0,1,0.1583,0.8275,0.0011,12.0,7450.0,SPXW260925P07450000,21.52,-22.98,0,0,203,0.1564,-0.1723,0.0011,5430.0
2026-09-25 16:00:00,SPXW260925C07455000,0.0,0.0,0,0,0,0.1572,0.8233,0.0011,0.0,7455.0,SPXW260925P07455000,20.07,-25.43,0,0,11,0.1553,-0.1765,0.0011,38.0
2026-09-25 16:00:00,SPXW260925C07460000,192.98,0.0,0,0,0,0.1563,0.8189,0.0011,2.0,7460.0,SPXW260925P07460000,22.0,-24.5,0,0,45,0.1545,-0.1809,0.0011,178.0
2026-09-25 16:00:00,SPXW260925C07465000,0.0,0.0,0,0,0,0.1554,0.8144,0.0012,0.0,7465.0,SPXW260925P07465000,22.35,-25.15,0,0,5,0.1535,-0.1853,0.0012,86.0
2026-09-25 16:00:00,SPXW260925C07470000,178.64,0.0,0,0,0,0.1544,0.8098,0.0012,6.0,7470.0,SPXW260925P07470000,23.05,-25.45,0,0,104,0.1526,-0.1899,0.0012,307.0
2026-09-25 16:00:00,SPXW260925C07475000,223.5,44.15,0,0,3,0.1534,0.8051,0.0012,64.0,7475.0,SPXW260925P07475000,23.47,-26.13,0,0,776,0.1517,-0.1947,0.0012,1112.0
2026-09-25 16:00:00,SPXW260925C07480000,171.67,0.0,0,0,0,0.1537,0.8003,0.0012,2.0,7480.0,SPXW260925P07480000,25.2,-25.5,0,0,83,0.1507,-0.1995,0.0012,679.0
2026-09-25 16:00:00,SPXW260925C07485000,0.0,0.0,0,0,0,0.1515,0.7953,0.0013,0.0,7485.0,SPXW260925P07485000,24.65,-27.15,0,0,28,0.1499,-0.2045,0.0013,104.0
2026-09-25 16:00:00,SPXW260925C07490000,211.48,43.58,0,0,1,0.1505,0.7902,0.0013,2.0,7490.0,SPXW260925P07490000,26.16,-26.74,0,0,484,0.1489,-0.2096,0.0013,532.0
2026-09-25 16:00:00,SPXW260925C07495000,164.95,0.0,0,0,0,0.1496,0.7849,0.0013,0.0,7495.0,SPXW260925P07495000,26.06,-28.04,0,0,213,0.148,-0.2148,0.0013,228.0
2026-09-25 16:00:00,SPXW260925C07500000,195.78,35.48,0,0,37,0.1486,0.7795,0.0013,97.0,7500.0,SPXW260925P07500000,27.5,-27.75,0,0,2478,0.1471,-0.2202,0.0013,5404.0
2026-09-25 16:00:00,SPXW260925C07505000,191.6,35.1,0,0,1,0.1475,0.774,0.0014,2.0,7505.0,SPXW260925P07505000,28.08,-28.42,0,0,95,0.1462,-0.2258,0.0014,96.0
2026-09-25 16:00:00,SPXW260925C07510000,149.24,0.0,0,0,0,0.1466,0.7683,0.0014,3.0,7510.0,SPXW260925P07510000,28.15,-29.55,0,0,61,0.1453,-0.2314,0.0014,173.0
2026-09-25 16:00:00,SPXW260925C07515000,181.15,32.05,0,0,2,0.1457,0.7625,0.0014,5.0,7515.0,SPXW260925P07515000,30.3,-28.7,0,0,62,0.1443,-0.2373,0.0014,207.0
2026-09-25 16:00:00,SPXW260925C07520000,178.13,32.83,0,0,1,0.1447,0.7565,0.0014,56.0,7520.0,SPXW260925P07520000,30.82,-29.48,0,0,53,0.1434,-0.2432,0.0014,194.0
2026-09-25 16:00:00,SPXW260925C07525000,174.32,32.62,0,0,7,0.1437,0.7504,0.0015,74.0,7525.0,SPXW260925P07525000,31.63,-29.97,0,0,237,0.1425,-0.2494,0.0015,746.0
2026-09-25 16:00:00,SPXW260925C07530000,168.35,30.25,0,0,48,0.1428,0.7441,0.0015,80.0,7530.0,SPXW260925P07530000,32.13,-30.87,0,0,95,0.1416,-0.2557,0.0015,202.0
2026-09-25 16:00:00,SPXW260925C07535000,134.4,0.0,0,0,0,0.1419,0.7376,0.0015,9.0,7535.0,SPXW260925P07535000,32.4,-32.0,0,0,148,0.1406,-0.2621,0.0015,179.0
2026-09-25 16:00:00,SPXW260925C07540000,251.49,0.0,0,0,0,0.1409,0.731,0.0016,36.0,7540.0,SPXW260925P07540000,34.28,-31.57,0,0,169,0.1397,-0.2688,0.0016,280.0
2026-09-25 16:00:00,SPXW260925C07545000,130.91,0.0,0,0,0,0.1399,0.7242,0.0016,13.0,7545.0,SPXW260925P07545000,35.41,-31.94,0,0,52,0.1388,-0.2755,0.0016,155.0
2026-09-25 16:00:00,SPXW260925C07550000,153.92,30.02,0,0,2,0.139,0.7173,0.0016,84.0,7550.0,SPXW260925P07550000,35.57,-33.23,0,0,1585,0.138,-0.2825,0.0016,3710.0
2026-09-25 16:00:00,SPXW260925C07555000,122.16,0.0,0,0,0,0.138,0.7102,0.0017,11.0,7555.0,SPXW260925P07555000,37.97,-32.38,0,0,46,0.137,-0.2896,0.0017,93.0
2026-09-25 16:00:00,SPXW260925C07560000,147.07,30.02,0,0,4,0.1372,0.7029,0.0017,18.0,7560.0,SPXW260925P07560000,39.02,-32.93,0,0,503,0.1361,-0.2969,0.0017,499.0
2026-09-25 16:00:00,SPXW260925C07565000,142.39,28.69,0,0,15,0.1352,0.6954,0.0017,28.0,7565.0,SPXW260925P07565000,39.49,-34.06,0,0,151,0.1352,-0.3044,0.0017,233.0
2026-09-25 16:00:00,SPXW260925C07570000,142.72,32.37,0,0,3,0.1345,0.6878,0.0018,24.0,7570.0,SPXW260925P07570000,41.0,-34.2,0,0,672,0.1343,-0.312,0.0018,4773.0
2026-09-25 16:00:00,SPXW260925C07575000,146.23,39.23,0,0,3,0.1335,0.6799,0.0018,78.0,7575.0,SPXW260925P07575000,39.65,-37.25,0,0,539,0.1333,-0.3199,0.0018,3073.0
2026-09-25 16:00:00,SPXW260925C07580000,134.83,31.03,0,0,13,0.1327,0.6719,0.0018,30.0,7580.0,SPXW260925P07580000,42.86,-35.79,0,0,718,0.1325,-0.3279,0.0018,694.0
2026-09-25 16:00:00,SPXW260925C07585000,127.77,27.12,0,0,17,0.1317,0.6637,0.0018,28.0,7585.0,SPXW260925P07585000,43.76,-36.64,0,0,914,0.1315,-0.3361,0.0018,557.0
2026-09-25 16:00:00,SPXW260925C07590000,127.32,29.92,0,0,6,0.1309,0.6553,0.0019,168.0,7590.0,SPXW260925P07590000,45.22,-37.03,0,0,268,0.1306,-0.3445,0.0019,400.0
2026-09-25 16:00:00,SPXW260925C07595000,123.2,28.9,0,0,11,0.1299,0.6467,0.0019,31.0,7595.0,SPXW260925P07595000,46.79,-37.31,0,0,134,0.1297,-0.353,0.0019,674.0
2026-09-25 16:00:00,SPXW260925C07600000,114.15,22.95,0,0,566,0.129,0.638,0.0019,848.0,7600.0,SPXW260925P07600000,47.86,-38.14,0,0,410,0.1288,-0.3618,0.0019,1518.0
2026-09-25 16:00:00,SPXW260925C07605000,110.46,22.31,0,0,37,0.1281,0.629,0.002,67.0,7605.0,SPXW260925P07605000,48.7,-39.2,0,0,61,0.1279,-0.3708,0.002,154.0
2026-09-25 16:00:00,SPXW260925C07610000,117.1,21.05,0,0,34,0.1273,0.6198,0.002,189.0,7610.0,SPXW260925P07610000,50.81,-39.14,0,0,2987,0.127,-0.3799,0.002,2989.0
2026-09-25 16:00:00,SPXW260925C07615000,114.4,32.15,0,0,1,0.1262,0.6105,0.002,53.0,7615.0,SPXW260925P07615000,52.21,-39.79,0,0,125,0.1261,-0.3893,0.002,201.0
2026-09-25 16:00:00,SPXW260925C07620000,100.5,21.2,0,0,7,0.1254,0.601,0.002,120.0,7620.0,SPXW260925P07620000,51.15,-42.9,0,0,278,0.1252,-0.3988,0.002,549.0
2026-09-25 16:00:00,SPXW260925C07625000,99.45,23.0,0,0,85,0.1245,0.5913,0.0021,174.0,7625.0,SPXW260925P07625000,54.81,-41.7,0,0,1282,0.1242,-0.4085,0.0021,1603.0
2026-09-25 16:00:00,SPXW260925C07630000,96.95,23.2,0,0,20,0.1238,0.5813,0.0021,68.0,7630.0,SPXW260925P07630000,56.48,-41.97,0,0,246,0.1234,-0.4184,0.0021,382.0
2026-09-25 16:00:00,SPXW260925C07635000,95.3,24.35,0,0,34,0.1227,0.5712,0.0021,76.0,7635.0,SPXW260925P07635000,59.27,-41.38,0,0,143,0.1226,-0.4286,0.0021,496.0
2026-09-25 16:00:00,SPXW260925C07640000,91.9,23.6,0,0,78,0.1218,0.5609,0.0022,205.0,7640.0,SPXW260925P07640000,59.5,-43.4,0,0,244,0.1217,-0.4388,0.0022,440.0
2026-09-25 16:00:00,SPXW260925C07645000,82.4,16.75,0,0,102,0.1211,0.5505,0.0022,170.0,7645.0,SPXW260925P07645000,60.6,-44.75,0,0,174,0.1207,-0.4493,0.0022,173.0
2026-09-25 16:00:00,SPXW260925C07650000,79.27,16.27,0,0,176,0.1201,0.5398,0.0022,657.0,7650.0,SPXW260925P07650000,64.0,-43.7,0,0,558,0.1199,-0.46,0.0022,1344.0
2026-09-25 16:00:00,SPXW260925C07655000,79.89,19.34,0,0,81,0.1192,0.529,0.0022,88.0,7655.0,SPXW260925P07655000,66.2,-43.9,0,0,152,0.1191,-0.4708,0.0022,161.0
2026-09-25 16:00:00,SPXW260925C07660000,76.79,18.74,0,0,189,0.1184,0.5179,0.0022,284.0,7660.0,SPXW260925P07660000,67.58,-45.17,0,0,1723,0.1182,-0.4818,0.0022,1697.0
2026-09-25 16:00:00,SPXW260925C07665000,69.9,14.3,0,0,129,0.1174,0.5068,0.0023,132.0,7665.0,SPXW260925P07665000,66.36,-48.94,0,0,426,0.1172,-0.493,0.0023,414.0
2026-09-25 16:00:00,SPXW260925C07670000,68.35,15.1,0,0,107,0.1167,0.4954,0.0023,136.0,7670.0,SPXW260925P07670000,71.97,-45.98,0,0,927,0.1165,-0.5044,0.0023,817.0
2026-09-25 16:00:00,SPXW260925C07675000,64.94,14.04,0,0,457,0.1158,0.4839,0.0023,528.0,7675.0,SPXW260925P07675000,73.74,-46.96,0,0,342,0.1157,-0.5158,0.0023,815.0
2026-09-25 16:00:00,SPXW260925C07680000,61.47,12.8,0,0,136,0.115,0.4723,0.0023,220.0,7680.0,SPXW260925P07680000,72.08,-51.27,0,0,293,0.1148,-0.5275,0.0023,381.0
2026-09-25 16:00:00,SPXW260925C07685000,58.6,12.1,0,0,138,0.1142,0.4605,0.0023,167.0,7685.0,SPXW260925P07685000,76.11,-50.04,0,0,91,0.114,-0.5393,0.0023,185.0
2026-09-25 16:00:00,SPXW260925C07690000,58.1,13.7,0,0,49,0.1134,0.4486,0.0023,144.0,7690.0,SPXW260925P07690000,76.4,-52.7,0,0,47,0.113,-0.5512,0.0023,331.0
2026-09-25 16:00:00,SPXW260925C07695000,55.03,12.73,0,0,47,0.1125,0.4366,0.0023,108.0,7695.0,SPXW260925P07695000,82.6,-49.35,0,0,63,0.1124,-0.5632,0.0023,175.0
2026-09-25 16:00:00,SPXW260925C07700000,50.8,11.6,0,0,379,0.1118,0.4245,0.0023,1985.0,7700.0,SPXW260925P07700000,82.95,-51.95,0,0,462,0.1116,-0.5752,0.0023,1757.0
2026-09-25 16:00:00,SPXW260925C07705000,48.6,10.3,0,0,33,0.1111,0.4124,0.0023,106.0,7705.0,SPXW260925P07705000,83.7,-54.25,0,0,17,0.1108,-0.5874,0.0023,104.0
2026-09-25 16:00:00,SPXW260925C07710000,45.9,9.45,0,0,98,0.1102,0.4001,0.0023,305.0,7710.0,SPXW260925P07710000,90.1,-51.05,0,0,46,0.1101,-0.5997,0.0023,983.0
2026-09-25 16:00:00,SPXW260925C07715000,43.87,9.22,0,0,84,0.1095,0.3878,0.0023,112.0,7715.0,SPXW260925P07715000,91.18,-53.17,0,0,17,0.1093,-0.612,0.0023,92.0
2026-09-25 16:00:00,SPXW260925C07720000,42.25,9.35,0,0,117,0.1088,0.3755,0.0023,287.0,7720.0,SPXW260925P07720000,93.6,-54.0,0,0,17,0.1085,-0.6243,0.0023,414.0
2026-09-25 16:00:00,SPXW260925C07725000,39.05,7.9,0,0,516,0.1081,0.3632,0.0023,566.0,7725.0,SPXW260925P07725000,93.86,-56.99,0,0,70,0.1078,-0.6366,0.0023,219.0
2026-09-25 16:00:00,SPXW260925C07730000,37.38,7.88,0,0,33,0.1073,0.3509,0.0023,175.0,7730.0,SPXW260925P07730000,97.67,-56.58,0,0,92,0.1071,-0.6489,0.0023,183.0
2026-09-25 16:00:00,SPXW260925C07735000,37.25,9.35,0,0,23,0.1066,0.3386,0.0023,59.0,7735.0,SPXW260925P07735000,99.64,-57.96,0,0,16,0.1064,-0.6612,0.0023,156.0
2026-09-25 16:00:00,SPXW260925C07740000,33.4,7.0,0,0,68,0.1059,0.3263,0.0023,185.0,7740.0,SPXW260925P07740000,99.95,-61.25,0,0,86,0.1058,-0.6735,0.0023,295.0
2026-09-25 16:00:00,SPXW260925C07745000,31.42,6.2,0,0,318,0.1053,0.3141,0.0022,327.0,7745.0,SPXW260925P07745000,169.0,0.0,0,0,0,0.1051,-0.6856,0.0022,107.0
2026-09-25 16:00:00,SPXW260925C07750000,29.12,5.57,0,0,547,0.1046,0.302,0.0022,1478.0,7750.0,SPXW260925P07750000,102.6,-65.65,0,0,15,0.1042,-0.6978,0.0022,1938.0
2026-09-25 16:00:00,SPXW260925C07755000,27.34,5.19,0,0,91,0.1039,0.29,0.0022,161.0,7755.0,SPXW260925P07755000,118.75,-53.15,0,0,5,0.1016,-0.7097,0.0022,24.0
2026-09-25 16:00:00,SPXW260925C07760000,25.72,4.82,0,0,45,0.1034,0.2782,0.0022,114.0,7760.0,SPXW260925P07760000,112.65,-62.95,0,0,51,0.1008,-0.7216,0.0022,208.0
2026-09-25 16:00:00,SPXW260925C07765000,24.31,4.71,0,0,92,0.1027,0.2664,0.0021,169.0,7765.0,SPXW260925P07765000,116.42,-62.88,0,0,4,0.1002,-0.7334,0.0021,29.0
2026-09-25 16:00:00,SPXW260925C07770000,22.49,4.09,0,0,103,0.1022,0.2548,0.0021,322.0,7770.0,SPXW260925P07770000,128.62,-54.53,0,0,163,0.0994,-0.745,0.0021,207.0
2026-09-25 16:00:00,SPXW260925C07775000,21.3,4.0,0,0,248,0.1016,0.2434,0.002,991.0,7775.0,SPXW260925P07775000,118.45,-68.45,0,0,130,0.0987,-0.7564,0.002,779.0
2026-09-25 16:00:00,SPXW260925C07780000,20.64,4.39,0,0,110,0.1011,0.2322,0.002,197.0,7780.0,SPXW260925P07780000,122.23,-68.77,0,0,9,0.0981,-0.7676,0.002,33.0
2026-09-25 16:00:00,SPXW260925C07785000,19.7,4.55,0,0,33,0.1006,0.2212,0.002,177.0,7785.0,SPXW260925P07785000,133.02,-61.98,0,0,144,0.0976,-0.7786,0.002,126.0
2026-09-25 16:00:00,SPXW260925C07790000,17.5,3.25,0,0,134,0.0999,0.2104,0.0019,1722.0,7790.0,SPXW260925P07790000,139.2,-59.75,0,0,24,0.097,-0.7894,0.0019,83.0
2026-09-25 16:00:00,SPXW260925C07795000,16.05,2.75,0,0,73,0.0994,0.1999,0.0019,108.0,7795.0,SPXW260925P07795000,138.92,-64.13,0,0,1,0.0961,-0.7999,0.0019,3.0
2026-09-25 16:00:00,SPXW260925C07800000,15.0,2.6,0,0,1966,0.099,0.1896,0.0018,1893.0,7800.0,SPXW260925P07800000,150.0,-57.15,0,0,25,0.0982,-0.8102,0.0018,202.0
2026-09-25 16:00:00,SPXW260925C07805000,13.77,2.22,0,0,113,0.0985,0.1796,0.0018,168.0,7805.0,SPXW260925P07805000,130.9,0.0,0,0,0,0.095,-0.8202,0.0018,2.0
2026-09-25 16:00:00,SPXW260925C07810000,12.67,1.87,0,0,210,0.0979,0.1699,0.0017,395.0,7810.0,SPXW260925P07810000,153.94,-61.56,0,0,1,0.0945,-0.8299,0.0017,18.0
2026-09-25 16:00:00,SPXW260925C07815000,11.9,1.85,0,0,37,0.0975,0.1605,0.0017,30.0,7815.0,SPXW260925P07815000,126.4,0.0,0,0,0,0.0938,-0.8393,0.0017,1.0
2026-09-25 16:00:00,SPXW260925C07820000,10.95,1.6,0,0,162,0.0969,0.1513,0.0016,261.0,7820.0,SPXW260925P07820000,150.2,-73.95,0,0,7,0.0932,-0.8484,0.0016,8.0
2026-09-25 16:00:00,SPXW260925C07825000,10.1,1.4,0,0,1386,0.0966,0.1426,0.0016,2356.0,7825.0,SPXW260925P07825000,161.85,-66.3,0,0,10,0.0925,-0.8572,0.0016,117.0
2026-09-25 16:00:00,SPXW260925C07830000,10.5,2.45,0,0,126,0.0962,0.1341,0.0015,276.0,7830.0,SPXW260925P07830000,167.35,-65.3,0,0,1,0.0919,-0.8657,0.0015,7.0
2026-09-25 16:00:00,SPXW260925C07835000,9.6,2.1,0,0,15,0.096,0.126,0.0014,67.0,7835.0,SPXW260925P07835000,0.0,0.0,0,0,0,0.0912,-0.8738,0.0014,0.0
2026-09-25 16:00:00,SPXW260925C07840000,7.8,1.0,0,0,2461,0.0956,0.1182,0.0014,2916.0,7840.0,SPXW260925P07840000,144.52,0.0,0,0,0,0.0906,-0.8816,0.0014,9.0
2026-09-25 16:00:00,SPXW260925C07845000,8.6,2.15,0,0,10,0.0952,0.1108,0.0013,26.0,7845.0,SPXW260925P07845000,180.49,-65.31,0,0,1,0.0902,-0.889,0.0013,1.0
2026-09-25 16:00:00,SPXW260925C07850000,6.65,0.8,0,0,380,0.0949,0.1037,0.0013,1418.0,7850.0,SPXW260925P07850000,182.95,-67.35,0,0,10,0.0896,-0.8961,0.0013,64.0
2026-09-25 16:00:00,SPXW260925C07855000,6.22,0.67,0,0,47,0.0946,0.097,0.0012,92.0,7855.0,SPXW260925P07855000,0.0,0.0,0,0,0,0.0889,-0.9028,0.0012,0.0
2026-09-25 16:00:00,SPXW260925C07860000,5.65,0.5,0,0,137,0.0944,0.0906,0.0012,325.0,7860.0,SPXW260925P07860000,201.56,-57.79,0,0,1,0.0884,-0.9092,0.0012,5.0
2026-09-25 16:00:00,SPXW260925C07865000,5.66,0.91,0,0,111,0.0941,0.0846,0.0011,97.0,7865.0,SPXW260925P07865000,198.32,-65.08,0,0,1,0.0876,-0.9152,0.0011,1.0
2026-09-25 16:00:00,SPXW260925C07870000,4.8,0.4,0,0,503,0.094,0.0789,0.001,607.0,7870.0,SPXW260925P07870000,0.0,0.0,0,0,0,0.0873,-0.9209,0.001,0.0
2026-09-25 16:00:00,SPXW260925C07875000,4.8,0.75,0,0,337,0.0939,0.0736,0.001,744.0,7875.0,SPXW260925P07875000,203.4,-69.35,0,0,1,0.089,-0.9262,0.001,19.0
2026-09-25 16:00:00,SPXW260925C07880000,4.21,0.46,0,0,165,0.0936,0.0686,0.0009,371.0,7880.0,SPXW260925P07880000,219.2,-58.35,0,0,1,0.0859,-0.9312,0.0009,155.0
2026-09-25 16:00:00,SPXW260925C07885000,0.0,0.0,0,0,0,0.0,0.0,0.0,0.0,7885.0,SPXW260925P07885000,0.0,0.0,0,0,0,0.0,0.0,0.0,0.0
2026-09-25 16:00:00,SPXW260925C07890000,3.35,0.15,0,0,204,0.0936,0.0596,0.0008,357.0,7890.0,SPXW260925P07890000,216.83,-70.47,0,0,2,0.0843,-0.9402,0.0008,7.0
2026-09-25 16:00:00,SPXW260925C07900000,2.81,0.06,0,0,2431,0.0933,0.0518,0.0008,3073.0,7900.0,SPXW260925P07900000,242.5,0.0,0,0,0,0.0832,-0.948,0.0008,158.0
2026-09-25 16:00:00,SPXW260925C07910000,2.47,0.14,0,0,102,0.0935,0.0451,0.0007,508.0,7910.0,SPXW260925P07910000,237.55,-70.55,0,0,1,0.0811,-0.9547,0.0007,1.0
2026-09-25 16:00:00,SPXW260925C07920000,2.27,0.095,0,0,30,0.0939,0.0394,0.0006,808.0,7920.0,SPXW260925P07920000,0.0,0.0,0,0,0,0.0786,-0.9604,0.0006,0.0
2026-09-25 16:00:00,SPXW260925C07925000,1.87,-0.005,0,0,484,0.0939,0.0368,0.0006,811.0,7925.0,SPXW260925P07925000,322.0,0.0,0,0,0,0.0784,-0.9629,0.0006,7.0
2026-09-25 16:00:00,SPXW260925C07930000,1.74,0.015,0,0,56,0.0943,0.0345,0.0005,183.0,7930.0,SPXW260925P07930000,246.03,0.0,0,0,0,0.0758,-0.9652,0.0005,0.0
2026-09-25 16:00:00,SPXW260925C07940000,1.7,0.175,0,0,103,0.0945,0.0304,0.0005,663.0,7940.0,SPXW260925P07940000,252.89,0.0,0,0,0,0.0692,-0.9693,0.0005,2.0
2026-09-25 16:00:00,SPXW260925C07950000,1.3,-0.025,0,0,237,0.0952,0.027,0.0004,1574.0,7950.0,SPXW260925P07950000,261.99,0.0,0,0,0,0.0,-0.9728,0.0004,18.0
2026-09-25 16:00:00,SPXW260925C07960000,1.42,0.27,0,0,311,0.0958,0.0241,0.0004,1372.0,7960.0,SPXW260925P07960000,0.0,0.0,0,0,0,0.0,-0.9757,0.0004,0.0
2026-09-25 16:00:00,SPXW260925C07970000,1.08,0.055,0,0,34,0.0969,0.0217,0.0004,296.0,7970.0,SPXW260925P07970000,239.21,0.0,0,0,0,0.0,-0.9781,0.0004,8.0
2026-09-25 16:00:00,SPXW260925C07975000,1.09,0.115,0,0,64,0.0972,0.0206,0.0003,606.0,7975.0,SPXW260925P07975000,243.31,0.0,0,0,0,0.0,-0.9792,0.0003,8.0
2026-09-25 16:00:00,SPXW260925C07980000,1.0,0.075,0,0,2,0.0981,0.0196,0.0003,211.0,7980.0,SPXW260925P07980000,0.0,0.0,0,0,0,0.0,-0.9802,0.0003,0.0
2026-09-25 16:00:00,SPXW260925C07990000,1.03,0.205,0,0,5,0.0992,0.0178,0.0003,464.0,7990.0,SPXW260925P07990000,316.25,0.0,0,0,0,0.0,-0.982,0.0003,1.0
2026-09-25 16:00:00,SPXW260925C08000000,0.8,0.1,0,0,369,0.1013,0.0163,0.0003,3589.0,8000.0,SPXW260925P08000000,279.08,0.0,0,0,0,0.0,-0.9835,0.0003,2303.0
2026-09-25 16:00:00,SPXW260925C08010000,0.79,0.115,0,0,32,0.102,0.015,0.0002,439.0,8010.0,SPXW260925P08010000,0.0,0.0,0,0,0,0.0,-0.9848,0.0002,0.0
2026-09-25 16:00:00,SPXW260925C08020000,0.65,0.0,0,0,0,0.1036,0.0138,0.0002,58.0,8020.0,SPXW260925P08020000,0.0,0.0,0,0,0,0.0,-0.986,0.0002,0.0
2026-09-25 16:00:00,SPXW260925C08025000,0.67,0.07,0,0,96,0.1038,0.0133,0.0002,395.0,8025.0,SPXW260925P08025000,0.0,0.0,0,0,0,0.0,-0.9865,0.0002,0.0
2026-09-25 16:00:00,SPXW260925C08030000,0.72,0.145,0,0,49,0.105,0.0128,0.0002,48.0,8030.0,SPXW260925P08030000,354.81,-69.14,0,0,2,0.0,-0.987,0.0002,2.0
2026-09-25 16:00:00,SPXW260925C08040000,0.65,0.125,0,0,2,0.1063,0.0119,0.0002,33.0,8040.0,SPXW260925P08040000,0.0,0.0,0,0,0,0.0,-0.9878,0.0002,0.0
2026-09-25 16:00:00,SPXW260925C08050000,0.6,0.1,0,0,91,0.1087,0.0112,0.0002,745.0,8050.0,SPXW260925P08050000,363.5,0.0,0,0,0,0.0,-0.9886,0.0002,2.0
2026-09-25 16:00:00,SPXW260925C08060000,0.55,0.075,0,0,5,0.1099,0.0105,0.0002,20.0,8060.0,SPXW260925P08060000,0.0,0.0,0,0,0,0.0,-0.9893,0.0002,0.0
2026-09-25 16:00:00,SPXW260925C08070000,0.0,0.0,0,0,0,0.1116,0.0098,0.0002,0.0,8070.0,SPXW260925P08070000,0.0,0.0,0,0,0,0.0,-0.99,0.0002,0.0
2026-09-25 16:00:00,SPXW260925C08075000,0.57,0.145,0,0,15,0.1121,0.0095,0.0001,454.0,8075.0,SPXW260925P08075000,398.66,0.0,0,0,0,0.0,-0.9902,0.0001,5.0
2026-09-25 16:00:00,SPXW260925C08080000,0.53,0.105,0,0,6,0.1133,0.0092,0.0001,6.0,8080.0,SPXW260925P08080000,0.0,0.0,0,0,0,0.0,-0.9905,0.0001,0.0
2026-09-25 16:00:00,SPXW260925C08090000,0.6,0.2,0,0,4,0.1157,0.0087,0.0001,8.0,8090.0,SPXW260925P08090000,0.0,0.0,0,0,0,0.0,-0.991,0.0001,0.0
2026-09-25 16:00:00,SPXW260925C08100000,0.47,0.095,0,0,24,0.1165,0.0083,0.0001,478.0,8100.0,SPXW260925P08100000,422.18,0.0,0,0,0,0.0,-0.9915,0.0001,6.0
2026-09-25 16:00:00,SPXW260925C08110000,0.0,0.0,0,0,0,0.0,0.0,0.0,0.0,8110.0,SPXW260925P08110000,0.0,0.0,0,0,0,0.0,0.0,0.0,0.0
2026-09-25 16:00:00,SPXW260925C08125000,0.35,0.0,0,0,0,0.1206,0.0073,0.0001,557.0,8125.0,SPXW260925P08125000,0.0,0.0,0,0,0,0.0,-0.9925,0.0001,0.0
2026-09-25 16:00:00,SPXW260925C08150000,0.43,0.13,0,0,37,0.1252,0.0065,0.0001,212.0,8150.0,SPXW260925P08150000,0.0,0.0,0,0,0,0.0,-0.9933,0.0001,0.0
2026-09-25 16:00:00,SPXW260925C08175000,0.45,0.15,0,0,13629,0.1287,0.0058,0.0001,13614.0,8175.0,SPXW260925P08175000,0.0,0.0,0,0,0,0.0,-0.994,0.0001,0.0
2026-09-25 16:00:00,SPXW260925C08200000,0.32,0.07,0,0,53,0.133,0.0052,0.0001,294.0,8200.0,SPXW260925P08200000,527.43,-67.92,0,0,1,0.0,-0.9945,0.0001,1.0
2026-09-25 16:00:00,SPXW260925C08225000,0.35,0.1,0,0,19,0.137,0.0048,0.0001,56.0,8225.0,SPXW260925P08225000,0.0,0.0,0,0,0,0.0,-0.995,0.0001,0.0
2026-09-25 16:00:00,SPXW260925C08250000,0.33,0.13,0,0,2,0.1409,0.0043,0.0001,303.0,8250.0,SPXW260925P08250000,0.0,0.0,0,0,0,0.0,-0.9954,0.0001,0.0
2026-09-25 16:00:00,SPXW260925C08275000,0.54,0.0,0,0,0,0.1446,0.004,0.0,39.0,8275.0,SPXW260925P08275000,0.0,0.0,0,0,0,0.0,-0.9958,0.0,0.0
2026-09-25 16:00:00,SPXW260925C08300000,0.2,0.0,0,0,0,0.1497,0.0036,0.0,953.0,8300.0,SPXW260925P08300000,0.0,0.0,0,0,0,0.0,-0.9962,0.0,0.0
2026-09-25 16:00:00,SPXW260925C08325000,0.92,0.0,0,0,0,0.1547,0.0033,0.0,1.0,8325.0,SPXW260925P08325000,0.0,0.0,0,0,0,0.0,-0.9964,0.0,0.0
2026-09-25 16:00:00,SPXW260925C08350000,0.3,0.0,0,0,0,0.158,0.0031,0.0,242.0,8350.0,SPXW260925P08350000,0.0,0.0,0,0,0,0.0,-0.9967,0.0,0.0
2026-09-25 16:00:00,SPXW260925C08375000,0.0,0.0,0,0,0,0.1629,0.0029,0.0,0.0,8375.0,SPXW260925P08375000,0.0,0.0,0,0,0,0.0,-0.9969,0.0,0.0
2026-09-25 16:00:00,SPXW260925C08400000,0.17,0.0,0,0,0,0.1679,0.0026,0.0,303.0,8400.0,SPXW260925P08400000,0.0,0.0,0,0,0,0.0,-0.9971,0.0,0.0
2026-09-25 16:00:00,SPXW260925C08425000,0.0,0.0,0,0,0,0.0,0.0,0.0,0.0,8425.0,SPXW260925P08425000,0.0,0.0,0,0,0,0.0,0.0,0.0,0.0
2026-09-25 16:00:00,SPXW260925C08450000,0.23,0.0,0,0,0,0.1755,0.0023,0.0,249.0,8450.0,SPXW260925P08450000,716.44,0.0,0,0,0,0.0,-0.9975,0.0,18.0
2026-09-25 16:00:00,SPXW260925C08500000,0.15,0.0,0,0,0,0.185,0.002,0.0,743.0,8500.0,SPXW260925P08500000,766.21,0.0,0,0,0,0.0,-0.9978,0.0,18.0
2026-09-25 16:00:00,SPXW260925C08550000,0.35,0.0,0,0,0,0.1919,0.0017,0.0,1.0,8550.0,SPXW260925P08550000,849.93,0.0,0,0,0,0.0,-0.998,0.0,1.0
2026-09-25 16:00:00,SPXW260925C08600000,0.12,-0.03,0,0,2,0.1979,0.0015,0.0,18.0,8600.0,SPXW260925P08600000,899.77,0.0,0,0,0,0.0,-0.9983,0.0,1.0
2026-09-25 16:00:00,SPXW260925C08700000,0.15,0.0,0,0,0,0.212,0.0012,0.0,23.0,8700.0,SPXW260925P08700000,0.0,0.0,0,0,0,0.0,-0.9986,0.0,0.0
2026-09-25 16:00:00,SPXW260925C08800000,0.1,0.0,0,0,1,0.2294,0.0009,0.0,52.0,8800.0,SPXW260925P08800000,0.0,0.0,0,0,0,0.0,-0.9988,0.0,0.0
2026-09-25 16:00:00,SPXW260925C09000000,0.05,0.0,0,0,0,0.2575,0.0006,0.0,63.0,9000.0,SPXW260925P09000000,0.0,0.0,0,0,0,0.0,-0.9992,0.0,0.0
2026-09-25 16:00:00,SPXW260925C09200000,0.1,0.0,0,0,0,0.2897,0.0004,0.0,71.0,9200.0,SPXW260925P09200000,0.0,0.0,0,0,0,0.0,-0.9994,0.0,0.0
2026-09-25 16:00:00,SPXW260925C09400000,0.15,0.0,0,0,0,0.3209,0.0003,0.0,6.0,9400.0,SPXW260925P09400000,0.0,0.0,0,0,0,0.0,-0.9995,0.0,0.0
2026-09-25 16:00:00,SPXW260925C09600000,0.05,0.0,0,0,0,0.3512,0.0002,0.0,4.0,9600.0,SPXW260925P09600000,0.0,0.0,0,0,0,0.0,-0.9996,0.0,0.0
2026-09-25 16:00:00,SPXW260925C09800000,0.0,0.0,0,0,0,0.37,0.0001,0.0,0.0,9800.0,SPXW260925P09800000,0.0,0.0,0,0,0,0.0,-0.9997,0.0,0.0
2026-09-25 16:00:00,SPXW260925C10000000,0.05,0.0,0,0,0,0.398,0.0001,0.0,1.0,10000.0,SPXW260925P10000000,2303.38,0.0,0,0,0,0.0,-0.9997,0.0,0.0
2026-09-28 16:00:00,SPXW260928C03200000,0.0,0.0,0,0,0,1.521,0.9996,0.0,0.0,3200.0,SPXW260928P03200000,0.05,0.0,0,0,0,1.1401,-0.0002,0.0,6.0
2026-09-28 16:00:00,SPXW260928C03400000,0.0,0.0,0,0,0,1.424,0.9996,0.0,0.0,3400.0,SPXW260928P03400000,0.15,0.0,0,0,0,1.0922,-0.0002,0.0,2.0
2026-09-28 16:00:00,SPXW260928C03600000,0.0,0.0,0,0,0,1.3323,0.9995,0.0,0.0,3600.0,SPXW260928P03600000,0.05,0.0,0,0,0,1.0184,-0.0002,0.0,6.0
2026-09-28 16:00:00,SPXW260928C03800000,0.0,0.0,0,0,0,1.2384,0.9995,0.0,0.0,3800.0,SPXW260928P03800000,0.1,0.0,0,0,0,0.9485,-0.0003,0.0,10.0
2026-09-28 16:00:00,SPXW260928C04000000,0.0,0.0,0,0,0,1.1561,0.9994,0.0,0.0,4000.0,SPXW260928P04000000,0.15,0.0,0,0,0,0.8998,-0.0003,0.0,3.0
2026-09-28 16:00:00,SPXW260928C04200000,0.0,0.0,0,0,0,1.0775,0.9994,0.0,0.0,4200.0,SPXW260928P04200000,0.1,0.0,0,0,0,0.8354,-0.0004,0.0,207.0
2026-09-28 16:00:00,SPXW260928C04400000,0.0,0.0,0,0,0,1.0022,0.9993,0.0,0.0,4400.0,SPXW260928P04400000,0.0,0.0,0,0,0,0.7971,-0.0005,0.0,0.0
2026-09-28 16:00:00,SPXW260928C04600000,0.0,0.0,0,0,0,0.9245,0.9992,0.0,0.0,4600.0,SPXW260928P04600000,0.2,0.0,0,0,0,0.753,-0.0006,0.0,2.0
2026-09-28 16:00:00,SPXW260928C04800000,0.0,0.0,0,0,0,0.8553,0.999,0.0,0.0,4800.0,SPXW260928P04800000,0.3,0.0,0,0,0,0.7063,-0.0008,0.0,11.0
2026-09-28 16:00:00,SPXW260928C05000000,0.0,0.0,0,0,0,0.7928,0.9987,0.0,0.0,5000.0,SPXW260928P05000000,0.33,0.0,0,0,0,0.6583,-0.001,0.0,57.0
2026-09-28 16:00:00,SPXW260928C05200000,0.0,0.0,0,0,0,0.7277,0.9984,0.0,0.0,5200.0,SPXW260928P05200000,0.3,-0.225,0,0,1,0.6169,-0.0014,0.0,219.0
2026-09-28 16:00:00,SPXW260928C05400000,2297.49,0.0,0,0,0,0.6646,0.9978,0.0,0.0,5400.0,SPXW260928P05400000,0.47,-0.205,0,0,214,0.5726,-0.0019,0.0,326.0
2026-09-28 16:00:00,SPXW260928C05600000,2129.42,0.0,0,0,0,0.6064,0.9971,0.0,23.0,5600.0,SPXW260928P05600000,0.47,-0.455,0,0,20,0.5326,-0.0027,0.0,58.0
2026-09-28 16:00:00,SPXW260928C05800000,0.0,0.0,0,0,0,0.552,0.996,0.0,0.0,5800.0,SPXW260928P05800000,0.85,-0.375,0,0,30,0.492,-0.0037,0.0,220.0
2026-09-28 16:00:00,SPXW260928C06000000,0.0,0.0,0,0,0,0.4976,0.9946,0.0,0.0,6000.0,SPXW260928P06000000,1.18,-0.445,0,0,73,0.4513,-0.0052,0.0,584.0
2026-09-28 16:00:00,SPXW260928C06100000,0.0,0.0,0,0,0,0.4725,0.9937,0.0,0.0,6100.0,SPXW260928P06100000,0.0,0.0,0,0,0,0.4295,-0.0061,0.0,0.0
2026-09-28 16:00:00,SPXW260928C06200000,0.0,0.0,0,0,0,0.4451,0.9926,0.0,0.0,6200.0,SPXW260928P06200000,1.55,0.0,0,0,0,0.4086,-0.0072,0.0,1106.0
2026-09-28 16:00:00,SPXW260928C06300000,0.0,0.0,0,0,0,0.4195,0.9913,0.0,0.0,6300.0,SPXW260928P06300000,2.55,0.0,0,0,0,0.3867,-0.0085,0.0,53.0
2026-09-28 16:00:00,SPXW260928C06400000,1270.0,0.0,0,0,0,0.3935,0.9897,0.0,5.0,6400.0,SPXW260928P06400000,2.97,0.0,0,0,0,0.3651,-0.01,0.0,80.0
2026-09-28 16:00:00,SPXW260928C06500000,0.0,0.0,0,0,0,0.3672,0.9878,0.0,0.0,6500.0,SPXW260928P06500000,2.15,-1.25,0,0,58,0.3426,-0.0119,0.0,268.0
2026-09-28 16:00:00,SPXW260928C06550000,0.0,0.0,0,0,0,0.354,0.9868,0.0001,0.0,6550.0,SPXW260928P06550000,0.0,0.0,0,0,0,0.332,-0.013,0.0001,0.0
2026-09-28 16:00:00,SPXW260928C06575000,0.0,0.0,0,0,0,0.3487,0.9862,0.0001,0.0,6575.0,SPXW260928P06575000,2.5,0.0,0,0,0,0.3263,-0.0136,0.0001,12.0
2026-09-28 16:00:00,SPXW260928C06600000,0.0,0.0,0,0,0,0.342,0.9855,0.0001,0.0,6600.0,SPXW260928P06600000,3.58,0.0,0,0,0,0.321,-0.0142,0.0001,275.0
2026-09-28 16:00:00,SPXW260928C06625000,0.0,0.0,0,0,0,0.3352,0.9849,0.0001,0.0,6625.0,SPXW260928P06625000,5.0,0.0,0,0,0,0.3157,-0.0149,0.0001,11.0
2026-09-28 16:00:00,SPXW260928C06650000,0.0,0.0,0,0,0,0.3297,0.9842,0.0001,0.0,6650.0,SPXW260928P06650000,2.15,-2.25,0,0,2,0.3101,-0.0156,0.0001,48.0
2026-09-28 16:00:00,SPXW260928C06675000,0.0,0.0,0,0,0,0.3229,0.9834,0.0001,0.0,6675.0,SPXW260928P06675000,5.5,0.0,0,0,0,0.3046,-0.0164,0.0001,7.0
2026-09-28 16:00:00,SPXW260928C06700000,0.0,0.0,0,0,0,0.3172,0.9826,0.0001,0.0,6700.0,SPXW260928P06700000,2.3,-2.5,0,0,100,0.2989,-0.0172,0.0001,149.0
2026-09-28 16:00:00,SPXW260928C06725000,0.0,0.0,0,0,0,0.3104,0.9817,0.0001,0.0,6725.0,SPXW260928P06725000,5.2,0.0,0,0,0,0.2939,-0.018,0.0001,12.0
2026-09-28 16:00:00,SPXW260928C06750000,0.0,0.0,0,0,0,0.3046,0.9808,0.0001,0.0,6750.0,SPXW260928P06750000,4.82,0.0,0,0,0,0.2881,-0.019,0.0001,65.0
2026-09-28 16:00:00,SPXW260928C06775000,0.0,0.0,0,0,0,0.2976,0.9798,0.0001,0.0,6775.0,SPXW260928P06775000,2.62,-2.98,0,0,5,0.2822,-0.02,0.0001,18.0
2026-09-28 16:00:00,SPXW260928C06800000,0.0,0.0,0,0,0,0.2916,0.9787,0.0001,0.0,6800.0,SPXW260928P06800000,3.28,-2.72,0,0,4135,0.2774,-0.021,0.0001,4116.0
2026-09-28 16:00:00,SPXW260928C06825000,0.0,0.0,0,0,0,0.2856,0.9776,0.0001,0.0,6825.0,SPXW260928P06825000,4.4,0.0,0,0,0,0.2714,-0.0222,0.0001,29.0
2026-09-28 16:00:00,SPXW260928C06850000,0.0,0.0,0,0,0,0.2795,0.9763,0.0001,0.0,6850.0,SPXW260928P06850000,3.5,-3.2,0,0,2,0.2664,-0.0234,0.0001,105.0
2026-09-28 16:00:00,SPXW260928C06875000,0.0,0.0,0,0,0,0.2733,0.9749,0.0001,0.0,6875.0,SPXW260928P06875000,7.3,0.0,0,0,0,0.2612,-0.0248,0.0001,94.0
2026-09-28 16:00:00,SPXW260928C06900000,765.2,0.0,0,0,0,0.267,0.9734,0.0001,20.0,6900.0,SPXW260928P06900000,7.85,0.0,0,0,0,0.2558,-0.0263,0.0001,5046.0
2026-09-28 16:00:00,SPXW260928C06925000,0.0,0.0,0,0,0,0.2615,0.9718,0.0002,0.0,6925.0,SPXW260928P06925000,3.5,-4.5,0,0,5,0.2503,-0.028,0.0002,28.0
2026-09-28 16:00:00,SPXW260928C06950000,0.0,0.0,0,0,0,0.2558,0.97,0.0002,0.0,6950.0,SPXW260928P06950000,9.2,0.0,0,0,0,0.2447,-0.0298,0.0002,121.0
2026-09-28 16:00:00,SPXW260928C06975000,0.0,0.0,0,0,0,0.2492,0.968,0.0002,0.0,6975.0,SPXW260928P06975000,4.39,-4.76,0,0,2,0.2394,-0.0318,0.0002,24.0
2026-09-28 16:00:00,SPXW260928C07000000,682.1,67.85,0,0,13,0.2432,0.9658,0.0002,32.0,7000.0,SPXW260928P07000000,4.83,-5.02,0,0,4011,0.2343,-0.034,0.0002,4098.0
2026-09-28 16:00:00,SPXW260928C07025000,0.0,0.0,0,0,0,0.2378,0.9633,0.0002,0.0,7025.0,SPXW260928P07025000,4.7,-5.85,0,0,7,0.229,-0.0365,0.0002,86.0
2026-09-28 16:00:00,SPXW260928C07050000,633.48,67.88,0,0,13,0.2323,0.9605,0.0002,13.0,7050.0,SPXW260928P07050000,5.5,-5.85,0,0,5,0.2235,-0.0392,0.0002,410.0
2026-09-28 16:00:00,SPXW260928C07075000,0.0,0.0,0,0,0,0.2265,0.9574,0.0002,0.0,7075.0,SPXW260928P07075000,5.4,-6.85,0,0,5,0.2185,-0.0423,0.0002,31.0
2026-09-28 16:00:00,SPXW260928C07100000,517.71,0.0,0,0,0,0.2206,0.954,0.0003,1.0,7100.0,SPXW260928P07100000,5.72,-7.53,0,0,39,0.2133,-0.0458,0.0003,614.0
2026-09-28 16:00:00,SPXW260928C07125000,0.0,0.0,0,0,0,0.215,0.9501,0.0003,0.0,7125.0,SPXW260928P07125000,6.7,-7.65,0,0,60,0.2084,-0.0497,0.0003,98.0
2026-09-28 16:00:00,SPXW260928C07150000,611.72,0.0,0,0,0,0.2097,0.9457,0.0003,21.0,7150.0,SPXW260928P07150000,7.11,-8.54,0,0,13,0.2037,-0.0541,0.0003,207.0
2026-09-28 16:00:00,SPXW260928C07175000,575.52,0.0,0,0,0,0.2041,0.9407,0.0004,6.0,7175.0,SPXW260928P07175000,7.55,-9.45,0,0,7,0.1988,-0.059,0.0004,127.0
2026-09-28 16:00:00,SPXW260928C07200000,488.16,64.96,0,0,1,0.1992,0.9351,0.0004,6.0,7200.0,SPXW260928P07200000,8.43,-10.17,0,0,17,0.194,-0.0646,0.0004,248.0
2026-09-28 16:00:00,SPXW260928C07220000,468.81,468.81,0,0,1,0.1949,0.9301,0.0004,1.0,7220.0,SPXW260928P07220000,8.85,8.85,0,0,4,0.1903,-0.0697,0.0004,4.0
2026-09-28 16:00:00,SPXW260928C07225000,0.0,0.0,0,0,0,0.194,0.9288,0.0004,0.0,7225.0,SPXW260928P07225000,9.5,-10.8,0,0,1,0.1895,-0.071,0.0004,107.0
2026-09-28 16:00:00,SPXW260928C07230000,0.0,0.0,0,0,0,0.193,0.9274,0.0004,0.0,7230.0,SPXW260928P07230000,9.15,9.15,0,0,4,0.1884,-0.0724,0.0004,4.0
2026-09-28 16:00:00,SPXW260928C07240000,0.0,0.0,0,0,0,0.1907,0.9246,0.0005,0.0,7240.0,SPXW260928P07240000,10.93,10.93,0,0,3,0.1865,-0.0752,0.0005,3.0
2026-09-28 16:00:00,SPXW260928C07250000,588.81,0.0,0,0,0,0.1888,0.9216,0.0005,2.0,7250.0,SPXW260928P07250000,10.44,-11.81,0,0,31,0.1846,-0.0782,0.0005,373.0
2026-09-28 16:00:00,SPXW260928C07260000,0.0,0.0,0,0,0,0.1867,0.9185,0.0005,0.0,7260.0,SPXW260928P07260000,10.25,-12.85,0,0,3,0.1827,-0.0813,0.0005,21.0
2026-09-28 16:00:00,SPXW260928C07270000,0.0,0.0,0,0,0,0.185,0.9152,0.0005,0.0,7270.0,SPXW260928P07270000,12.45,-11.5,0,0,3,0.181,-0.0846,0.0005,4.0
2026-09-28 16:00:00,SPXW260928C07275000,0.0,0.0,0,0,0,0.1839,0.9135,0.0005,0.0,7275.0,SPXW260928P07275000,12.65,-11.75,0,0,3,0.1802,-0.0863,0.0005,179.0
2026-09-28 16:00:00,SPXW260928C07280000,0.0,0.0,0,0,0,0.1828,0.9117,0.0005,0.0,7280.0,SPXW260928P07280000,13.03,-11.77,0,0,2,0.1792,-0.088,0.0005,11.0
2026-09-28 16:00:00,SPXW260928C07290000,0.0,0.0,0,0,0,0.181,0.9081,0.0006,0.0,7290.0,SPXW260928P07290000,27.8,0.0,0,0,0,0.1773,-0.0917,0.0006,26.0
2026-09-28 16:00:00,SPXW260928C07300000,436.85,0.0,0,0,0,0.179,0.9042,0.0006,1.0,7300.0,SPXW260928P07300000,11.57,-15.23,0,0,49,0.1755,-0.0955,0.0006,230.0
2026-09-28 16:00:00,SPXW260928C07310000,0.0,0.0,0,0,0,0.177,0.9002,0.0006,0.0,7310.0,SPXW260928P07310000,0.0,0.0,0,0,0,0.1738,-0.0996,0.0006,0.0
2026-09-28 16:00:00,SPXW260928C07320000,0.0,0.0,0,0,0,0.1752,0.896,0.0006,0.0,7320.0,SPXW260928P07320000,31.2,0.0,0,0,0,0.172,-0.1038,0.0006,2.0
2026-09-28 16:00:00,SPXW260928C07325000,0.0,0.0,0,0,0,0.1743,0.8938,0.0006,0.0,7325.0,SPXW260928P07325000,12.88,-16.62,0,0,30,0.1712,-0.106,0.0006,155.0
2026-09-28 16:00:00,SPXW260928C07330000,0.0,0.0,0,0,0,0.1733,0.8915,0.0007,0.0,7330.0,SPXW260928P07330000,30.77,0.0,0,0,0,0.1703,-0.1082,0.0007,31.0
2026-09-28 16:00:00,SPXW260928C07340000,293.62,0.0,0,0,0,0.1713,0.8869,0.0007,3.0,7340.0,SPXW260928P07340000,15.05,-16.15,0,0,3,0.1685,-0.1129,0.0007,129.0
2026-09-28 16:00:00,SPXW260928C07350000,388.64,0.0,0,0,0,0.1693,0.8819,0.0007,21.0,7350.0,SPXW260928P07350000,15.93,-16.57,0,0,69,0.1667,-0.1178,0.0007,376.0
2026-09-28 16:00:00,SPXW260928C07360000,0.0,0.0,0,0,0,0.1674,0.8768,0.0007,0.0,7360.0,SPXW260928P07360000,14.95,-18.85,0,0,4,0.1648,-0.123,0.0007,67.0
2026-09-28 16:00:00,SPXW260928C07370000,0.0,0.0,0,0,0,0.1655,0.8713,0.0008,0.0,7370.0,SPXW260928P07370000,15.15,-19.95,0,0,13,0.1633,-0.1285,0.0008,35.0
2026-09-28 16:00:00,SPXW260928C07375000,0.0,0.0,0,0,0,0.1646,0.8685,0.0008,0.0,7375.0,SPXW260928P07375000,17.37,-18.43,0,0,105,0.1624,-0.1313,0.0008,159.0
2026-09-28 16:00:00,SPXW260928C07380000,0.0,0.0,0,0,0,0.1637,0.8656,0.0008,0.0,7380.0,SPXW260928P07380000,15.85,-20.7,0,0,16,0.1614,-0.1342,0.0008,53.0
2026-09-28 16:00:00,SPXW260928C07390000,0.0,0.0,0,0,0,0.1618,0.8596,0.0008,0.0,7390.0,SPXW260928P07390000,18.52,-19.48,0,0,76,0.1598,-0.1402,0.0008,110.0
2026-09-28 16:00:00,SPXW260928C07400000,242.19,0.0,0,0,0,0.1601,0.8532,0.0009,3.0,7400.0,SPXW260928P07400000,17.45,-22.1,0,0,70,0.158,-0.1466,0.0009,258.0
2026-09-28 16:00:00,SPXW260928C07410000,0.0,0.0,0,0,0,0.1583,0.8466,0.0009,0.0,7410.0,SPXW260928P07410000,19.22,-21.98,0,0,9,0.1563,-0.1532,0.0009,97.0
2026-09-28 16:00:00,SPXW260928C07420000,0.0,0.0,0,0,0,0.1563,0.8395,0.001,0.0,7420.0,SPXW260928P07420000,19.23,-23.62,0,0,3,0.1545,-0.1602,0.001,50.0
2026-09-28 16:00:00,SPXW260928C07425000,348.0,0.0,0,0,0,0.1554,0.8359,0.001,2.0,7425.0,SPXW260928P07425000,21.62,-22.08,0,0,94,0.1537,-0.1639,0.001,229.0
2026-09-28 16:00:00,SPXW260928C07430000,0.0,0.0,0,0,0,0.1545,0.8322,0.001,0.0,7430.0,SPXW260928P07430000,21.07,-23.53,0,0,1,0.1529,-0.1676,0.001,134.0
2026-09-28 16:00:00,SPXW260928C07440000,0.0,0.0,0,0,0,0.1527,0.8244,0.001,0.0,7440.0,SPXW260928P07440000,22.94,-23.51,0,0,36,0.1512,-0.1754,0.001,70.0
2026-09-28 16:00:00,SPXW260928C07445000,0.0,0.0,0,0,0,0.1519,0.8204,0.001,0.0,7445.0,SPXW260928P07445000,0.0,0.0,0,0,0,0.1504,-0.1794,0.001,0.0
2026-09-28 16:00:00,SPXW260928C07450000,244.4,0.0,0,0,0,0.1509,0.8163,0.0011,15.0,7450.0,SPXW260928P07450000,24.24,-24.11,0,0,91,0.1495,-0.1835,0.0011,250.0
2026-09-28 16:00:00,SPXW260928C07455000,0.0,0.0,0,0,0,0.15,0.812,0.0011,0.0,7455.0,SPXW260928P07455000,22.69,22.69,0,0,1,0.1485,-0.1878,0.0011,1.0
2026-09-28 16:00:00,SPXW260928C07460000,267.07,0.0,0,0,0,0.1491,0.8077,0.0011,17.0,7460.0,SPXW260928P07460000,49.13,0.0,0,0,0,0.1478,-0.1921,0.0011,35.0
2026-09-28 16:00:00,SPXW260928C07465000,0.0,0.0,0,0,0,0.1484,0.8032,0.0011,0.0,7465.0,SPXW260928P07465000,0.0,0.0,0,0,0,0.147,-0.1965,0.0011,0.0
2026-09-28 16:00:00,SPXW260928C07470000,185.4,0.0,0,0,0,0.1474,0.7987,0.0012,3.0,7470.0,SPXW260928P07470000,24.25,-28.2,0,0,38,0.1461,-0.2011,0.0012,69.0
2026-09-28 16:00:00,SPXW260928C07475000,178.2,0.0,0,0,0,0.1466,0.794,0.0012,1.0,7475.0,SPXW260928P07475000,27.62,-25.93,0,0,81,0.1453,-0.2058,0.0012,231.0
2026-09-28 16:00:00,SPXW260928C07480000,177.6,0.0,0,0,0,0.1457,0.7892,0.0012,38.0,7480.0,SPXW260928P07480000,27.5,-27.15,0,0,2,0.1444,-0.2106,0.0012,12.0
2026-09-28 16:00:00,SPXW260928C07485000,173.8,0.0,0,0,0,0.1463,0.7843,0.0012,1.0,7485.0,SPXW260928P07485000,28.8,-26.95,0,0,16,0.1436,-0.2155,0.0012,16.0
2026-09-28 16:00:00,SPXW260928C07490000,176.2,0.0,0,0,0,0.1439,0.7792,0.0013,4.0,7490.0,SPXW260928P07490000,27.55,-29.4,0,0,10,0.1427,-0.2205,0.0013,37.0
2026-09-28 16:00:00,SPXW260928C07495000,160.2,0.0,0,0,0,0.143,0.7741,0.0013,5.0,7495.0,SPXW260928P07495000,27.78,-30.32,0,0,23,0.1418,-0.2257,0.0013,20.0
2026-09-28 16:00:00,SPXW260928C07500000,197.38,32.23,0,0,3,0.1422,0.7688,0.0013,40.0,7500.0,SPXW260928P07500000,32.05,-27.25,0,0,124,0.141,-0.231,0.0013,403.0
2026-09-28 16:00:00,SPXW260928C07505000,0.0,0.0,0,0,0,0.1413,0.7634,0.0013,0.0,7505.0,SPXW260928P07505000,32.1,-28.45,0,0,1,0.1402,-0.2364,0.0013,1.0
2026-09-28 16:00:00,SPXW260928C07510000,149.2,0.0,0,0,0,0.1404,0.7578,0.0014,22.0,7510.0,SPXW260928P07510000,31.75,-30.05,0,0,38,0.1394,-0.242,0.0014,44.0
2026-09-28 16:00:00,SPXW260928C07515000,0.0,0.0,0,0,0,0.1395,0.7521,0.0014,0.0,7515.0,SPXW260928P07515000,32.31,-30.79,0,0,24,0.1385,-0.2476,0.0014,20.0
2026-09-28 16:00:00,SPXW260928C07520000,153.6,0.0,0,0,0,0.1385,0.7463,0.0014,12.0,7520.0,SPXW260928P07520000,34.42,-30.03,0,0,19,0.1375,-0.2535,0.0014,29.0
2026-09-28 16:00:00,SPXW260928C07525000,145.22,0.0,0,0,0,0.1377,0.7403,0.0014,12.0,7525.0,SPXW260928P07525000,35.21,-30.54,0,0,8,0.1367,-0.2594,0.0014,163.0
2026-09-28 16:00:00,SPXW260928C07530000,177.9,0.0,0,0,0,0.1368,0.7342,0.0015,12.0,7530.0,SPXW260928P07530000,40.4,-26.75,0,0,1,0.1359,-0.2656,0.0015,13.0
2026-09-28 16:00:00,SPXW260928C07535000,0.0,0.0,0,0,0,0.1359,0.728,0.0015,0.0,7535.0,SPXW260928P07535000,37.23,-31.32,0,0,47,0.1351,-0.2718,0.0015,45.0
2026-09-28 16:00:00,SPXW260928C07540000,195.44,0.0,0,0,0,0.1351,0.7216,0.0015,4.0,7540.0,SPXW260928P07540000,36.85,-33.15,0,0,9,0.1342,-0.2782,0.0015,154.0
2026-09-28 16:00:00,SPXW260928C07545000,0.0,0.0,0,0,0,0.1343,0.715,0.0015,0.0,7545.0,SPXW260928P07545000,37.2,-34.3,0,0,4,0.1334,-0.2848,0.0015,5.0
2026-09-28 16:00:00,SPXW260928C07550000,127.87,0.0,0,0,0,0.1334,0.7083,0.0016,9.0,7550.0,SPXW260928P07550000,39.93,-33.02,0,0,49,0.1326,-0.2915,0.0016,260.0
2026-09-28 16:00:00,SPXW260928C07555000,0.0,0.0,0,0,0,0.1325,0.7014,0.0016,0.0,7555.0,SPXW260928P07555000,39.49,-35.06,0,0,2,0.1317,-0.2983,0.0016,11.0
2026-09-28 16:00:00,SPXW260928C07560000,201.2,0.0,0,0,0,0.1308,0.6944,0.0016,1.0,7560.0,SPXW260928P07560000,40.52,-35.63,0,0,15,0.1309,-0.3054,0.0016,52.0
2026-09-28 16:00:00,SPXW260928C07565000,118.15,0.0,0,0,0,0.13,0.6872,0.0016,21.0,7565.0,SPXW260928P07565000,41.91,-35.84,0,0,20,0.13,-0.3125,0.0016,32.0
2026-09-28 16:00:00,SPXW260928C07570000,151.7,36.4,0,0,2,0.1293,0.6799,0.0017,4.0,7570.0,SPXW260928P07570000,41.3,-38.1,0,0,14,0.1291,-0.3199,0.0017,91.0
2026-09-28 16:00:00,SPXW260928C07575000,111.12,0.0,0,0,0,0.1284,0.6724,0.0017,7.0,7575.0,SPXW260928P07575000,45.1,-35.95,0,0,32,0.1283,-0.3274,0.0017,153.0
2026-09-28 16:00:00,SPXW260928C07580000,144.6,35.85,0,0,3,0.1275,0.6648,0.0017,7.0,7580.0,SPXW260928P07580000,45.3,-37.55,0,0,3,0.1274,-0.335,0.0017,39.0
2026-09-28 16:00:00,SPXW260928C07585000,99.02,0.0,0,0,0,0.1267,0.6569,0.0018,2.0,7585.0,SPXW260928P07585000,92.03,0.0,0,0,0,0.1265,-0.3428,0.0018,5.0
2026-09-28 16:00:00,SPXW260928C07590000,99.0,0.0,0,0,0,0.1258,0.6489,0.0018,51.0,7590.0,SPXW260928P07590000,84.83,0.0,0,0,0,0.1258,-0.3508,0.0018,71.0
2026-09-28 16:00:00,SPXW260928C07595000,0.0,0.0,0,0,0,0.125,0.6408,0.0018,0.0,7595.0,SPXW260928P07595000,45.8,-42.45,0,0,1,0.1249,-0.359,0.0018,12.0
2026-09-28 16:00:00,SPXW260928C07600000,129.3,33.2,0,0,13,0.1241,0.6324,0.0018,205.0,7600.0,SPXW260928P07600000,50.8,-39.35,0,0,63,0.124,-0.3672,0.0018,1637.0
2026-09-28 16:00:00,SPXW260928C07605000,98.92,0.0,0,0,0,0.1233,0.6239,0.0019,5.0,7605.0,SPXW260928P07605000,48.98,-43.12,0,0,16,0.1232,-0.3758,0.0019,24.0
2026-09-28 16:00:00,SPXW260928C07610000,125.53,35.43,0,0,13,0.1224,0.6153,0.0019,37.0,7610.0,SPXW260928P07610000,52.39,-41.76,0,0,8,0.1223,-0.3845,0.0019,31.0
2026-09-28 16:00:00,SPXW260928C07615000,117.07,29.97,0,0,10,0.1216,0.6064,0.0019,10.0,7615.0,SPXW260928P07615000,51.18,-44.97,0,0,26,0.1216,-0.3934,0.0019,63.0
2026-09-28 16:00:00,SPXW260928C07620000,104.33,20.18,0,0,6,0.1208,0.5974,0.0019,13.0,7620.0,SPXW260928P07620000,56.0,-42.15,0,0,33,0.1207,-0.4024,0.0019,43.0
2026-09-28 16:00:00,SPXW260928C07625000,112.13,30.78,0,0,1,0.12,0.5882,0.002,64.0,7625.0,SPXW260928P07625000,59.02,-41.33,0,0,68,0.1198,-0.4116,0.002,138.0
2026-09-28 16:00:00,SPXW260928C07630000,107.2,28.65,0,0,21,0.1191,0.5789,0.002,38.0,7630.0,SPXW260928P07630000,64.19,-38.36,0,0,21,0.119,-0.4209,0.002,63.0
2026-09-28 16:00:00,SPXW260928C07635000,97.02,21.27,0,0,10,0.1183,0.5693,0.002,7.0,7635.0,SPXW260928P07635000,61.5,-43.2,0,0,4,0.1182,-0.4304,0.002,4.0
2026-09-28 16:00:00,SPXW260928C07640000,100.72,27.67,0,0,65,0.1175,0.5596,0.002,77.0,7640.0,SPXW260928P07640000,62.32,-44.58,0,0,38,0.1174,-0.4401,0.002,62.0
2026-09-28 16:00:00,SPXW260928C07645000,87.3,16.95,0,0,14,0.1166,0.5498,0.002,26.0,7645.0,SPXW260928P07645000,62.01,-47.29,0,0,2,0.1166,-0.45,0.002,19.0
2026-09-28 16:00:00,SPXW260928C07650000,89.43,21.68,0,0,5,0.1158,0.5398,0.0021,69.0,7650.0,SPXW260928P07650000,64.67,-47.03,0,0,102,0.1158,-0.46,0.0021,203.0
2026-09-28 16:00:00,SPXW260928C07655000,84.95,19.8,0,0,11,0.115,0.5296,0.0021,17.0,7655.0,SPXW260928P07655000,66.72,-47.38,0,0,29,0.1149,-0.4702,0.0021,23.0
2026-09-28 16:00:00,SPXW260928C07660000,77.9,15.25,0,0,34,0.1142,0.5192,0.0021,70.0,7660.0,SPXW260928P07660000,72.55,-43.95,0,0,135,0.1141,-0.4806,0.0021,150.0
2026-09-28 16:00:00,SPXW260928C07665000,78.42,18.17,0,0,17,0.1134,0.5087,0.0021,15.0,7665.0,SPXW260928P07665000,67.18,-51.92,0,0,1,0.1133,-0.491,0.0021,1.0
2026-09-28 16:00:00,SPXW260928C07670000,75.39,17.59,0,0,137,0.1126,0.4981,0.0021,174.0,7670.0,SPXW260928P07670000,75.3,-46.4,0,0,15,0.1126,-0.5017,0.0021,60.0
2026-09-28 16:00:00,SPXW260928C07675000,72.41,16.96,0,0,6,0.1119,0.4873,0.0022,143.0,7675.0,SPXW260928P07675000,77.79,-46.51,0,0,16,0.1118,-0.5125,0.0022,169.0
2026-09-28 16:00:00,SPXW260928C07680000,70.62,17.47,0,0,15,0.1111,0.4764,0.0022,71.0,7680.0,SPXW260928P07680000,76.18,-50.87,0,0,41,0.1111,-0.5234,0.0022,159.0
2026-09-28 16:00:00,SPXW260928C07685000,67.92,17.07,0,0,25,0.1104,0.4654,0.0022,25.0,7685.0,SPXW260928P07685000,79.15,-50.55,0,0,11,0.1102,-0.5344,0.0022,11.0
2026-09-28 16:00:00,SPXW260928C07690000,65.05,16.35,0,0,51,0.1096,0.4542,0.0022,127.0,7690.0,SPXW260928P07690000,81.13,-51.37,0,0,18,0.1095,-0.5456,0.0022,156.0
2026-09-28 16:00:00,SPXW260928C07695000,63.72,17.17,0,0,5,0.1088,0.4429,0.0022,58.0,7695.0,SPXW260928P07695000,79.72,-55.63,0,0,2,0.1088,-0.5568,0.0022,2.0
2026-09-28 16:00:00,SPXW260928C07700000,58.92,14.47,0,0,52,0.1081,0.4316,0.0022,325.0,7700.0,SPXW260928P07700000,82.0,-56.3,0,0,17,0.108,-0.5682,0.0022,454.0
2026-09-28 16:00:00,SPXW260928C07705000,42.12,0.0,0,0,0,0.1074,0.4201,0.0022,6.0,7705.0,SPXW260928P07705000,142.8,0.0,0,0,0,0.1073,-0.5796,0.0022,0.0
2026-09-28 16:00:00,SPXW260928C07710000,56.81,16.26,0,0,40,0.1066,0.4086,0.0022,103.0,7710.0,SPXW260928P07710000,92.5,-51.8,0,0,5,0.1066,-0.5911,0.0022,142.0
2026-09-28 16:00:00,SPXW260928C07715000,53.3,14.7,0,0,12,0.1059,0.3971,0.0022,16.0,7715.0,SPXW260928P07715000,91.97,-55.58,0,0,32,0.1058,-0.6027,0.0022,35.0
2026-09-28 16:00:00,SPXW260928C07720000,47.8,11.05,0,0,47,0.1053,0.3855,0.0022,129.0,7720.0,SPXW260928P07720000,96.93,0.0,0,0,0,0.1052,-0.6143,0.0022,119.0
2026-09-28 16:00:00,SPXW260928C07725000,50.84,15.89,0,0,38,0.1046,0.3738,0.0022,144.0,7725.0,SPXW260928P07725000,125.83,0.0,0,0,0,0.1045,-0.6259,0.0022,218.0
2026-09-28 16:00:00,SPXW260928C07730000,43.4,10.15,0,0,16,0.1039,0.3622,0.0022,78.0,7730.0,SPXW260928P07730000,99.09,-58.11,0,0,2,0.1039,-0.6376,0.0022,144.0
2026-09-28 16:00:00,SPXW260928C07735000,48.37,0.0,0,0,0,0.1032,0.3506,0.0022,14.0,7735.0,SPXW260928P07735000,0.0,0.0,0,0,0,0.1031,-0.6492,0.0022,0.0
2026-09-28 16:00:00,SPXW260928C07740000,38.47,8.52,0,0,4,0.1026,0.339,0.0022,140.0,7740.0,SPXW260928P07740000,136.1,0.0,0,0,0,0.1025,-0.6608,0.0022,147.0
2026-09-28 16:00:00,SPXW260928C07745000,38.21,9.81,0,0,11,0.1019,0.3274,0.0021,38.0,7745.0,SPXW260928P07745000,108.4,-59.0,0,0,1,0.1019,-0.6724,0.0021,1.0
2026-09-28 16:00:00,SPXW260928C07750000,33.95,7.05,0,0,100,0.1014,0.3159,0.0021,315.0,7750.0,SPXW260928P07750000,141.03,0.0,0,0,0,0.1013,-0.6839,0.0021,151.0
2026-09-28 16:00:00,SPXW260928C07760000,31.9,7.8,0,0,15,0.1002,0.2931,0.0021,133.0,7760.0,SPXW260928P07760000,115.04,-63.11,0,0,40,0.0981,-0.7067,0.0021,48.0
2026-09-28 16:00:00,SPXW260928C07770000,28.37,6.92,0,0,63,0.099,0.2707,0.002,89.0,7770.0,SPXW260928P07770000,129.11,-56.34,0,0,50,0.0969,-0.7291,0.002,53.0
2026-09-28 16:00:00,SPXW260928C07775000,26.38,6.18,0,0,90,0.0984,0.2597,0.002,577.0,7775.0,SPXW260928P07775000,125.78,-63.47,0,0,37,0.0963,-0.7401,0.002,61.0
2026-09-28 16:00:00,SPXW260928C07780000,24.9,5.8,0,0,125,0.0979,0.2488,0.002,136.0,7780.0,SPXW260928P07780000,132.12,-60.93,0,0,108,0.0955,-0.751,0.002,114.0
2026-09-28 16:00:00,SPXW260928C07790000,20.3,3.4,0,0,33,0.097,0.2276,0.0019,74.0,7790.0,SPXW260928P07790000,114.4,0.0,0,0,0,0.0945,-0.7722,0.0019,3.0
2026-09-28 16:00:00,SPXW260928C07800000,18.28,3.38,0,0,118,0.0959,0.2072,0.0018,1385.0,7800.0,SPXW260928P07800000,213.42,0.0,0,0,0,0.0933,-0.7926,0.0018,482.0
2026-09-28 16:00:00,SPXW260928C07810000,16.44,3.39,0,0,120,0.095,0.1876,0.0017,134.0,7810.0,SPXW260928P07810000,126.1,0.0,0,0,0,0.0921,-0.8122,0.0017,1.0
2026-09-28 16:00:00,SPXW260928C07820000,14.66,3.21,0,0,20,0.0941,0.1691,0.0016,18.0,7820.0,SPXW260928P07820000,133.2,0.0,0,0,0,0.091,-0.8307,0.0016,2.0
2026-09-28 16:00:00,SPXW260928C07825000,13.17,2.47,0,0,30,0.0937,0.1602,0.0016,197.0,7825.0,SPXW260928P07825000,187.0,0.0,0,0,0,0.0904,-0.8396,0.0016,98.0
2026-09-28 16:00:00,SPXW260928C07830000,13.26,3.31,0,0,9,0.0933,0.1516,0.0015,40.0,7830.0,SPXW260928P07830000,193.07,0.0,0,0,0,0.0899,-0.8482,0.0015,2.0
2026-09-28 16:00:00,SPXW260928C07840000,13.72,5.02,0,0,12,0.0927,0.1353,0.0014,26.0,7840.0,SPXW260928P07840000,132.6,0.0,0,0,0,0.089,-0.8645,0.0014,1.0
2026-09-28 16:00:00,SPXW260928C07850000,9.55,2.0,0,0,54,0.0919,0.1202,0.0013,241.0,7850.0,SPXW260928P07850000,216.64,0.0,0,0,0,0.0879,-0.8796,0.0013,30.0
2026-09-28 16:00:00,SPXW260928C07860000,9.54,2.99,0,0,17,0.0916,0.1064,0.0012,16.0,7860.0,SPXW260928P07860000,0.0,0.0,0,0,0,0.0868,-0.8934,0.0012,0.0
2026-09-28 16:00:00,SPXW260928C07870000,6.96,1.31,0,0,11,0.0911,0.0938,0.0011,21.0,7870.0,SPXW260928P07870000,0.0,0.0,0,0,0,0.0859,-0.906,0.0011,0.0
2026-09-28 16:00:00,SPXW260928C07875000,7.78,2.53,0,0,81,0.0908,0.088,0.0011,182.0,7875.0,SPXW260928P07875000,155.55,0.0,0,0,0,0.0854,-0.9118,0.0011,14.0
2026-09-28 16:00:00,SPXW260928C07880000,6.65,1.8,0,0,16,0.0904,0.0825,0.001,57.0,7880.0,SPXW260928P07880000,0.0,0.0,0,0,0,0.0848,-0.9173,0.001,0.0
2026-09-28 16:00:00,SPXW260928C07890000,5.95,1.7,0,0,8,0.0902,0.0724,0.0009,88.0,7890.0,SPXW260928P07890000,0.0,0.0,0,0,0,0.0839,-0.9274,0.0009,0.0
2026-09-28 16:00:00,SPXW260928C07900000,3.89,0.24,0,0,55,0.0901,0.0635,0.0008,327.0,7900.0,SPXW260928P07900000,211.17,0.0,0,0,0,0.0829,-0.9363,0.0008,6.0
2026-09-28 16:00:00,SPXW260928C07925000,2.63,0.105,0,0,12,0.0902,0.0459,0.0006,229.0,7925.0,SPXW260928P07925000,251.81,0.0,0,0,0,0.0802,-0.9539,0.0006,7.0
2026-09-28 16:00:00,SPXW260928C07950000,1.87,0.095,0,0,51,0.0909,0.0337,0.0005,228.0,7950.0,SPXW260928P07950000,218.4,0.0,0,0,0,0.0755,-0.9661,0.0005,4.0
2026-09-28 16:00:00,SPXW260928C07975000,1.32,0.045,0,0,51,0.0923,0.0255,0.0004,196.0,7975.0,SPXW260928P07975000,292.96,0.0,0,0,0,0.067,-0.9743,0.0004,8.0
2026-09-28 16:00:00,SPXW260928C08000000,1.05,0.075,0,0,154,0.0945,0.02,0.0003,355.0,8000.0,SPXW260928P08000000,0.0,0.0,0,0,0,0.0,-0.9798,0.0003,0.0
2026-09-28 16:00:00,SPXW260928C08025000,0.84,0.065,0,0,50,0.0974,0.0161,0.0002,143.0,8025.0,SPXW260928P08025000,0.0,0.0,0,0,0,0.0,-0.9837,0.0002,0.0
2026-09-28 16:00:00,SPXW260928C08050000,0.7,0.025,0,0,38,0.1009,0.0134,0.0002,181.0,8050.0,SPXW260928P08050000,333.26,0.0,0,0,0,0.0,-0.9864,0.0002,2.0
2026-09-28 16:00:00,SPXW260928C08075000,0.72,0.195,0,0,6,0.1044,0.0113,0.0002,261.0,8075.0,SPXW260928P08075000,0.0,0.0,0,0,0,0.0,-0.9885,0.0002,0.0
2026-09-28 16:00:00,SPXW260928C08100000,0.56,0.11,0,0,5,0.1087,0.0098,0.0001,140.0,8100.0,SPXW260928P08100000,0.0,0.0,0,0,0,0.0,-0.99,0.0001,0.0
2026-09-28 16:00:00,SPXW260928C08125000,0.4,0.0,0,0,129,0.1121,0.0085,0.0001,180.0,8125.0,SPXW260928P08125000,0.0,0.0,0,0,0,0.0,-0.9913,0.0001,0.0
2026-09-28 16:00:00,SPXW260928C08150000,0.42,0.07,0,0,15,0.1158,0.0075,0.0001,5.0,8150.0,SPXW260928P08150000,0.0,0.0,0,0,0,0.0,-0.9922,0.0001,0.0
2026-09-28 16:00:00,SPXW260928C08175000,2.2,0.0,0,0,0,0.1201,0.0067,0.0001,15.0,8175.0,SPXW260928P08175000,0.0,0.0,0,0,0,0.0,-0.9931,0.0001,0.0
2026-09-28 16:00:00,SPXW260928C08200000,0.32,-0.005,0,0,5,0.1233,0.006,0.0001,150.0,8200.0,SPXW260928P08200000,0.0,0.0,0,0,0,0.0,-0.9938,0.0001,0.0
2026-09-28 16:00:00,SPXW260928C08225000,0.65,0.0,0,0,0,0.1274,0.0054,0.0001,5.0,8225.0,SPXW260928P08225000,0.0,0.0,0,0,0,0.0,-0.9943,0.0001,0.0
2026-09-28 16:00:00,SPXW260928C08250000,0.0,0.0,0,0,0,0.1312,0.005,0.0001,0.0,8250.0,SPXW260928P08250000,0.0,0.0,0,0,0,0.0,-0.9948,0.0001,0.0
2026-09-28 16:00:00,SPXW260928C08275000,0.0,0.0,0,0,0,0.1349,0.0045,0.0001,0.0,8275.0,SPXW260928P08275000,0.0,0.0,0,0,0,0.0,-0.9953,0.0001,0.0
2026-09-28 16:00:00,SPXW260928C08300000,0.41,0.0,0,0,0,0.1384,0.0041,0.0,36.0,8300.0,SPXW260928P08300000,0.0,0.0,0,0,0,0.0,-0.9956,0.0,0.0
2026-09-28 16:00:00,SPXW260928C08400000,0.4,0.0,0,0,0,0.1522,0.003,0.0,14.0,8400.0,SPXW260928P08400000,0.0,0.0,0,0,0,0.0,-0.9968,0.0,0.0
2026-09-28 16:00:00,SPXW260928C08500000,0.25,0.0,0,0,0,0.1678,0.0022,0.0,122.0,8500.0,SPXW260928P08500000,0.0,0.0,0,0,0,0.0,-0.9975,0.0,0.0
2026-09-28 16:00:00,SPXW260928C08600000,0.2,0.0,0,0,0,0.1794,0.0017,0.0,13.0,8600.0,SPXW260928P08600000,0.0,0.0,0,0,0,0.0,-0.9981,0.0,0.0
2026-09-28 16:00:00,SPXW260928C08800000,0.45,0.0,0,0,0,0.208,0.0011,0.0,15.0,8800.0,SPXW260928P08800000,0.0,0.0,0,0,0,0.0,-0.9987,0.0,0.0
2026-09-28 16:00:00,SPXW260928C09000000,0.1,0.0,0,0,0,0.2333,0.0007,0.0,2.0,9000.0,SPXW260928P09000000,0.0,0.0,0,0,0,0.0,-0.9991,0.0,0.0
2026-09-28 16:00:00,SPXW260928C09200000,0.08,0.0,0,0,0,0.2627,0.0004,0.0,11.0,9200.0,SPXW260928P09200000,0.0,0.0,0,0,0,0.0,-0.9993,0.0,0.0
2026-09-28 16:00:00,SPXW260928C09400000,0.0,0.0,0,0,0,0.291,0.0003,0.0,0.0,9400.0,SPXW260928P09400000,0.0,0.0,0,0,0,0.0,-0.9995,0.0,0.0
2026-09-28 16:00:00,SPXW260928C09600000,0.0,0.0,0,0,0,0.3186,0.0002,0.0,0.0,9600.0,SPXW260928P09600000,0.0,0.0,0,0,0,0.0,-0.9996,0.0,0.0
2026-09-28 16:00:00,SPXW260928C09800000,0.15,0.0,0,0,0,0.3453,0.0001,0.0,1.0,9800.0,SPXW260928P09800000,0.0,0.0,0,0,0,0.0,-0.9996,0.0,0.0
2026-09-28 16:00:00,SPXW260928C10000000,0.05,0.0,0,0,0,0.3712,0.0001,0.0,0.0,10000.0,SPXW260928P10000000,0.0,0.0,0,0,0,0.0,-0.9997,0.0,0.0
2026-09-29 16:00:00,SPXW260929C03200000,4477.42,0.0,0,0,0,1.4948,0.9996,0.0,1.0,3200.0,SPXW260929P03200000,0.05,0.0,0,0,0,1.1375,-0.0002,0.0,2.0
2026-09-29 16:00:00,SPXW260929C03400000,0.0,0.0,0,0,0,1.3976,0.9996,0.0,0.0,3400.0,SPXW260929P03400000,0.08,0.0,0,0,0,1.0614,-0.0002,0.0,1.0
2026-09-29 16:00:00,SPXW260929C03600000,0.0,0.0,0,0,0,1.3059,0.9995,0.0,0.0,3600.0,SPXW260929P03600000,0.05,0.0,0,0,0,0.9897,-0.0002,0.0,0.0
2026-09-29 16:00:00,SPXW260929C03800000,0.0,0.0,0,0,0,1.2126,0.9995,0.0,0.0,3800.0,SPXW260929P03800000,0.1,0.0,0,0,0,0.9218,-0.0003,0.0,12.0
2026-09-29 16:00:00,SPXW260929C04000000,0.0,0.0,0,0,0,1.1304,0.9994,0.0,0.0,4000.0,SPXW260929P04000000,0.1,0.0,0,0,0,0.8744,-0.0004,0.0,5.0
2026-09-29 16:00:00,SPXW260929C04200000,0.0,0.0,0,0,0,1.0521,0.9994,0.0,0.0,4200.0,SPXW260929P04200000,0.15,0.0,0,0,0,0.8249,-0.0004,0.0,50.0
2026-09-29 16:00:00,SPXW260929C04400000,0.0,0.0,0,0,0,0.9772,0.9992,0.0,0.0,4400.0,SPXW260929P04400000,0.1,-0.075,0,0,2,0.7746,-0.0005,0.0,132.0
2026-09-29 16:00:00,SPXW260929C04600000,0.0,0.0,0,0,0,0.9103,0.9991,0.0,0.0,4600.0,SPXW260929P04600000,0.15,-0.1,0,0,1,0.7318,-0.0006,0.0,1.0
2026-09-29 16:00:00,SPXW260929C04800000,0.0,0.0,0,0,0,0.841,0.9989,0.0,0.0,4800.0,SPXW260929P04800000,0.2,-0.125,0,0,1,0.6968,-0.0008,0.0,8.0
2026-09-29 16:00:00,SPXW260929C05000000,0.0,0.0,0,0,0,0.7742,0.9986,0.0,0.0,5000.0,SPXW260929P05000000,0.0,0.0,0,0,0,0.6482,-0.0011,0.0,0.0
2026-09-29 16:00:00,SPXW260929C05200000,0.0,0.0,0,0,0,0.7134,0.9982,0.0,0.0,5200.0,SPXW260929P05200000,0.47,0.0,0,0,0,0.6059,-0.0015,0.0,213.0
2026-09-29 16:00:00,SPXW260929C05400000,2267.52,0.0,0,0,0,0.654,0.9977,0.0,3.0,5400.0,SPXW260929P05400000,0.42,-0.355,0,0,60,0.5638,-0.0021,0.0,279.0
2026-09-29 16:00:00,SPXW260929C05600000,0.0,0.0,0,0,0,0.5959,0.9968,0.0,0.0,5600.0,SPXW260929P05600000,0.7,-0.325,0,0,20,0.523,-0.0029,0.0,157.0
2026-09-29 16:00:00,SPXW260929C05800000,0.0,0.0,0,0,0,0.544,0.9957,0.0,0.0,5800.0,SPXW260929P05800000,0.7,-0.675,0,0,5,0.4835,-0.0041,0.0,170.0
2026-09-29 16:00:00,SPXW260929C06000000,0.0,0.0,0,0,0,0.4895,0.9941,0.0,0.0,6000.0,SPXW260929P06000000,1.25,0.0,0,0,0,0.4437,-0.0056,0.0,956.0
2026-09-29 16:00:00,SPXW260929C06100000,0.0,0.0,0,0,0,0.4643,0.9931,0.0,0.0,6100.0,SPXW260929P06100000,0.0,0.0,0,0,0,0.4226,-0.0066,0.0,0.0
2026-09-29 16:00:00,SPXW260929C06200000,0.0,0.0,0,0,0,0.4389,0.992,0.0,0.0,6200.0,SPXW260929P06200000,1.6,-0.8,0,0,17,0.4015,-0.0078,0.0,397.0
2026-09-29 16:00:00,SPXW260929C06300000,0.0,0.0,0,0,0,0.4132,0.9906,0.0,0.0,6300.0,SPXW260929P06300000,2.42,0.0,0,0,0,0.381,-0.0092,0.0,222.0
2026-09-29 16:00:00,SPXW260929C06400000,0.0,0.0,0,0,0,0.3873,0.9889,0.0,0.0,6400.0,SPXW260929P06400000,3.5,0.0,0,0,0,0.3595,-0.0109,0.0,177.0
2026-09-29 16:00:00,SPXW260929C06500000,0.0,0.0,0,0,0,0.3625,0.9869,0.0001,0.0,6500.0,SPXW260929P06500000,3.9,0.0,0,0,0,0.3388,-0.0129,0.0001,50.0
2026-09-29 16:00:00,SPXW260929C06550000,0.0,0.0,0,0,0,0.3506,0.9857,0.0001,0.0,6550.0,SPXW260929P06550000,0.0,0.0,0,0,0,0.328,-0.0141,0.0001,0.0
2026-09-29 16:00:00,SPXW260929C06575000,0.0,0.0,0,0,0,0.3439,0.985,0.0001,0.0,6575.0,SPXW260929P06575000,2.85,0.0,0,0,0,0.3227,-0.0147,0.0001,15.0
2026-09-29 16:00:00,SPXW260929C06600000,0.0,0.0,0,0,0,0.3372,0.9844,0.0001,0.0,6600.0,SPXW260929P06600000,2.4,-2.15,0,0,80,0.3177,-0.0154,0.0001,505.0
2026-09-29 16:00:00,SPXW260929C06625000,0.0,0.0,0,0,0,0.3317,0.9836,0.0001,0.0,6625.0,SPXW260929P06625000,3.1,0.0,0,0,0,0.3124,-0.0161,0.0001,119.0
2026-09-29 16:00:00,SPXW260929C06650000,0.0,0.0,0,0,0,0.325,0.9829,0.0001,0.0,6650.0,SPXW260929P06650000,2.75,-2.2,0,0,2,0.3068,-0.0169,0.0001,2.0
2026-09-29 16:00:00,SPXW260929C06675000,0.0,0.0,0,0,0,0.3193,0.982,0.0001,0.0,6675.0,SPXW260929P06675000,3.4,0.0,0,0,0,0.3011,-0.0177,0.0001,9.0
2026-09-29 16:00:00,SPXW260929C06700000,0.0,0.0,0,0,0,0.3136,0.9812,0.0001,0.0,6700.0,SPXW260929P06700000,5.9,0.0,0,0,0,0.2962,-0.0186,0.0001,11.0
2026-09-29 16:00:00,SPXW260929C06725000,0.0,0.0,0,0,0,0.3067,0.9802,0.0001,0.0,6725.0,SPXW260929P06725000,8.55,0.0,0,0,0,0.2911,-0.0195,0.0001,234.0
2026-09-29 16:00:00,SPXW260929C06750000,0.0,0.0,0,0,0,0.3008,0.9792,0.0001,0.0,6750.0,SPXW260929P06750000,4.1,0.0,0,0,0,0.2851,-0.0206,0.0001,11.0
2026-09-29 16:00:00,SPXW260929C06775000,0.0,0.0,0,0,0,0.2949,0.9781,0.0001,0.0,6775.0,SPXW260929P06775000,6.4,0.0,0,0,0,0.2804,-0.0216,0.0001,3.0
2026-09-29 16:00:00,SPXW260929C06800000,0.0,0.0,0,0,0,0.2889,0.977,0.0001,0.0,6800.0,SPXW260929P06800000,3.7,-3.05,0,0,1,0.2744,-0.0228,0.0001,31.0
2026-09-29 16:00:00,SPXW260929C06825000,0.0,0.0,0,0,0,0.2828,0.9757,0.0001,0.0,6825.0,SPXW260929P06825000,5.0,0.0,0,0,0,0.2694,-0.0241,0.0001,1.0
2026-09-29 16:00:00,SPXW260929C06850000,0.0,0.0,0,0,0,0.2775,0.9743,0.0001,6.0,6850.0,SPXW260929P06850000,4.1,-3.45,0,0,2,0.2643,-0.0255,0.0001,121.0
2026-09-29 16:00:00,SPXW260929C06875000,0.0,0.0,0,0,0,0.2712,0.9728,0.0001,0.0,6875.0,SPXW260929P06875000,8.3,0.0,0,0,0,0.2589,-0.027,0.0001,38.0
2026-09-29 16:00:00,SPXW260929C06900000,0.0,0.0,0,0,0,0.2657,0.9711,0.0001,0.0,6900.0,SPXW260929P06900000,8.85,0.0,0,0,0,0.2539,-0.0286,0.0001,53.0
2026-09-29 16:00:00,SPXW260929C06925000,0.0,0.0,0,0,0,0.2592,0.9693,0.0002,0.0,6925.0,SPXW260929P06925000,9.39,0.0,0,0,0,0.2488,-0.0304,0.0002,52.0
2026-09-29 16:00:00,SPXW260929C06950000,0.0,0.0,0,0,0,0.2535,0.9674,0.0002,0.0,6950.0,SPXW260929P06950000,5.0,-4.65,0,0,2,0.2435,-0.0324,0.0002,360.0
2026-09-29 16:00:00,SPXW260929C06975000,0.0,0.0,0,0,0,0.2483,0.9652,0.0002,0.0,6975.0,SPXW260929P06975000,5.25,-5.0,0,0,13,0.2384,-0.0346,0.0002,17.0
2026-09-29 16:00:00,SPXW260929C07000000,0.0,0.0,0,0,0,0.2422,0.9628,0.0002,0.0,7000.0,SPXW260929P07000000,5.8,-5.25,0,0,27,0.2332,-0.037,0.0002,74.0
2026-09-29 16:00:00,SPXW260929C07025000,0.0,0.0,0,0,0,0.2367,0.9601,0.0002,0.0,7025.0,SPXW260929P07025000,5.77,-6.08,0,0,49,0.2278,-0.0397,0.0002,52.0
2026-09-29 16:00:00,SPXW260929C07050000,635.07,67.62,0,0,13,0.231,0.9571,0.0002,13.0,7050.0,SPXW260929P07050000,6.5,-6.25,0,0,28,0.2228,-0.0427,0.0002,432.0
2026-09-29 16:00:00,SPXW260929C07075000,0.0,0.0,0,0,0,0.2257,0.9538,0.0003,0.0,7075.0,SPXW260929P07075000,6.1,-7.6,0,0,27,0.2183,-0.046,0.0003,131.0
2026-09-29 16:00:00,SPXW260929C07100000,586.49,66.09,0,0,13,0.2202,0.9501,0.0003,13.0,7100.0,SPXW260929P07100000,6.6,-8.2,0,0,68,0.2132,-0.0497,0.0003,631.0
2026-09-29 16:00:00,SPXW260929C07125000,618.9,0.0,0,0,0,0.2149,0.9459,0.0003,1.0,7125.0,SPXW260929P07125000,14.57,0.0,0,0,0,0.2083,-0.0538,0.0003,65.0
2026-09-29 16:00:00,SPXW260929C07150000,0.0,0.0,0,0,0,0.2094,0.9412,0.0003,0.0,7150.0,SPXW260929P07150000,8.32,-8.98,0,0,53,0.2037,-0.0585,0.0003,351.0
2026-09-29 16:00:00,SPXW260929C07175000,0.0,0.0,0,0,0,0.2042,0.936,0.0004,0.0,7175.0,SPXW260929P07175000,16.12,0.0,0,0,0,0.199,-0.0638,0.0004,227.0
2026-09-29 16:00:00,SPXW260929C07200000,502.17,0.0,0,0,0,0.1995,0.9301,0.0004,3.0,7200.0,SPXW260929P07200000,10.97,-9.43,0,0,1,0.1944,-0.0697,0.0004,83.0
2026-09-29 16:00:00,SPXW260929C07220000,0.0,0.0,0,0,0,0.1954,0.9249,0.0004,0.0,7220.0,SPXW260929P07220000,0.0,0.0,0,0,0,0.1905,-0.0749,0.0004,0.0
2026-09-29 16:00:00,SPXW260929C07225000,493.5,0.0,0,0,0,0.1944,0.9235,0.0004,3.0,7225.0,SPXW260929P07225000,9.85,-12.4,0,0,4,0.1897,-0.0763,0.0004,114.0
2026-09-29 16:00:00,SPXW260929C07230000,0.0,0.0,0,0,0,0.1934,0.9221,0.0004,0.0,7230.0,SPXW260929P07230000,0.0,0.0,0,0,0,0.1886,-0.0777,0.0004,5.0
2026-09-29 16:00:00,SPXW260929C07240000,0.0,0.0,0,0,0,0.1914,0.9191,0.0005,0.0,7240.0,SPXW260929P07240000,11.29,11.29,0,0,10,0.1868,-0.0807,0.0005,10.0
2026-09-29 16:00:00,SPXW260929C07250000,0.0,0.0,0,0,0,0.1894,0.916,0.0005,0.0,7250.0,SPXW260929P07250000,10.75,-13.55,0,0,13,0.1853,-0.0838,0.0005,164.0
2026-09-29 16:00:00,SPXW260929C07260000,0.0,0.0,0,0,0,0.1872,0.9128,0.0005,0.0,7260.0,SPXW260929P07260000,0.0,0.0,0,0,0,0.1834,-0.087,0.0005,0.0
2026-09-29 16:00:00,SPXW260929C07270000,0.0,0.0,0,0,0,0.1854,0.9094,0.0005,0.0,7270.0,SPXW260929P07270000,27.9,0.0,0,0,0,0.1816,-0.0904,0.0005,1.0
2026-09-29 16:00:00,SPXW260929C07275000,0.0,0.0,0,0,0,0.1847,0.9076,0.0005,0.0,7275.0,SPXW260929P07275000,11.88,-14.67,0,0,12,0.1807,-0.0922,0.0005,132.0
2026-09-29 16:00:00,SPXW260929C07280000,0.0,0.0,0,0,0,0.1835,0.9058,0.0006,0.0,7280.0,SPXW260929P07280000,28.9,0.0,0,0,0,0.1798,-0.094,0.0006,1.0
2026-09-29 16:00:00,SPXW260929C07290000,0.0,0.0,0,0,0,0.1816,0.902,0.0006,0.0,7290.0,SPXW260929P07290000,25.5,0.0,0,0,0,0.178,-0.0977,0.0006,24.0
2026-09-29 16:00:00,SPXW260929C07300000,408.24,0.0,0,0,0,0.1798,0.8981,0.0006,1.0,7300.0,SPXW260929P07300000,12.82,-16.18,0,0,35,0.1763,-0.1016,0.0006,428.0
2026-09-29 16:00:00,SPXW260929C07310000,0.0,0.0,0,0,0,0.1777,0.894,0.0006,0.0,7310.0,SPXW260929P07310000,22.48,0.0,0,0,0,0.1745,-0.1058,0.0006,21.0
2026-09-29 16:00:00,SPXW260929C07320000,0.0,0.0,0,0,0,0.1758,0.8897,0.0006,0.0,7320.0,SPXW260929P07320000,30.27,0.0,0,0,0,0.1727,-0.1101,0.0006,13.0
2026-09-29 16:00:00,SPXW260929C07325000,384.86,0.0,0,0,0,0.1748,0.8874,0.0006,1.0,7325.0,SPXW260929P07325000,14.18,-17.62,0,0,1,0.1718,-0.1124,0.0006,147.0
2026-09-29 16:00:00,SPXW260929C07330000,0.0,0.0,0,0,0,0.1741,0.8851,0.0007,0.0,7330.0,SPXW260929P07330000,17.3,-15.1,0,0,1,0.1711,-0.1146,0.0007,26.0
2026-09-29 16:00:00,SPXW260929C07340000,0.0,0.0,0,0,0,0.1721,0.8804,0.0007,0.0,7340.0,SPXW260929P07340000,16.52,-17.08,0,0,30,0.1692,-0.1194,0.0007,35.0
2026-09-29 16:00:00,SPXW260929C07350000,0.0,0.0,0,0,0,0.1702,0.8754,0.0007,0.0,7350.0,SPXW260929P07350000,17.29,-17.61,0,0,52,0.1674,-0.1244,0.0007,148.0
2026-09-29 16:00:00,SPXW260929C07360000,0.0,0.0,0,0,0,0.1686,0.8701,0.0008,0.0,7360.0,SPXW260929P07360000,35.3,0.0,0,0,0,0.1659,-0.1297,0.0008,20.0
2026-09-29 16:00:00,SPXW260929C07370000,0.0,0.0,0,0,0,0.1665,0.8646,0.0008,0.0,7370.0,SPXW260929P07370000,40.4,0.0,0,0,0,0.164,-0.1352,0.0008,17.0
2026-09-29 16:00:00,SPXW260929C07375000,341.22,0.0,0,0,0,0.1656,0.8617,0.0008,0.0,7375.0,SPXW260929P07375000,21.0,-17.3,0,0,17,0.1631,-0.138,0.0008,109.0
2026-09-29 16:00:00,SPXW260929C07380000,0.0,0.0,0,0,0,0.1646,0.8588,0.0008,0.0,7380.0,SPXW260929P07380000,36.7,0.0,0,0,0,0.1624,-0.141,0.0008,2.0
2026-09-29 16:00:00,SPXW260929C07390000,0.0,0.0,0,0,0,0.1629,0.8527,0.0008,0.0,7390.0,SPXW260929P07390000,20.12,-20.43,0,0,35,0.1606,-0.147,0.0008,37.0
2026-09-29 16:00:00,SPXW260929C07400000,274.21,0.0,0,0,0,0.1611,0.8464,0.0009,6.0,7400.0,SPXW260929P07400000,20.98,-21.17,0,0,30,0.1589,-0.1534,0.0009,91.0
2026-09-29 16:00:00,SPXW260929C07410000,0.0,0.0,0,0,0,0.1594,0.8396,0.0009,0.0,7410.0,SPXW260929P07410000,42.89,0.0,0,0,0,0.1572,-0.1601,0.0009,21.0
2026-09-29 16:00:00,SPXW260929C07420000,277.0,45.65,0,0,3,0.1576,0.8326,0.001,4.0,7420.0,SPXW260929P07420000,23.05,-22.45,0,0,15,0.1556,-0.1671,0.001,21.0
2026-09-29 16:00:00,SPXW260929C07425000,0.0,0.0,0,0,0,0.1566,0.829,0.001,0.0,7425.0,SPXW260929P07425000,23.55,-22.85,0,0,24,0.1547,-0.1708,0.001,67.0
2026-09-29 16:00:00,SPXW260929C07430000,0.0,0.0,0,0,0,0.1557,0.8252,0.001,0.0,7430.0,SPXW260929P07430000,50.6,0.0,0,0,0,0.1539,-0.1745,0.001,18.0
2026-09-29 16:00:00,SPXW260929C07440000,0.0,0.0,0,0,0,0.1541,0.8175,0.001,0.0,7440.0,SPXW260929P07440000,27.3,-21.85,0,0,1,0.1522,-0.1823,0.001,18.0
2026-09-29 16:00:00,SPXW260929C07445000,0.0,0.0,0,0,0,0.153,0.8135,0.001,0.0,7445.0,SPXW260929P07445000,0.0,0.0,0,0,0,0.1514,-0.1863,0.001,0.0
2026-09-29 16:00:00,SPXW260929C07450000,231.69,0.0,0,0,0,0.1521,0.8094,0.0011,7.0,7450.0,SPXW260929P07450000,26.79,-24.31,0,0,1,0.1505,-0.1904,0.0011,208.0
2026-09-29 16:00:00,SPXW260929C07455000,0.0,0.0,0,0,0,0.1512,0.8052,0.0011,0.0,7455.0,SPXW260929P07455000,0.0,0.0,0,0,0,0.1496,-0.1946,0.0011,0.0
2026-09-29 16:00:00,SPXW260929C07460000,0.0,0.0,0,0,0,0.1505,0.8008,0.0011,0.0,7460.0,SPXW260929P07460000,27.24,-25.91,0,0,1,0.1487,-0.1989,0.0011,13.0
2026-09-29 16:00:00,SPXW260929C07465000,0.0,0.0,0,0,0,0.1495,0.7964,0.0011,0.0,7465.0,SPXW260929P07465000,0.0,0.0,0,0,0,0.148,-0.2033,0.0011,0.0
2026-09-29 16:00:00,SPXW260929C07470000,0.0,0.0,0,0,0,0.1487,0.7919,0.0011,0.0,7470.0,SPXW260929P07470000,31.0,-24.25,0,0,2,0.1471,-0.2079,0.0011,22.0
2026-09-29 16:00:00,SPXW260929C07475000,226.02,0.0,0,0,0,0.1478,0.7873,0.0012,2.0,7475.0,SPXW260929P07475000,27.6,-28.75,0,0,18,0.1462,-0.2125,0.0012,102.0
2026-09-29 16:00:00,SPXW260929C07480000,184.32,0.0,0,0,0,0.1469,0.7825,0.0012,1.0,7480.0,SPXW260929P07480000,31.71,-25.74,0,0,1,0.1454,-0.2173,0.0012,14.0
2026-09-29 16:00:00,SPXW260929C07485000,0.0,0.0,0,0,0,0.146,0.7776,0.0012,0.0,7485.0,SPXW260929P07485000,31.8,-26.8,0,0,1,0.1447,-0.2221,0.0012,2.0
2026-09-29 16:00:00,SPXW260929C07490000,176.62,0.0,0,0,0,0.1485,0.7727,0.0012,1.0,7490.0,SPXW260929P07490000,34.22,-25.53,0,0,1,0.1438,-0.2271,0.0012,26.0
2026-09-29 16:00:00,SPXW260929C07495000,0.0,0.0,0,0,0,0.1443,0.7676,0.0013,0.0,7495.0,SPXW260929P07495000,33.4,-27.55,0,0,1,0.143,-0.2322,0.0013,3.0
2026-09-29 16:00:00,SPXW260929C07500000,166.1,0.0,0,0,0,0.1434,0.7624,0.0013,36.0,7500.0,SPXW260929P07500000,32.9,-29.25,0,0,8,0.1421,-0.2374,0.0013,305.0
2026-09-29 16:00:00,SPXW260929C07505000,0.0,0.0,0,0,0,0.1426,0.757,0.0013,0.0,7505.0,SPXW260929P07505000,0.0,0.0,0,0,0,0.1413,-0.2428,0.0013,0.0
2026-09-29 16:00:00,SPXW260929C07510000,0.0,0.0,0,0,0,0.1416,0.7516,0.0013,0.0,7510.0,SPXW260929P07510000,31.55,-33.1,0,0,8,0.1405,-0.2482,0.0013,9.0
2026-09-29 16:00:00,SPXW260929C07515000,0.0,0.0,0,0,0,0.1409,0.746,0.0014,0.0,7515.0,SPXW260929P07515000,40.2,-25.75,0,0,1,0.1396,-0.2538,0.0014,2.0
2026-09-29 16:00:00,SPXW260929C07520000,0.0,0.0,0,0,0,0.1399,0.7402,0.0014,0.0,7520.0,SPXW260929P07520000,38.9,-28.45,0,0,2,0.1388,-0.2595,0.0014,35.0
2026-09-29 16:00:00,SPXW260929C07525000,149.78,0.0,0,0,0,0.139,0.7344,0.0014,17.0,7525.0,SPXW260929P07525000,38.72,-29.93,0,0,8,0.1379,-0.2654,0.0014,341.0
2026-09-29 16:00:00,SPXW260929C07530000,144.3,0.0,0,0,0,0.1383,0.7284,0.0014,3.0,7530.0,SPXW260929P07530000,38.8,-31.25,0,0,8,0.1371,-0.2714,0.0014,56.0
2026-09-29 16:00:00,SPXW260929C07535000,0.0,0.0,0,0,0,0.1373,0.7222,0.0014,0.0,7535.0,SPXW260929P07535000,37.03,-34.42,0,0,1,0.1362,-0.2775,0.0014,3.0
2026-09-29 16:00:00,SPXW260929C07540000,137.2,0.0,0,0,0,0.1365,0.716,0.0015,1.0,7540.0,SPXW260929P07540000,40.7,-32.25,0,0,9,0.1355,-0.2838,0.0015,66.0
2026-09-29 16:00:00,SPXW260929C07545000,131.8,0.0,0,0,0,0.1356,0.7096,0.0015,1.0,7545.0,SPXW260929P07545000,40.37,-34.03,0,0,1,0.1346,-0.2902,0.0015,2.0
2026-09-29 16:00:00,SPXW260929C07550000,132.18,0.0,0,0,0,0.1348,0.703,0.0015,8.0,7550.0,SPXW260929P07550000,41.7,-34.25,0,0,11,0.1337,-0.2967,0.0015,73.0
2026-09-29 16:00:00,SPXW260929C07555000,126.8,0.0,0,0,0,0.133,0.6964,0.0015,1.0,7555.0,SPXW260929P07555000,41.95,-35.5,0,0,2,0.133,-0.3034,0.0015,9.0
2026-09-29 16:00:00,SPXW260929C07560000,123.4,0.0,0,0,0,0.1324,0.6895,0.0016,5.0,7560.0,SPXW260929P07560000,41.91,-37.14,0,0,1,0.1321,-0.3103,0.0016,7.0
2026-09-29 16:00:00,SPXW260929C07565000,140.4,0.0,0,0,0,0.1315,0.6825,0.0016,6.0,7565.0,SPXW260929P07565000,0.0,0.0,0,0,0,0.1313,-0.3172,0.0016,0.0
2026-09-29 16:00:00,SPXW260929C07570000,120.62,0.0,0,0,0,0.1306,0.6754,0.0016,1.0,7570.0,SPXW260929P07570000,49.0,-33.35,0,0,3,0.1304,-0.3244,0.0016,81.0
2026-09-29 16:00:00,SPXW260929C07575000,142.3,0.0,0,0,0,0.1298,0.6681,0.0016,14.0,7575.0,SPXW260929P07575000,49.36,-34.69,0,0,8,0.1296,-0.3317,0.0016,32.0
2026-09-29 16:00:00,SPXW260929C07580000,111.8,0.0,0,0,0,0.129,0.6607,0.0017,5.0,7580.0,SPXW260929P07580000,46.02,-39.73,0,0,3,0.1288,-0.3391,0.0017,53.0
2026-09-29 16:00:00,SPXW260929C07585000,138.93,29.63,0,0,1,0.1281,0.6531,0.0017,1.0,7585.0,SPXW260929P07585000,53.36,-34.19,0,0,9,0.1279,-0.3467,0.0017,1.0
2026-09-29 16:00:00,SPXW260929C07590000,103.58,0.0,0,0,0,0.1273,0.6453,0.0017,8.0,7590.0,SPXW260929P07590000,93.17,0.0,0,0,0,0.1271,-0.3544,0.0017,8.0
2026-09-29 16:00:00,SPXW260929C07595000,133.6,30.6,0,0,1,0.1265,0.6374,0.0017,2.0,7595.0,SPXW260929P07595000,54.54,-36.61,0,0,8,0.1262,-0.3624,0.0017,18.0
2026-09-29 16:00:00,SPXW260929C07600000,129.2,29.3,0,0,20,0.1256,0.6294,0.0018,133.0,7600.0,SPXW260929P07600000,52.47,-40.58,0,0,3,0.1255,-0.3704,0.0018,275.0
2026-09-29 16:00:00,SPXW260929C07605000,124.5,27.7,0,0,2,0.1249,0.6211,0.0018,2.0,7605.0,SPXW260929P07605000,51.83,-43.12,0,0,5,0.1246,-0.3786,0.0018,22.0
2026-09-29 16:00:00,SPXW260929C07610000,94.2,0.0,0,0,0,0.124,0.6128,0.0018,14.0,7610.0,SPXW260929P07610000,99.4,0.0,0,0,0,0.1238,-0.387,0.0018,97.0
2026-09-29 16:00:00,SPXW260929C07615000,89.0,0.0,0,0,0,0.1231,0.6042,0.0018,1.0,7615.0,SPXW260929P07615000,57.32,-41.63,0,0,5,0.123,-0.3955,0.0018,4.0
2026-09-29 16:00:00,SPXW260929C07620000,86.0,0.0,0,0,0,0.1223,0.5955,0.0019,3.0,7620.0,SPXW260929P07620000,57.3,-43.75,0,0,1,0.1221,-0.4042,0.0019,14.0
2026-09-29 16:00:00,SPXW260929C07625000,83.6,0.0,0,0,0,0.1215,0.5867,0.0019,9.0,7625.0,SPXW260929P07625000,60.77,-42.38,0,0,2,0.1213,-0.4131,0.0019,20.0
2026-09-29 16:00:00,SPXW260929C07630000,106.8,24.65,0,0,1,0.1208,0.5777,0.0019,18.0,7630.0,SPXW260929P07630000,66.7,-38.6,0,0,17,0.1205,-0.4221,0.0019,33.0
2026-09-29 16:00:00,SPXW260929C07635000,79.46,0.0,0,0,0,0.1199,0.5685,0.0019,13.0,7635.0,SPXW260929P07635000,61.33,-46.17,0,0,72,0.1197,-0.4313,0.0019,68.0
2026-09-29 16:00:00,SPXW260929C07640000,100.77,24.12,0,0,17,0.1191,0.5592,0.002,87.0,7640.0,SPXW260929P07640000,64.81,-44.94,0,0,16,0.1188,-0.4406,0.002,51.0
2026-09-29 16:00:00,SPXW260929C07645000,100.1,26.15,0,0,2,0.1184,0.5497,0.002,19.0,7645.0,SPXW260929P07645000,0.0,0.0,0,0,0,0.118,-0.4501,0.002,0.0
2026-09-29 16:00:00,SPXW260929C07650000,69.47,0.0,0,0,0,0.1175,0.5401,0.002,87.0,7650.0,SPXW260929P07650000,65.53,-48.82,0,0,26,0.1173,-0.4597,0.002,260.0
2026-09-29 16:00:00,SPXW260929C07655000,0.0,0.0,0,0,0,0.1166,0.5303,0.002,0.0,7655.0,SPXW260929P07655000,67.33,-49.42,0,0,13,0.1164,-0.4695,0.002,1.0
2026-09-29 16:00:00,SPXW260929C07660000,87.85,21.7,0,0,12,0.1158,0.5204,0.002,23.0,7660.0,SPXW260929P07660000,74.8,-44.45,0,0,8,0.1157,-0.4794,0.002,41.0
2026-09-29 16:00:00,SPXW260929C07665000,87.5,23.85,0,0,2,0.1151,0.5103,0.002,55.0,7665.0,SPXW260929P07665000,70.33,-51.42,0,0,13,0.1149,-0.4895,0.002,59.0
2026-09-29 16:00:00,SPXW260929C07670000,76.59,0.0,0,0,0,0.1144,0.5001,0.002,47.0,7670.0,SPXW260929P07670000,77.9,-46.4,0,0,25,0.1141,-0.4997,0.002,28.0
2026-09-29 16:00:00,SPXW260929C07675000,83.9,25.05,0,0,2,0.1135,0.4898,0.0021,182.0,7675.0,SPXW260929P07675000,76.0,-50.9,0,0,5,0.1134,-0.51,0.0021,195.0
2026-09-29 16:00:00,SPXW260929C07680000,72.5,16.0,0,0,7,0.1128,0.4793,0.0021,25.0,7680.0,SPXW260929P07680000,80.1,-49.45,0,0,12,0.1126,-0.5205,0.0021,35.0
2026-09-29 16:00:00,SPXW260929C07685000,72.13,17.88,0,0,3,0.112,0.4687,0.0021,4.0,7685.0,SPXW260929P07685000,82.96,-49.29,0,0,11,0.1119,-0.531,0.0021,10.0
2026-09-29 16:00:00,SPXW260929C07690000,56.21,0.0,0,0,0,0.1113,0.458,0.0021,8.0,7690.0,SPXW260929P07690000,82.85,-52.1,0,0,4,0.1111,-0.5417,0.0021,18.0
2026-09-29 16:00:00,SPXW260929C07695000,71.05,21.2,0,0,3,0.1105,0.4472,0.0021,26.0,7695.0,SPXW260929P07695000,86.1,-51.75,0,0,3,0.1104,-0.5525,0.0021,5.0
2026-09-29 16:00:00,SPXW260929C07700000,61.22,13.52,0,0,9,0.1098,0.4364,0.0021,69.0,7700.0,SPXW260929P07700000,88.35,-52.35,0,0,42,0.1096,-0.5634,0.0021,55.0
2026-09-29 16:00:00,SPXW260929C07705000,58.62,12.97,0,0,6,0.1091,0.4254,0.0021,7.0,7705.0,SPXW260929P07705000,89.69,-53.96,0,0,6,0.1089,-0.5744,0.0021,26.0
2026-09-29 16:00:00,SPXW260929C07710000,64.27,20.62,0,0,10,0.1084,0.4144,0.0021,37.0,7710.0,SPXW260929P07710000,88.3,-58.3,0,0,4,0.1081,-0.5854,0.0021,64.0
2026-09-29 16:00:00,SPXW260929C07715000,57.8,0.0,0,0,0,0.1077,0.4033,0.0021,29.0,7715.0,SPXW260929P07715000,151.2,0.0,0,0,0,0.1074,-0.5965,0.0021,1.0
2026-09-29 16:00:00,SPXW260929C07720000,52.78,12.98,0,0,4,0.107,0.3922,0.0021,52.0,7720.0,SPXW260929P07720000,88.0,0.0,0,0,0,0.1068,-0.6076,0.0021,23.0
2026-09-29 16:00:00,SPXW260929C07725000,56.0,18.05,0,0,1,0.1063,0.381,0.0021,44.0,7725.0,SPXW260929P07725000,108.24,-47.71,0,0,2,0.106,-0.6188,0.0021,29.0
2026-09-29 16:00:00,SPXW260929C07730000,34.9,0.0,0,0,0,0.1056,0.3698,0.0021,25.0,7730.0,SPXW260929P07730000,98.6,-60.55,0,0,2,0.1055,-0.63,0.0021,20.0
2026-09-29 16:00:00,SPXW260929C07735000,49.1,14.65,0,0,1,0.1049,0.3586,0.0021,9.0,7735.0,SPXW260929P07735000,0.0,0.0,0,0,0,0.1048,-0.6412,0.0021,0.0
2026-09-29 16:00:00,SPXW260929C07740000,46.95,14.2,0,0,2,0.1043,0.3474,0.0021,25.0,7740.0,SPXW260929P07740000,87.2,0.0,0,0,0,0.104,-0.6523,0.0021,54.0
2026-09-29 16:00:00,SPXW260929C07745000,0.0,0.0,0,0,0,0.1038,0.3363,0.0021,0.0,7745.0,SPXW260929P07745000,132.73,0.0,0,0,0,0.1035,-0.6635,0.0021,2.0
2026-09-29 16:00:00,SPXW260929C07750000,41.59,11.99,0,0,6,0.1031,0.3252,0.002,33.0,7750.0,SPXW260929P07750000,113.51,-58.89,0,0,1,0.1029,-0.6746,0.002,35.0
2026-09-29 16:00:00,SPXW260929C07760000,40.03,13.38,0,0,2,0.1019,0.3031,0.002,21.0,7760.0,SPXW260929P07760000,144.6,0.0,0,0,0,0.1018,-0.6966,0.002,3.0
2026-09-29 16:00:00,SPXW260929C07770000,34.6,10.7,0,0,5,0.1008,0.2814,0.002,23.0,7770.0,SPXW260929P07770000,130.58,-56.42,0,0,10,0.0985,-0.7183,0.002,14.0
2026-09-29 16:00:00,SPXW260929C07775000,27.27,4.67,0,0,5,0.1003,0.2707,0.0019,79.0,7775.0,SPXW260929P07775000,113.5,0.0,0,0,0,0.098,-0.729,0.0019,17.0
2026-09-29 16:00:00,SPXW260929C07780000,25.93,4.53,0,0,18,0.0997,0.2602,0.0019,20.0,7780.0,SPXW260929P07780000,148.84,0.0,0,0,0,0.0974,-0.7396,0.0019,3.0
2026-09-29 16:00:00,SPXW260929C07790000,22.98,3.93,0,0,11,0.0987,0.2394,0.0018,1014.0,7790.0,SPXW260929P07790000,120.8,0.0,0,0,0,0.0963,-0.7603,0.0018,1.0
2026-09-29 16:00:00,SPXW260929C07800000,21.81,4.91,0,0,252,0.0978,0.2194,0.0018,454.0,7800.0,SPXW260929P07800000,145.77,-64.23,0,0,1,0.095,-0.7804,0.0018,25.0
2026-09-29 16:00:00,SPXW260929C07810000,21.3,6.3,0,0,7,0.0968,0.2001,0.0017,34.0,7810.0,SPXW260929P07810000,0.0,0.0,0,0,0,0.0939,-0.7996,0.0017,0.0
2026-09-29 16:00:00,SPXW260929C07820000,20.9,7.7,0,0,5,0.096,0.1817,0.0016,21.0,7820.0,SPXW260929P07820000,0.0,0.0,0,0,0,0.0928,-0.818,0.0016,0.0
2026-09-29 16:00:00,SPXW260929C07825000,14.31,1.91,0,0,4,0.0955,0.1729,0.0016,134.0,7825.0,SPXW260929P07825000,0.0,0.0,0,0,0,0.0924,-0.8269,0.0016,0.0
2026-09-29 16:00:00,SPXW260929C07830000,13.62,2.02,0,0,16,0.0952,0.1643,0.0015,25.0,7830.0,SPXW260929P07830000,0.0,0.0,0,0,0,0.0918,-0.8355,0.0015,0.0
2026-09-29 16:00:00,SPXW260929C07840000,14.6,4.35,0,0,16,0.0945,0.1478,0.0014,17.0,7840.0,SPXW260929P07840000,0.0,0.0,0,0,0,0.0909,-0.8519,0.0014,0.0
2026-09-29 16:00:00,SPXW260929C07850000,12.73,3.78,0,0,3,0.0936,0.1325,0.0013,86.0,7850.0,SPXW260929P07850000,190.76,0.0,0,0,0,0.0896,-0.8672,0.0013,3.0
2026-09-29 16:00:00,SPXW260929C07860000,9.55,1.75,0,0,46,0.0931,0.1183,0.0012,57.0,7860.0,SPXW260929P07860000,0.0,0.0,0,0,0,0.0888,-0.8815,0.0012,0.0
2026-09-29 16:00:00,SPXW260929C07870000,8.25,1.45,0,0,30,0.0926,0.1053,0.0012,75.0,7870.0,SPXW260929P07870000,0.0,0.0,0,0,0,0.0877,-0.8945,0.0012,0.0
2026-09-29 16:00:00,SPXW260929C07875000,7.1,0.75,0,0,33,0.0923,0.0992,0.0011,68.0,7875.0,SPXW260929P07875000,0.0,0.0,0,0,0,0.0874,-0.9006,0.0011,0.0
2026-09-29 16:00:00,SPXW260929C07880000,6.72,0.82,0,0,69,0.0921,0.0934,0.0011,83.0,7880.0,SPXW260929P07880000,0.0,0.0,0,0,0,0.0867,-0.9064,0.0011,0.0
2026-09-29 16:00:00,SPXW260929C07890000,6.25,1.1,0,0,41,0.0917,0.0826,0.001,64.0,7890.0,SPXW260929P07890000,0.0,0.0,0,0,0,0.086,-0.9171,0.001,0.0
2026-09-29 16:00:00,SPXW260929C07900000,4.94,0.49,0,0,45,0.0914,0.073,0.0009,196.0,7900.0,SPXW260929P07900000,205.7,0.0,0,0,0,0.0851,-0.9267,0.0009,0.0
2026-09-29 16:00:00,SPXW260929C07925000,4.21,1.06,0,0,40,0.0914,0.0535,0.0007,91.0,7925.0,SPXW260929P07925000,0.0,0.0,0,0,0,0.0825,-0.9462,0.0007,0.0
2026-09-29 16:00:00,SPXW260929C07950000,2.3,0.1,0,0,42,0.0917,0.0396,0.0005,102.0,7950.0,SPXW260929P07950000,296.68,0.0,0,0,0,0.0788,-0.9602,0.0005,1.0
2026-09-29 16:00:00,SPXW260929C07975000,1.97,0.37,0,0,23,0.0929,0.0299,0.0004,243.0,7975.0,SPXW260929P07975000,0.0,0.0,0,0,0,0.0725,-0.9698,0.0004,0.0
2026-09-29 16:00:00,SPXW260929C08000000,1.3,0.1,0,0,61,0.0944,0.0232,0.0003,221.0,8000.0,SPXW260929P08000000,336.91,0.0,0,0,0,0.0,-0.9765,0.0003,1.0
2026-09-29 16:00:00,SPXW260929C08025000,1.33,0.38,0,0,53,0.097,0.0186,0.0003,190.0,8025.0,SPXW260929P08025000,0.0,0.0,0,0,0,0.0,-0.9812,0.0003,0.0
2026-09-29 16:00:00,SPXW260929C08050000,0.92,0.17,0,0,74,0.1,0.0153,0.0002,356.0,8050.0,SPXW260929P08050000,0.0,0.0,0,0,0,0.0,-0.9845,0.0002,0.0
2026-09-29 16:00:00,SPXW260929C08075000,0.78,0.155,0,0,38,0.1033,0.0128,0.0002,41.0,8075.0,SPXW260929P08075000,0.0,0.0,0,0,0,0.0,-0.987,0.0002,0.0
2026-09-29 16:00:00,SPXW260929C08100000,0.67,0.12,0,0,26,0.1065,0.0109,0.0002,264.0,8100.0,SPXW260929P08100000,0.0,0.0,0,0,0,0.0,-0.9888,0.0002,0.0
2026-09-29 16:00:00,SPXW260929C08125000,0.67,0.0,0,0,0,0.1106,0.0095,0.0001,27.0,8125.0,SPXW260929P08125000,0.0,0.0,0,0,0,0.0,-0.9903,0.0001,0.0
2026-09-29 16:00:00,SPXW260929C08150000,1.12,0.0,0,0,0,0.1144,0.0083,0.0001,30.0,8150.0,SPXW260929P08150000,0.0,0.0,0,0,0,0.0,-0.9915,0.0001,0.0
2026-09-29 16:00:00,SPXW260929C08175000,1.45,0.0,0,0,0,0.1181,0.0074,0.0001,1.0,8175.0,SPXW260929P08175000,0.0,0.0,0,0,0,0.0,-0.9924,0.0001,0.0
2026-09-29 16:00:00,SPXW260929C08200000,0.32,-0.03,0,0,5,0.1215,0.0066,0.0001,14.0,8200.0,SPXW260929P08200000,0.0,0.0,0,0,0,0.0,-0.9932,0.0001,0.0
2026-09-29 16:00:00,SPXW260929C08225000,3.39,0.0,0,0,0,0.1246,0.0059,0.0001,1.0,8225.0,SPXW260929P08225000,0.0,0.0,0,0,0,0.0,-0.9939,0.0001,0.0
2026-09-29 16:00:00,SPXW260929C08250000,0.0,0.0,0,0,0,0.1293,0.0053,0.0001,0.0,8250.0,SPXW260929P08250000,0.0,0.0,0,0,0,0.0,-0.9944,0.0001,0.0
2026-09-29 16:00:00,SPXW260929C08275000,0.0,0.0,0,0,0,0.132,0.0048,0.0001,0.0,8275.0,SPXW260929P08275000,0.0,0.0,0,0,0,0.0,-0.9949,0.0001,0.0
2026-09-29 16:00:00,SPXW260929C08300000,0.5,0.0,0,0,0,0.1366,0.0044,0.0001,5.0,8300.0,SPXW260929P08300000,0.0,0.0,0,0,0,0.0,-0.9954,0.0001,0.0
2026-09-29 16:00:00,SPXW260929C08400000,0.32,0.0,0,0,0,0.1494,0.0032,0.0,4.0,8400.0,SPXW260929P08400000,0.0,0.0,0,0,0,0.0,-0.9966,0.0,0.0
2026-09-29 16:00:00,SPXW260929C08500000,0.0,0.0,0,0,0,0.1628,0.0023,0.0,0.0,8500.0,SPXW260929P08500000,0.0,0.0,0,0,0,0.0,-0.9974,0.0,0.0
2026-09-29 16:00:00,SPXW260929C08600000,0.45,0.0,0,0,0,0.1742,0.0018,0.0,10.0,8600.0,SPXW260929P08600000,0.0,0.0,0,0,0,0.0,-0.998,0.0,0.0
2026-09-29 16:00:00,SPXW260929C08800000,0.26,0.0,0,0,0,0.202,0.0011,0.0,1.0,8800.0,SPXW260929P08800000,0.0,0.0,0,0,0,0.0,-0.9987,0.0,0.0
2026-09-29 16:00:00,SPXW260929C09000000,0.0,0.0,0,0,0,0.2268,0.0007,0.0,0.0,9000.0,SPXW260929P09000000,0.0,0.0,0,0,0,0.0,-0.9991,0.0,0.0
2026-09-29 16:00:00,SPXW260929C09200000,0.05,0.0,0,0,0,0.2552,0.0005,0.0,0.0,9200.0,SPXW260929P09200000,0.0,0.0,0,0,0,0.0,-0.9993,0.0,0.0
2026-09-29 16:00:00,SPXW260929C09400000,0.0,0.0,0,0,0,0.2826,0.0003,0.0,0.0,9400.0,SPXW260929P09400000,0.0,0.0,0,0,0,0.0,-0.9995,0.0,0.0
2026-09-29 16:00:00,SPXW260929C09600000,0.0,0.0,0,0,0,0.3094,0.0002,0.0,0.0,9600.0,SPXW260929P09600000,0.0,0.0,0,0,0,0.0,-0.9996,0.0,0.0
2026-09-29 16:00:00,SPXW260929C09800000,0.0,0.0,0,0,0,0.3354,0.0001,0.0,0.0,9800.0,SPXW260929P09800000,0.0,0.0,0,0,0,0.0,-0.9996,0.0,0.0
2026-09-29 16:00:00,SPXW260929C10000000,0.0,0.0,0,0,0,0.3607,0.0001,0.0,0.0,10000.0,SPXW260929P10000000,2300.18,0.0,0,0,0,0.0,-0.9997,0.0,1.0
2026-09-30 16:00:00,SPXW260930C02600000,4896.49,0.0,0,0,0,1.7799,0.9996,0.0,173.0,2600.0,SPXW260930P02600000,0.05,0.0,0,0,0,1.3259,-0.0001,0.0,1558.0
2026-09-30 16:00:00,SPXW260930C02800000,4850.26,0.0,0,0,0,1.662,0.9996,0.0,3.0,2800.0,SPXW260930P02800000,0.05,0.0,0,0,0,1.2376,-0.0001,0.0,2623.0
2026-09-30 16:00:00,SPXW260930C03000000,4403.66,0.0,0,0,0,1.5524,0.9996,0.0,2.0,3000.0,SPXW260930P03000000,0.05,0.0,0,0,0,1.1554,-0.0002,0.0,369.0
2026-09-30 16:00:00,SPXW260930C03200000,4321.36,0.0,0,0,0,1.4501,0.9996,0.0,0.0,3200.0,SPXW260930P03200000,0.05,0.0,0,0,0,1.1072,-0.0002,0.0,1386.0
2026-09-30 16:00:00,SPXW260930C03300000,0.0,0.0,0,0,0,1.4013,0.9995,0.0,0.0,3300.0,SPXW260930P03300000,0.05,0.0,0,0,0,1.0697,-0.0002,0.0,123.0
2026-09-30 16:00:00,SPXW260930C03400000,0.0,0.0,0,0,0,1.354,0.9995,0.0,0.0,3400.0,SPXW260930P03400000,0.05,0.0,0,0,0,1.0332,-0.0002,0.0,141.0
2026-09-30 16:00:00,SPXW260930C03500000,4150.69,0.0,0,0,0,1.3149,0.9995,0.0,73.0,3500.0,SPXW260930P03500000,0.1,0.0,0,0,0,0.9978,-0.0002,0.0,338.0
2026-09-30 16:00:00,SPXW260930C03600000,0.0,0.0,0,0,0,1.2701,0.9995,0.0,0.0,3600.0,SPXW260930P03600000,0.1,0.0,0,0,0,0.9634,-0.0003,0.0,530.0
2026-09-30 16:00:00,SPXW260930C03700000,0.0,0.0,0,0,0,1.2265,0.9995,0.0,0.0,3700.0,SPXW260930P03700000,0.1,0.0,0,0,0,0.9299,-0.0003,0.0,390.0
2026-09-30 16:00:00,SPXW260930C03800000,0.0,0.0,0,0,0,1.1841,0.9994,0.0,0.0,3800.0,SPXW260930P03800000,0.15,0.0,0,0,0,0.8973,-0.0003,0.0,2756.0
2026-09-30 16:00:00,SPXW260930C03900000,0.0,0.0,0,0,0,1.1427,0.9994,0.0,0.0,3900.0,SPXW260930P03900000,0.1,0.0,0,0,5,0.8968,-0.0003,0.0,330.0
2026-09-30 16:00:00,SPXW260930C04000000,3611.65,0.0,0,0,0,1.1024,0.9994,0.0,17.0,4000.0,SPXW260930P04000000,0.15,0.0,0,0,0,0.8512,-0.0004,0.0,1214.0
2026-09-30 16:00:00,SPXW260930C04100000,0.0,0.0,0,0,0,1.0631,0.9993,0.0,0.0,4100.0,SPXW260930P04100000,0.15,0.0,0,0,0,0.8447,-0.0004,0.0,187.0
2026-09-30 16:00:00,SPXW260930C04200000,3411.73,0.0,0,0,0,1.0247,0.9993,0.0,6.0,4200.0,SPXW260930P04200000,0.15,0.0,0,0,0,0.8138,-0.0004,0.0,357.0
2026-09-30 16:00:00,SPXW260930C04300000,0.0,0.0,0,0,0,0.9871,0.9992,0.0,0.0,4300.0,SPXW260930P04300000,0.1,-0.1,0,0,90,0.7836,-0.0005,0.0,299.0
2026-09-30 16:00:00,SPXW260930C04400000,2647.28,0.0,0,0,0,0.9556,0.9992,0.0,1.0,4400.0,SPXW260930P04400000,0.18,0.0,0,0,0,0.7707,-0.0006,0.0,1477.0
2026-09-30 16:00:00,SPXW260930C04500000,3100.0,0.0,0,0,0,0.9195,0.9991,0.0,24.0,4500.0,SPXW260930P04500000,0.2,-0.05,0,0,2,0.7413,-0.0006,0.0,878.0
2026-09-30 16:00:00,SPXW260930C04550000,3159.55,0.0,0,0,0,0.9018,0.9991,0.0,2.0,4550.0,SPXW260930P04550000,0.4,0.0,0,0,0,0.7397,-0.0007,0.0,221.0
2026-09-30 16:00:00,SPXW260930C04600000,3016.67,0.0,0,0,0,0.8842,0.999,0.0,3.0,4600.0,SPXW260930P04600000,0.3,0.0,0,0,0,0.7251,-0.0007,0.0,1448.0
2026-09-30 16:00:00,SPXW260930C04650000,0.0,0.0,0,0,0,0.8668,0.999,0.0,0.0,4650.0,SPXW260930P04650000,0.2,-0.1,0,0,8,0.7107,-0.0008,0.0,1016.0
2026-09-30 16:00:00,SPXW260930C04700000,2916.0,0.0,0,0,0,0.8496,0.999,0.0,2.0,4700.0,SPXW260930P04700000,0.3,0.0,0,0,0,0.7068,-0.0008,0.0,2070.0
2026-09-30 16:00:00,SPXW260930C04750000,0.0,0.0,0,0,0,0.8371,0.9989,0.0,0.0,4750.0,SPXW260930P04750000,0.3,0.0,0,0,0,0.6925,-0.0009,0.0,142.0
2026-09-30 16:00:00,SPXW260930C04800000,2871.2,0.0,0,0,0,0.8201,0.9988,0.0,1.0,4800.0,SPXW260930P04800000,0.32,-0.08,0,0,16,0.6783,-0.0009,0.0,1502.0
2026-09-30 16:00:00,SPXW260930C04850000,0.0,0.0,0,0,0,0.8034,0.9988,0.0,0.0,4850.0,SPXW260930P04850000,0.5,0.0,0,0,0,0.6729,-0.001,0.0,341.0
2026-09-30 16:00:00,SPXW260930C04900000,0.0,0.0,0,0,0,0.7867,0.9987,0.0,0.0,4900.0,SPXW260930P04900000,0.3,-0.15,0,0,158,0.6588,-0.0011,0.0,581.0
2026-09-30 16:00:00,SPXW260930C04950000,0.0,0.0,0,0,0,0.7703,0.9986,0.0,1.0,4950.0,SPXW260930P04950000,0.65,0.0,0,0,0,0.6487,-0.0012,0.0,158.0
2026-09-30 16:00:00,SPXW260930C05000000,2739.13,0.0,0,0,0,0.754,0.9985,0.0,20.0,5000.0,SPXW260930P05000000,0.55,0.0,0,0,0,0.6384,-0.0012,0.0,1314.0
2026-09-30 16:00:00,SPXW260930C05050000,0.0,0.0,0,0,0,0.7417,0.9984,0.0,0.0,5050.0,SPXW260930P05050000,0.3,-0.275,0,0,1,0.6278,-0.0013,0.0,167.0
2026-09-30 16:00:00,SPXW260930C05100000,2658.67,0.0,0,0,0,0.7256,0.9983,0.0,1.0,5100.0,SPXW260930P05100000,0.62,0.0,0,0,0,0.6172,-0.0014,0.0,1754.0
2026-09-30 16:00:00,SPXW260930C05125000,2602.88,0.0,0,0,0,0.7195,0.9982,0.0,0.0,5125.0,SPXW260930P05125000,0.92,0.0,0,0,0,0.6103,-0.0015,0.0,34.0
2026-09-30 16:00:00,SPXW260930C05150000,1638.0,0.0,0,0,0,0.7097,0.9982,0.0,1.0,5150.0,SPXW260930P05150000,0.6,0.0,0,0,0,0.6064,-0.0016,0.0,337.0
2026-09-30 16:00:00,SPXW260930C05175000,0.0,0.0,0,0,0,0.7036,0.9981,0.0,0.0,5175.0,SPXW260930P05175000,0.45,0.0,0,0,0,0.6024,-0.0016,0.0,323.0
2026-09-30 16:00:00,SPXW260930C05200000,2321.06,0.0,0,0,0,0.6939,0.9981,0.0,6.0,5200.0,SPXW260930P05200000,0.72,0.0,0,0,0,0.5955,-0.0017,0.0,3302.0
2026-09-30 16:00:00,SPXW260930C05225000,2517.82,0.0,0,0,0,0.6878,0.998,0.0,1.0,5225.0,SPXW260930P05225000,0.6,0.0,0,0,0,0.5913,-0.0018,0.0,51.0
2026-09-30 16:00:00,SPXW260930C05250000,1606.64,0.0,0,0,0,0.6818,0.9979,0.0,1.0,5250.0,SPXW260930P05250000,0.55,0.0,0,0,0,0.587,-0.0018,0.0,201.0
2026-09-30 16:00:00,SPXW260930C05275000,0.0,0.0,0,0,0,0.6722,0.9978,0.0,0.0,5275.0,SPXW260930P05275000,0.4,-0.375,0,0,18,0.5802,-0.0019,0.0,79.0
2026-09-30 16:00:00,SPXW260930C05300000,2422.26,0.0,0,0,0,0.6662,0.9978,0.0,6.0,5300.0,SPXW260930P05300000,0.4,-0.4,0,0,30,0.5758,-0.002,0.0,230.0
2026-09-30 16:00:00,SPXW260930C05325000,0.0,0.0,0,0,0,0.6601,0.9977,0.0,0.0,5325.0,SPXW260930P05325000,11.0,0.0,0,0,0,0.5713,-0.0021,0.0,207.0
2026-09-30 16:00:00,SPXW260930C05350000,2326.65,0.0,0,0,0,0.6507,0.9976,0.0,7.0,5350.0,SPXW260930P05350000,0.8,0.0,0,0,0,0.5645,-0.0022,0.0,209.0
2026-09-30 16:00:00,SPXW260930C05375000,2291.98,0.0,0,0,0,0.6447,0.9975,0.0,53.0,5375.0,SPXW260930P05375000,0.65,0.0,0,0,0,0.5621,-0.0022,0.0,45.0
2026-09-30 16:00:00,SPXW260930C05400000,0.0,0.0,0,0,0,0.6386,0.9974,0.0,0.0,5400.0,SPXW260930P05400000,0.62,-0.28,0,0,34,0.5553,-0.0023,0.0,756.0
2026-09-30 16:00:00,SPXW260930C05425000,2212.59,0.0,0,0,0,0.6294,0.9973,0.0,0.0,5425.0,SPXW260930P05425000,0.9,0.0,0,0,0,0.5506,-0.0024,0.0,294.0
2026-09-30 16:00:00,SPXW260930C05450000,2267.12,0.0,0,0,0,0.6233,0.9972,0.0,2.0,5450.0,SPXW260930P05450000,0.65,0.0,0,0,0,0.5458,-0.0025,0.0,140.0
2026-09-30 16:00:00,SPXW260930C05475000,0.0,0.0,0,0,0,0.6173,0.9971,0.0,0.0,5475.0,SPXW260930P05475000,0.7,0.0,0,0,0,0.5409,-0.0026,0.0,55.0
2026-09-30 16:00:00,SPXW260930C05500000,2164.93,61.88,0,0,1,0.6112,0.997,0.0,128.0,5500.0,SPXW260930P05500000,0.55,-0.475,0,0,1,0.536,-0.0027,0.0,579.0
2026-09-30 16:00:00,SPXW260930C05525000,0.0,0.0,0,0,0,0.6021,0.9969,0.0,0.0,5525.0,SPXW260930P05525000,2.24,0.0,0,0,0,0.531,-0.0029,0.0,39.0
2026-09-30 16:00:00,SPXW260930C05550000,2114.88,61.38,0,0,1,0.5961,0.9968,0.0,12.0,5550.0,SPXW260930P05550000,1.24,0.0,0,0,0,0.5259,-0.003,0.0,427.0
2026-09-30 16:00:00,SPXW260930C05575000,2145.2,0.0,0,0,0,0.59,0.9966,0.0,34.0,5575.0,SPXW260930P05575000,2.47,0.0,0,0,0,0.5208,-0.0031,0.0,140.0
2026-09-30 16:00:00,SPXW260930C05600000,2099.54,0.0,0,0,0,0.5839,0.9965,0.0,341.0,5600.0,SPXW260930P05600000,0.67,-0.505,0,0,4,0.5157,-0.0032,0.0,1200.0
2026-09-30 16:00:00,SPXW260930C05625000,2152.37,0.0,0,0,0,0.575,0.9964,0.0,1.0,5625.0,SPXW260930P05625000,1.5,0.0,0,0,0,0.512,-0.0034,0.0,57.0
2026-09-30 16:00:00,SPXW260930C05650000,2102.83,0.0,0,0,0,0.569,0.9962,0.0,4.0,5650.0,SPXW260930P05650000,1.65,0.0,0,0,0,0.5067,-0.0035,0.0,96.0
2026-09-30 16:00:00,SPXW260930C05675000,0.0,0.0,0,0,0,0.5629,0.9961,0.0,0.0,5675.0,SPXW260930P05675000,1.27,0.0,0,0,0,0.5014,-0.0036,0.0,103.0
2026-09-30 16:00:00,SPXW260930C05700000,1098.72,0.0,0,0,0,0.5568,0.996,0.0,1.0,5700.0,SPXW260930P05700000,0.95,-0.375,0,0,1,0.4974,-0.0038,0.0,528.0
2026-09-30 16:00:00,SPXW260930C05725000,1913.18,0.0,0,0,0,0.5507,0.9958,0.0,3.0,5725.0,SPXW260930P05725000,0.99,0.0,0,0,0,0.492,-0.004,0.0,80.0
2026-09-30 16:00:00,SPXW260930C05750000,0.0,0.0,0,0,0,0.542,0.9956,0.0,0.0,5750.0,SPXW260930P05750000,0.75,-0.675,0,0,6,0.4866,-0.0041,0.0,446.0
2026-09-30 16:00:00,SPXW260930C05775000,0.0,0.0,0,0,0,0.5359,0.9954,0.0,0.0,5775.0,SPXW260930P05775000,1.07,0.0,0,0,0,0.4823,-0.0043,0.0,122.0
2026-09-30 16:00:00,SPXW260930C05780000,0.0,0.0,0,0,0,0.5342,0.9954,0.0,0.0,5780.0,SPXW260930P05780000,26.58,0.0,0,0,0,0.4809,-0.0043,0.0,5.0
2026-09-30 16:00:00,SPXW260930C05790000,0.0,0.0,0,0,0,0.5332,0.9954,0.0,0.0,5790.0,SPXW260930P05790000,3.2,0.0,0,0,0,0.4783,-0.0044,0.0,3.0
2026-09-30 16:00:00,SPXW260930C05800000,1804.41,0.0,0,0,0,0.5298,0.9953,0.0,37.0,5800.0,SPXW260930P05800000,1.12,-0.405,0,0,45,0.4768,-0.0045,0.0,1454.0
2026-09-30 16:00:00,SPXW260930C05805000,0.0,0.0,0,0,0,0.5281,0.9952,0.0,0.0,5805.0,SPXW260930P05805000,0.0,0.0,0,0,0,0.4766,-0.0045,0.0,0.0
2026-09-30 16:00:00,SPXW260930C05810000,0.0,0.0,0,0,0,0.5264,0.9952,0.0,0.0,5810.0,SPXW260930P05810000,1.2,0.0,0,0,0,0.4752,-0.0046,0.0,1021.0
2026-09-30 16:00:00,SPXW260930C05815000,0.0,0.0,0,0,0,0.5271,0.9952,0.0,0.0,5815.0,SPXW260930P05815000,7.5,0.0,0,0,0,0.4739,-0.0046,0.0,2.0
2026-09-30 16:00:00,SPXW260930C05820000,0.0,0.0,0,0,0,0.5254,0.9951,0.0,0.0,5820.0,SPXW260930P05820000,17.9,0.0,0,0,0,0.4726,-0.0046,0.0,2.0
2026-09-30 16:00:00,SPXW260930C05825000,1793.71,0.0,0,0,0,0.5237,0.9951,0.0,3.0,5825.0,SPXW260930P05825000,13.58,0.0,0,0,0,0.4723,-0.0047,0.0,228.0
2026-09-30 16:00:00,SPXW260930C05830000,1861.44,0.0,0,0,0,0.522,0.995,0.0,4.0,5830.0,SPXW260930P05830000,0.0,0.0,0,0,0,0.471,-0.0047,0.0,0.0
2026-09-30 16:00:00,SPXW260930C05835000,0.0,0.0,0,0,0,0.5203,0.995,0.0,0.0,5835.0,SPXW260930P05835000,14.5,0.0,0,0,0,0.4707,-0.0047,0.0,12.0
2026-09-30 16:00:00,SPXW260930C05840000,0.0,0.0,0,0,0,0.5209,0.995,0.0,0.0,5840.0,SPXW260930P05840000,6.0,0.0,0,0,0,0.4694,-0.0048,0.0,10.0
2026-09-30 16:00:00,SPXW260930C05845000,0.0,0.0,0,0,0,0.5192,0.9949,0.0,0.0,5845.0,SPXW260930P05845000,0.0,0.0,0,0,0,0.4681,-0.0048,0.0,0.0
2026-09-30 16:00:00,SPXW260930C05850000,1084.49,0.0,0,0,0,0.5175,0.9949,0.0,1.0,5850.0,SPXW260930P05850000,6.0,0.0,0,0,0,0.4667,-0.0049,0.0,1044.0
2026-09-30 16:00:00,SPXW260930C05855000,0.0,0.0,0,0,0,0.5158,0.9949,0.0,0.0,5855.0,SPXW260930P05855000,1.84,0.0,0,0,0,0.4654,-0.0049,0.0,15.0
2026-09-30 16:00:00,SPXW260930C05860000,0.0,0.0,0,0,0,0.5141,0.9948,0.0,0.0,5860.0,SPXW260930P05860000,8.3,0.0,0,0,0,0.4651,-0.0049,0.0,57.0
2026-09-30 16:00:00,SPXW260930C05865000,0.0,0.0,0,0,0,0.5124,0.9948,0.0,0.0,5865.0,SPXW260930P05865000,0.0,0.0,0,0,0,0.4648,-0.005,0.0,0.0
2026-09-30 16:00:00,SPXW260930C05870000,0.0,0.0,0,0,0,0.513,0.9947,0.0,0.0,5870.0,SPXW260930P05870000,13.94,0.0,0,0,0,0.4635,-0.005,0.0,6.0
2026-09-30 16:00:00,SPXW260930C05875000,0.0,0.0,0,0,0,0.5114,0.9947,0.0,0.0,5875.0,SPXW260930P05875000,6.2,0.0,0,0,0,0.4622,-0.0051,0.0,141.0
2026-09-30 16:00:00,SPXW260930C05880000,0.0,0.0,0,0,0,0.5097,0.9947,0.0,0.0,5880.0,SPXW260930P05880000,1.3,0.0,0,0,0,0.4608,-0.0051,0.0,3.0
2026-09-30 16:00:00,SPXW260930C05885000,0.0,0.0,0,0,0,0.508,0.9946,0.0,0.0,5885.0,SPXW260930P05885000,3.5,0.0,0,0,0,0.4595,-0.0051,0.0,1.0
2026-09-30 16:00:00,SPXW260930C05890000,1713.73,0.0,0,0,0,0.5063,0.9946,0.0,1.0,5890.0,SPXW260930P05890000,7.11,0.0,0,0,0,0.4592,-0.0052,0.0,233.0
2026-09-30 16:00:00,SPXW260930C05895000,0.0,0.0,0,0,0,0.5046,0.9945,0.0,0.0,5895.0,SPXW260930P05895000,6.1,0.0,0,0,0,0.4588,-0.0052,0.0,5.0
2026-09-30 16:00:00,SPXW260930C05900000,1802.96,0.0,0,0,0,0.5052,0.9945,0.0,211.0,5900.0,SPXW260930P05900000,1.05,-0.7,0,0,150,0.4575,-0.0053,0.0,5544.0
2026-09-30 16:00:00,SPXW260930C05905000,0.0,0.0,0,0,0,0.5035,0.9944,0.0,0.0,5905.0,SPXW260930P05905000,0.0,0.0,0,0,0,0.4561,-0.0053,0.0,0.0
2026-09-30 16:00:00,SPXW260930C05910000,1791.93,0.0,0,0,0,0.5018,0.9944,0.0,197.0,5910.0,SPXW260930P05910000,3.9,0.0,0,0,0,0.4548,-0.0054,0.0,40.0
2026-09-30 16:00:00,SPXW260930C05915000,0.0,0.0,0,0,0,0.5001,0.9944,0.0,0.0,5915.0,SPXW260930P05915000,20.2,0.0,0,0,0,0.4545,-0.0054,0.0,6.0
2026-09-30 16:00:00,SPXW260930C05920000,0.0,0.0,0,0,0,0.4985,0.9943,0.0,0.0,5920.0,SPXW260930P05920000,24.4,0.0,0,0,0,0.4531,-0.0054,0.0,41.0
2026-09-30 16:00:00,SPXW260930C05925000,0.0,0.0,0,0,0,0.499,0.9943,0.0,0.0,5925.0,SPXW260930P05925000,0.95,-0.85,0,0,1,0.4527,-0.0055,0.0,327.0
2026-09-30 16:00:00,SPXW260930C05930000,0.0,0.0,0,0,0,0.4973,0.9942,0.0,0.0,5930.0,SPXW260930P05930000,0.95,-0.875,0,0,1,0.4514,-0.0055,0.0,24.0
2026-09-30 16:00:00,SPXW260930C05935000,0.0,0.0,0,0,0,0.4956,0.9942,0.0,0.0,5935.0,SPXW260930P05935000,9.54,0.0,0,0,0,0.45,-0.0056,0.0,185.0
2026-09-30 16:00:00,SPXW260930C05940000,0.0,0.0,0,0,0,0.494,0.9941,0.0,0.0,5940.0,SPXW260930P05940000,2.1,0.0,0,0,0,0.4487,-0.0056,0.0,46.0
2026-09-30 16:00:00,SPXW260930C05945000,0.0,0.0,0,0,0,0.4923,0.9941,0.0,0.0,5945.0,SPXW260930P05945000,1.29,0.0,0,0,0,0.4483,-0.0057,0.0,682.0
2026-09-30 16:00:00,SPXW260930C05950000,0.0,0.0,0,0,0,0.4906,0.994,0.0,0.0,5950.0,SPXW260930P05950000,1.3,0.0,0,0,0,0.4479,-0.0057,0.0,429.0
2026-09-30 16:00:00,SPXW260930C05955000,0.0,0.0,0,0,0,0.4911,0.994,0.0,0.0,5955.0,SPXW260930P05955000,14.4,0.0,0,0,0,0.4466,-0.0058,0.0,4.0
2026-09-30 16:00:00,SPXW260930C05960000,1493.19,0.0,0,0,0,0.4894,0.994,0.0,4.0,5960.0,SPXW260930P05960000,14.5,0.0,0,0,0,0.4452,-0.0058,0.0,16.0
2026-09-30 16:00:00,SPXW260930C05965000,0.0,0.0,0,0,0,0.4878,0.9939,0.0,0.0,5965.0,SPXW260930P05965000,14.6,0.0,0,0,0,0.4439,-0.0058,0.0,4.0
2026-09-30 16:00:00,SPXW260930C05970000,1597.15,0.0,0,0,0,0.4861,0.9938,0.0,1.0,5970.0,SPXW260930P05970000,2.18,0.0,0,0,0,0.4426,-0.0059,0.0,36.0
2026-09-30 16:00:00,SPXW260930C05975000,1606.76,0.0,0,0,0,0.4845,0.9938,0.0,4.0,5975.0,SPXW260930P05975000,1.1,-0.825,0,0,100,0.4421,-0.006,0.0,594.0
2026-09-30 16:00:00,SPXW260930C05980000,1601.94,0.0,0,0,0,0.4849,0.9938,0.0,18.0,5980.0,SPXW260930P05980000,1.67,0.0,0,0,0,0.4417,-0.006,0.0,22.0
2026-09-30 16:00:00,SPXW260930C05985000,0.0,0.0,0,0,0,0.4832,0.9937,0.0,0.0,5985.0,SPXW260930P05985000,6.8,0.0,0,0,0,0.4403,-0.006,0.0,10.0
2026-09-30 16:00:00,SPXW260930C05990000,1468.93,0.0,0,0,0,0.4816,0.9937,0.0,3.0,5990.0,SPXW260930P05990000,1.15,-0.825,0,0,12,0.439,-0.0061,0.0,3227.0
2026-09-30 16:00:00,SPXW260930C05995000,0.0,0.0,0,0,0,0.4799,0.9936,0.0,0.0,5995.0,SPXW260930P05995000,2.0,0.0,0,0,0,0.4376,-0.0061,0.0,10.0
2026-09-30 16:00:00,SPXW260930C06000000,1688.17,0.0,0,0,0,0.4783,0.9936,0.0,666.0,6000.0,SPXW260930P06000000,1.36,-0.64,0,0,226,0.4372,-0.0062,0.0,12899.0
2026-09-30 16:00:00,SPXW260930C06005000,0.0,0.0,0,0,0,0.4787,0.9935,0.0,0.0,6005.0,SPXW260930P06005000,1.28,0.0,0,0,0,0.4367,-0.0062,0.0,8.0
2026-09-30 16:00:00,SPXW260930C06010000,0.0,0.0,0,0,0,0.477,0.9935,0.0,0.0,6010.0,SPXW260930P06010000,2.83,0.0,0,0,0,0.4354,-0.0063,0.0,139.0
2026-09-30 16:00:00,SPXW260930C06015000,0.0,0.0,0,0,0,0.4754,0.9934,0.0,0.0,6015.0,SPXW260930P06015000,11.0,0.0,0,0,0,0.434,-0.0064,0.0,46.0
2026-09-30 16:00:00,SPXW260930C06020000,1440.91,0.0,0,0,0,0.4737,0.9934,0.0,0.0,6020.0,SPXW260930P06020000,2.38,0.0,0,0,0,0.4327,-0.0064,0.0,11.0
2026-09-30 16:00:00,SPXW260930C06025000,1251.21,0.0,0,0,0,0.4721,0.9933,0.0,3.0,6025.0,SPXW260930P06025000,2.25,0.0,0,0,0,0.4322,-0.0064,0.0,783.0
2026-09-30 16:00:00,SPXW260930C06030000,0.0,0.0,0,0,0,0.4724,0.9932,0.0,0.0,6030.0,SPXW260930P06030000,1.6,0.0,0,0,0,0.4317,-0.0065,0.0,144.0
2026-09-30 16:00:00,SPXW260930C06035000,0.0,0.0,0,0,0,0.4708,0.9932,0.0,0.0,6035.0,SPXW260930P06035000,0.0,0.0,0,0,0,0.4303,-0.0066,0.0,0.0
2026-09-30 16:00:00,SPXW260930C06040000,1412.89,0.0,0,0,0,0.4691,0.9932,0.0,3.0,6040.0,SPXW260930P06040000,1.41,0.0,0,0,0,0.429,-0.0066,0.0,15.0
2026-09-30 16:00:00,SPXW260930C06045000,0.0,0.0,0,0,0,0.4675,0.9931,0.0,0.0,6045.0,SPXW260930P06045000,4.87,0.0,0,0,0,0.4277,-0.0067,0.0,30.0
2026-09-30 16:00:00,SPXW260930C06050000,1544.75,0.0,0,0,0,0.4659,0.993,0.0,42.0,6050.0,SPXW260930P06050000,2.27,0.0,0,0,0,0.4272,-0.0067,0.0,664.0
2026-09-30 16:00:00,SPXW260930C06055000,0.0,0.0,0,0,0,0.4642,0.993,0.0,0.0,6055.0,SPXW260930P06055000,1.48,0.0,0,0,0,0.4266,-0.0068,0.0,2.0
2026-09-30 16:00:00,SPXW260930C06060000,0.0,0.0,0,0,0,0.4645,0.9929,0.0,0.0,6060.0,SPXW260930P06060000,1.65,0.0,0,0,0,0.4252,-0.0068,0.0,89.0
2026-09-30 16:00:00,SPXW260930C06065000,0.0,0.0,0,0,0,0.4629,0.9929,0.0,0.0,6065.0,SPXW260930P06065000,0.0,0.0,0,0,0,0.4239,-0.0069,0.0,0.0
2026-09-30 16:00:00,SPXW260930C06070000,0.0,0.0,0,0,0,0.4613,0.9928,0.0,0.0,6070.0,SPXW260930P06070000,5.11,0.0,0,0,0,0.4226,-0.0069,0.0,58.0
2026-09-30 16:00:00,SPXW260930C06075000,1181.39,0.0,0,0,0,0.4596,0.9928,0.0,2.0,6075.0,SPXW260930P06075000,1.45,0.0,0,0,0,0.422,-0.007,0.0,222.0
2026-09-30 16:00:00,SPXW260930C06080000,0.0,0.0,0,0,0,0.458,0.9927,0.0,0.0,6080.0,SPXW260930P06080000,5.1,0.0,0,0,0,0.4214,-0.007,0.0,29.0
2026-09-30 16:00:00,SPXW260930C06085000,0.0,0.0,0,0,0,0.4583,0.9926,0.0,0.0,6085.0,SPXW260930P06085000,0.0,0.0,0,0,0,0.4201,-0.0071,0.0,0.0
2026-09-30 16:00:00,SPXW260930C06090000,1588.6,0.0,0,0,0,0.4567,0.9926,0.0,26.0,6090.0,SPXW260930P06090000,1.67,0.0,0,0,0,0.4188,-0.0072,0.0,51.0
2026-09-30 16:00:00,SPXW260930C06095000,0.0,0.0,0,0,0,0.455,0.9925,0.0,0.0,6095.0,SPXW260930P06095000,1.4,0.0,0,0,0,0.4174,-0.0072,0.0,4.0
2026-09-30 16:00:00,SPXW260930C06100000,1578.7,0.0,0,0,0,0.4534,0.9925,0.0,35.0,6100.0,SPXW260930P06100000,2.46,0.0,0,0,0,0.4176,-0.0073,0.0,2636.0
2026-09-30 16:00:00,SPXW260930C06110000,641.55,0.0,0,0,0,0.452,0.9924,0.0,4.0,6110.0,SPXW260930P06110000,3.23,0.0,0,0,0,0.4149,-0.0074,0.0,40.0
2026-09-30 16:00:00,SPXW260930C06120000,0.0,0.0,0,0,0,0.4488,0.9922,0.0,0.0,6120.0,SPXW260930P06120000,1.6,-0.775,0,0,21,0.413,-0.0075,0.0,67.0
2026-09-30 16:00:00,SPXW260930C06125000,1096.87,0.0,0,0,0,0.4472,0.9922,0.0,39.0,6125.0,SPXW260930P06125000,1.6,0.0,0,0,0,0.4123,-0.0076,0.0,141.0
2026-09-30 16:00:00,SPXW260930C06130000,0.0,0.0,0,0,0,0.4455,0.9921,0.0,0.0,6130.0,SPXW260930P06130000,1.65,0.0,0,0,0,0.411,-0.0076,0.0,223.0
2026-09-30 16:00:00,SPXW260930C06140000,0.0,0.0,0,0,0,0.4441,0.992,0.0,0.0,6140.0,SPXW260930P06140000,3.9,0.0,0,0,0,0.4083,-0.0078,0.0,105.0
2026-09-30 16:00:00,SPXW260930C06150000,1552.6,0.0,0,0,0,0.4409,0.9919,0.0,5.0,6150.0,SPXW260930P06150000,1.6,0.0,0,0,0,0.4071,-0.0079,0.0,372.0
2026-09-30 16:00:00,SPXW260930C06160000,670.89,0.0,0,0,0,0.4394,0.9917,0.0,1.0,6160.0,SPXW260930P06160000,5.7,0.0,0,0,0,0.4044,-0.008,0.0,92.0
2026-09-30 16:00:00,SPXW260930C06170000,0.0,0.0,0,0,0,0.4362,0.9916,0.0,0.0,6170.0,SPXW260930P06170000,1.89,0.0,0,0,0,0.4031,-0.0082,0.0,50.0
2026-09-30 16:00:00,SPXW260930C06175000,689.81,0.0,0,0,0,0.4346,0.9915,0.0,1.0,6175.0,SPXW260930P06175000,2.87,0.0,0,0,0,0.4017,-0.0082,0.0,1066.0
2026-09-30 16:00:00,SPXW260930C06180000,0.0,0.0,0,0,0,0.4348,0.9915,0.0,0.0,6180.0,SPXW260930P06180000,6.8,0.0,0,0,0,0.4004,-0.0083,0.0,54.0
2026-09-30 16:00:00,SPXW260930C06190000,0.0,0.0,0,0,0,0.4315,0.9913,0.0,0.0,6190.0,SPXW260930P06190000,2.0,0.0,0,0,0,0.399,-0.0084,0.0,56.0
2026-09-30 16:00:00,SPXW260930C06200000,1125.74,0.0,0,0,0,0.4283,0.9912,0.0,28.0,6200.0,SPXW260930P06200000,1.45,-1.225,0,0,7,0.3963,-0.0086,0.0,5947.0
2026-09-30 16:00:00,SPXW260930C06210000,0.0,0.0,0,0,0,0.4268,0.991,0.0,0.0,6210.0,SPXW260930P06210000,1.75,0.0,0,0,0,0.3949,-0.0087,0.0,197.0
2026-09-30 16:00:00,SPXW260930C06220000,0.0,0.0,0,0,0,0.4236,0.9909,0.0,0.0,6220.0,SPXW260930P06220000,1.84,0.0,0,0,0,0.3922,-0.0088,0.0,21.0
2026-09-30 16:00:00,SPXW260930C06225000,1365.07,0.0,0,0,0,0.4237,0.9908,0.0,10.0,6225.0,SPXW260930P06225000,2.68,0.0,0,0,0,0.3909,-0.0089,0.0,896.0
2026-09-30 16:00:00,SPXW260930C06230000,0.0,0.0,0,0,0,0.4221,0.9908,0.0,0.0,6230.0,SPXW260930P06230000,2.55,0.0,0,0,0,0.3908,-0.009,0.0,133.0
2026-09-30 16:00:00,SPXW260930C06240000,0.0,0.0,0,0,0,0.4189,0.9906,0.0,0.0,6240.0,SPXW260930P06240000,2.05,0.0,0,0,0,0.3881,-0.0092,0.0,69.0
2026-09-30 16:00:00,SPXW260930C06250000,664.08,0.0,0,0,0,0.4173,0.9904,0.0,11.0,6250.0,SPXW260930P06250000,3.0,0.0,0,0,0,0.3866,-0.0093,0.0,897.0
2026-09-30 16:00:00,SPXW260930C06260000,656.68,0.0,0,0,0,0.4142,0.9903,0.0,1.0,6260.0,SPXW260930P06260000,9.1,0.0,0,0,0,0.384,-0.0094,0.0,150.0
2026-09-30 16:00:00,SPXW260930C06270000,0.0,0.0,0,0,0,0.4126,0.9901,0.0,0.0,6270.0,SPXW260930P06270000,2.1,0.0,0,0,0,0.3824,-0.0096,0.0,54.0
2026-09-30 16:00:00,SPXW260930C06275000,632.9,0.0,0,0,0,0.411,0.9901,0.0,17.0,6275.0,SPXW260930P06275000,2.15,0.0,0,0,0,0.3811,-0.0097,0.0,127.0
2026-09-30 16:00:00,SPXW260930C06280000,0.0,0.0,0,0,0,0.4094,0.99,0.0,0.0,6280.0,SPXW260930P06280000,3.3,0.0,0,0,0,0.3798,-0.0098,0.0,74.0
2026-09-30 16:00:00,SPXW260930C06290000,525.4,0.0,0,0,0,0.4062,0.9898,0.0,2.0,6290.0,SPXW260930P06290000,3.89,0.0,0,0,0,0.3782,-0.0099,0.0,196.0
2026-09-30 16:00:00,SPXW260930C06300000,1310.17,0.0,0,0,0,0.4046,0.9896,0.0,33.0,6300.0,SPXW260930P06300000,2.13,-0.97,0,0,105,0.3767,-0.0101,0.0,1083.0
2026-09-30 16:00:00,SPXW260930C06305000,0.0,0.0,0,0,0,0.403,0.9896,0.0,0.0,6305.0,SPXW260930P06305000,3.4,0.0,0,0,0,0.3753,-0.0102,0.0,170.0
2026-09-30 16:00:00,SPXW260930C06310000,0.0,0.0,0,0,0,0.4014,0.9895,0.0,0.0,6310.0,SPXW260930P06310000,1.6,-1.55,0,0,1,0.374,-0.0103,0.0,51.0
2026-09-30 16:00:00,SPXW260930C06315000,574.95,0.0,0,0,0,0.4014,0.9894,0.0,1.0,6315.0,SPXW260930P06315000,4.1,0.0,0,0,0,0.3732,-0.0104,0.0,32.0
2026-09-30 16:00:00,SPXW260930C06320000,0.0,0.0,0,0,0,0.3998,0.9893,0.0,0.0,6320.0,SPXW260930P06320000,8.0,0.0,0,0,0,0.3724,-0.0104,0.0,56.0
2026-09-30 16:00:00,SPXW260930C06325000,994.03,0.0,0,0,0,0.3982,0.9892,0.0,2.0,6325.0,SPXW260930P06325000,4.93,0.0,0,0,0,0.371,-0.0105,0.0,3016.0
2026-09-30 16:00:00,SPXW260930C06330000,989.51,0.0,0,0,0,0.3966,0.9891,0.0,14.0,6330.0,SPXW260930P06330000,3.82,0.0,0,0,0,0.3697,-0.0106,0.0,60.0
2026-09-30 16:00:00,SPXW260930C06335000,594.69,0.0,0,0,0,0.3966,0.989,0.0,8.0,6335.0,SPXW260930P06335000,7.1,0.0,0,0,0,0.3694,-0.0107,0.0,35.0
2026-09-30 16:00:00,SPXW260930C06340000,750.08,0.0,0,0,0,0.395,0.989,0.0,2.0,6340.0,SPXW260930P06340000,7.78,0.0,0,0,0,0.368,-0.0108,0.0,206.0
2026-09-30 16:00:00,SPXW260930C06345000,1111.8,0.0,0,0,0,0.3934,0.9889,0.0,5.0,6345.0,SPXW260930P06345000,2.22,0.0,0,0,0,0.3667,-0.0109,0.0,52.0
2026-09-30 16:00:00,SPXW260930C06350000,1086.28,0.0,0,0,0,0.3918,0.9888,0.0,15.0,6350.0,SPXW260930P06350000,1.75,-1.6,0,0,1,0.3664,-0.011,0.0,377.0
2026-09-30 16:00:00,SPXW260930C06355000,0.0,0.0,0,0,0,0.3917,0.9887,0.0,0.0,6355.0,SPXW260930P06355000,3.59,0.0,0,0,0,0.365,-0.0111,0.0,98.0
2026-09-30 16:00:00,SPXW260930C06360000,609.6,0.0,0,0,0,0.3901,0.9886,0.0,6.0,6360.0,SPXW260930P06360000,8.5,0.0,0,0,0,0.3637,-0.0112,0.0,52.0
2026-09-30 16:00:00,SPXW260930C06365000,479.5,0.0,0,0,0,0.3886,0.9885,0.0,10.0,6365.0,SPXW260930P06365000,4.3,0.0,0,0,0,0.3633,-0.0112,0.0,415.0
2026-09-30 16:00:00,SPXW260930C06370000,1188.5,0.0,0,0,0,0.387,0.9884,0.0,6.0,6370.0,SPXW260930P06370000,4.0,0.0,0,0,0,0.362,-0.0114,0.0,92.0
2026-09-30 16:00:00,SPXW260930C06375000,811.97,0.0,0,0,0,0.3869,0.9883,0.0,14.0,6375.0,SPXW260930P06375000,2.52,0.0,0,0,0,0.3606,-0.0114,0.0,369.0
2026-09-30 16:00:00,SPXW260930C06380000,853.3,0.0,0,0,0,0.3853,0.9882,0.0,4.0,6380.0,SPXW260930P06380000,2.13,0.0,0,0,0,0.3603,-0.0115,0.0,418.0
2026-09-30 16:00:00,SPXW260930C06385000,459.64,0.0,0,0,0,0.3837,0.9881,0.0,3.0,6385.0,SPXW260930P06385000,4.38,0.0,0,0,0,0.3589,-0.0116,0.0,101.0
2026-09-30 16:00:00,SPXW260930C06390000,1048.28,0.0,0,0,0,0.3821,0.988,0.0,7.0,6390.0,SPXW260930P06390000,2.58,0.0,0,0,0,0.3576,-0.0117,0.0,65.0
2026-09-30 16:00:00,SPXW260930C06395000,933.64,0.0,0,0,0,0.382,0.9879,0.0,1.0,6395.0,SPXW260930P06395000,2.59,0.0,0,0,0,0.3572,-0.0118,0.0,52.0
2026-09-30 16:00:00,SPXW260930C06400000,1104.86,0.0,0,0,0,0.3804,0.9878,0.0,235.0,6400.0,SPXW260930P06400000,2.39,-1.21,0,0,87,0.3558,-0.0119,0.0,3012.0
2026-09-30 16:00:00,SPXW260930C06405000,690.88,0.0,0,0,0,0.3788,0.9877,0.0,17.0,6405.0,SPXW260930P06405000,2.63,0.0,0,0,0,0.3545,-0.012,0.0,67.0
2026-09-30 16:00:00,SPXW260930C06410000,1209.4,0.0,0,0,0,0.3773,0.9876,0.0,5.0,6410.0,SPXW260930P06410000,4.5,0.0,0,0,0,0.3541,-0.0121,0.0,69.0
2026-09-30 16:00:00,SPXW260930C06415000,1204.7,0.0,0,0,0,0.3771,0.9875,0.0,5.0,6415.0,SPXW260930P06415000,2.65,0.0,0,0,0,0.3527,-0.0122,0.0,29.0
2026-09-30 16:00:00,SPXW260930C06420000,431.65,0.0,0,0,0,0.3755,0.9874,0.0,1.0,6420.0,SPXW260930P06420000,2.4,0.0,0,0,0,0.3514,-0.0124,0.0,145.0
2026-09-30 16:00:00,SPXW260930C06425000,726.99,0.0,0,0,0,0.374,0.9873,0.0,2.0,6425.0,SPXW260930P06425000,2.35,0.0,0,0,0,0.351,-0.0124,0.0,2225.0
2026-09-30 16:00:00,SPXW260930C06430000,0.0,0.0,0,0,0,0.3724,0.9872,0.0,3.0,6430.0,SPXW260930P06430000,2.25,-1.55,0,0,57,0.3496,-0.0126,0.0,158.0
2026-09-30 16:00:00,SPXW260930C06435000,541.05,0.0,0,0,0,0.3722,0.9871,0.0,6.0,6435.0,SPXW260930P06435000,1.95,-1.9,0,0,10,0.3487,-0.0127,0.0,62.0
2026-09-30 16:00:00,SPXW260930C06440000,1190.93,0.0,0,0,0,0.3706,0.987,0.0,18.0,6440.0,SPXW260930P06440000,8.4,0.0,0,0,0,0.3478,-0.0128,0.0,52.0
2026-09-30 16:00:00,SPXW260930C06445000,515.0,0.0,0,0,0,0.369,0.9869,0.0,24.0,6445.0,SPXW260930P06445000,5.7,0.0,0,0,0,0.3464,-0.0129,0.0,217.0
2026-09-30 16:00:00,SPXW260930C06450000,1307.72,0.0,0,0,0,0.3688,0.9868,0.0001,19.0,6450.0,SPXW260930P06450000,3.0,0.0,0,0,0,0.3456,-0.013,0.0001,431.0
2026-09-30 16:00:00,SPXW260930C06455000,512.8,0.0,0,0,0,0.3672,0.9866,0.0001,6.0,6455.0,SPXW260930P06455000,2.88,0.0,0,0,0,0.3446,-0.0131,0.0001,315.0
2026-09-30 16:00:00,SPXW260930C06460000,1173.07,0.0,0,0,0,0.3657,0.9865,0.0001,11.0,6460.0,SPXW260930P06460000,11.0,0.0,0,0,0,0.3432,-0.0132,0.0001,108.0
2026-09-30 16:00:00,SPXW260930C06465000,1078.0,0.0,0,0,0,0.3641,0.9864,0.0001,1.0,6465.0,SPXW260930P06465000,2.9,0.0,0,0,0,0.3428,-0.0133,0.0001,16.0
2026-09-30 16:00:00,SPXW260930C06470000,0.0,0.0,0,0,0,0.3638,0.9863,0.0001,0.0,6470.0,SPXW260930P06470000,6.75,0.0,0,0,0,0.3414,-0.0135,0.0001,128.0
2026-09-30 16:00:00,SPXW260930C06475000,1180.8,0.0,0,0,0,0.3623,0.9862,0.0001,2.0,6475.0,SPXW260930P06475000,2.92,0.0,0,0,0,0.3405,-0.0136,0.0001,78.0
2026-09-30 16:00:00,SPXW260930C06480000,402.05,0.0,0,0,0,0.3607,0.9861,0.0001,83.0,6480.0,SPXW260930P06480000,8.2,0.0,0,0,0,0.3395,-0.0137,0.0001,84.0
2026-09-30 16:00:00,SPXW260930C06485000,660.7,0.0,0,0,0,0.3604,0.9859,0.0001,2.0,6485.0,SPXW260930P06485000,4.9,0.0,0,0,0,0.3382,-0.0138,0.0001,211.0
2026-09-30 16:00:00,SPXW260930C06490000,508.04,0.0,0,0,0,0.3589,0.9858,0.0001,32.0,6490.0,SPXW260930P06490000,5.6,0.0,0,0,0,0.3372,-0.0139,0.0001,623.0
2026-09-30 16:00:00,SPXW260930C06495000,1195.24,0.0,0,0,0,0.3573,0.9857,0.0001,3.0,6495.0,SPXW260930P06495000,3.04,0.0,0,0,0,0.3363,-0.0141,0.0001,387.0
2026-09-30 16:00:00,SPXW260930C06500000,1181.9,73.55,0,0,1,0.3558,0.9856,0.0001,519.0,6500.0,SPXW260930P06500000,2.62,-1.68,0,0,140,0.3354,-0.0142,0.0001,10007.0
2026-09-30 16:00:00,SPXW260930C06505000,1185.29,0.0,0,0,0,0.3555,0.9854,0.0001,7.0,6505.0,SPXW260930P06505000,4.8,0.0,0,0,0,0.3344,-0.0143,0.0001,726.0
2026-09-30 16:00:00,SPXW260930C06510000,478.52,0.0,0,0,0,0.3539,0.9853,0.0001,4.0,6510.0,SPXW260930P06510000,2.5,-1.9,0,0,1,0.333,-0.0144,0.0001,183.0
2026-09-30 16:00:00,SPXW260930C06515000,569.53,0.0,0,0,0,0.3524,0.9852,0.0001,9.0,6515.0,SPXW260930P06515000,4.8,0.0,0,0,0,0.3324,-0.0146,0.0001,103.0
2026-09-30 16:00:00,SPXW260930C06520000,675.34,0.0,0,0,0,0.352,0.9851,0.0001,11.0,6520.0,SPXW260930P06520000,3.7,0.0,0,0,0,0.3315,-0.0147,0.0001,243.0
2026-09-30 16:00:00,SPXW260930C06525000,1106.77,0.0,0,0,0,0.3505,0.9849,0.0001,9.0,6525.0,SPXW260930P06525000,3.27,0.0,0,0,0,0.3301,-0.0148,0.0001,151.0
2026-09-30 16:00:00,SPXW260930C06530000,462.0,0.0,0,0,0,0.3489,0.9848,0.0001,99.0,6530.0,SPXW260930P06530000,12.08,0.0,0,0,0,0.3291,-0.015,0.0001,73.0
2026-09-30 16:00:00,SPXW260930C06535000,733.36,0.0,0,0,0,0.3474,0.9847,0.0001,2.0,6535.0,SPXW260930P06535000,3.02,0.0,0,0,0,0.3286,-0.0151,0.0001,63.0
2026-09-30 16:00:00,SPXW260930C06540000,667.6,0.0,0,0,0,0.347,0.9845,0.0001,2.0,6540.0,SPXW260930P06540000,3.4,0.0,0,0,0,0.3276,-0.0152,0.0001,54.0
2026-09-30 16:00:00,SPXW260930C06545000,663.7,0.0,0,0,0,0.3454,0.9844,0.0001,1.0,6545.0,SPXW260930P06545000,5.4,0.0,0,0,0,0.3262,-0.0154,0.0001,50.0
2026-09-30 16:00:00,SPXW260930C06550000,1101.24,0.0,0,0,0,0.3439,0.9842,0.0001,21.0,6550.0,SPXW260930P06550000,2.95,-1.75,0,0,44,0.3252,-0.0155,0.0001,463.0
2026-09-30 16:00:00,SPXW260930C06555000,784.22,0.0,0,0,0,0.3435,0.9841,0.0001,32.0,6555.0,SPXW260930P06555000,2.6,-2.1,0,0,3,0.3238,-0.0156,0.0001,114.0
2026-09-30 16:00:00,SPXW260930C06560000,680.38,0.0,0,0,0,0.342,0.984,0.0001,37.0,6560.0,SPXW260930P06560000,3.2,0.0,0,0,0,0.3232,-0.0158,0.0001,223.0
2026-09-30 16:00:00,SPXW260930C06565000,370.73,0.0,0,0,0,0.3404,0.9838,0.0001,1.0,6565.0,SPXW260930P06565000,22.3,0.0,0,0,0,0.3218,-0.0159,0.0001,136.0
2026-09-30 16:00:00,SPXW260930C06570000,545.4,0.0,0,0,0,0.34,0.9837,0.0001,4.0,6570.0,SPXW260930P06570000,2.75,-2.05,0,0,1,0.3205,-0.0161,0.0001,77.0
2026-09-30 16:00:00,SPXW260930C06575000,1125.26,0.0,0,0,0,0.3385,0.9835,0.0001,13.0,6575.0,SPXW260930P06575000,3.2,0.0,0,0,0,0.3198,-0.0162,0.0001,159.0
2026-09-30 16:00:00,SPXW260930C06580000,841.99,0.0,0,0,0,0.3369,0.9834,0.0001,6.0,6580.0,SPXW260930P06580000,3.0,0.0,0,0,0,0.3192,-0.0164,0.0001,48.0
2026-09-30 16:00:00,SPXW260930C06585000,1114.98,0.0,0,0,0,0.3365,0.9832,0.0001,3.0,6585.0,SPXW260930P06585000,6.1,0.0,0,0,0,0.3178,-0.0165,0.0001,192.0
2026-09-30 16:00:00,SPXW260930C06590000,549.4,0.0,0,0,0,0.3349,0.9831,0.0001,4.0,6590.0,SPXW260930P06590000,3.6,0.0,0,0,0,0.3164,-0.0167,0.0001,55.0
2026-09-30 16:00:00,SPXW260930C06595000,536.62,0.0,0,0,0,0.3334,0.9829,0.0001,6.0,6595.0,SPXW260930P06595000,3.2,0.0,0,0,0,0.3158,-0.0168,0.0001,227.0
2026-09-30 16:00:00,SPXW260930C06600000,1082.63,73.38,0,0,2,0.333,0.9828,0.0001,317.0,6600.0,SPXW260930P06600000,3.14,-1.96,0,0,57,0.3151,-0.017,0.0001,8001.0
2026-09-30 16:00:00,SPXW260930C06605000,532.0,0.0,0,0,0,0.3314,0.9826,0.0001,12.0,6605.0,SPXW260930P06605000,5.16,0.0,0,0,0,0.3137,-0.0171,0.0001,94.0
2026-09-30 16:00:00,SPXW260930C06610000,321.0,0.0,0,0,0,0.3298,0.9824,0.0001,39.0,6610.0,SPXW260930P06610000,3.3,0.0,0,0,0,0.3123,-0.0173,0.0001,571.0
2026-09-30 16:00:00,SPXW260930C06615000,909.26,0.0,0,0,0,0.3294,0.9823,0.0001,18.0,6615.0,SPXW260930P06615000,3.4,0.0,0,0,0,0.3116,-0.0175,0.0001,79.0
2026-09-30 16:00:00,SPXW260930C06620000,904.74,0.0,0,0,0,0.3278,0.9821,0.0001,12.0,6620.0,SPXW260930P06620000,3.98,0.0,0,0,0,0.3109,-0.0176,0.0001,642.0
2026-09-30 16:00:00,SPXW260930C06625000,1069.88,0.0,0,0,0,0.3263,0.982,0.0001,79.0,6625.0,SPXW260930P06625000,4.2,0.0,0,0,0,0.3096,-0.0178,0.0001,526.0
2026-09-30 16:00:00,SPXW260930C06630000,801.54,0.0,0,0,0,0.3258,0.9818,0.0001,26.0,6630.0,SPXW260930P06630000,6.62,0.0,0,0,0,0.3082,-0.018,0.0001,249.0
2026-09-30 16:00:00,SPXW260930C06635000,317.4,0.0,0,0,0,0.3243,0.9816,0.0001,10.0,6635.0,SPXW260930P06635000,10.68,0.0,0,0,0,0.3074,-0.0181,0.0001,19.0
2026-09-30 16:00:00,SPXW260930C06640000,1066.97,0.0,0,0,0,0.3227,0.9814,0.0001,57.0,6640.0,SPXW260930P06640000,9.35,0.0,0,0,0,0.3067,-0.0183,0.0001,66.0
2026-09-30 16:00:00,SPXW260930C06645000,503.0,0.0,0,0,0,0.3222,0.9813,0.0001,221.0,6645.0,SPXW260930P06645000,3.5,0.0,0,0,0,0.3053,-0.0185,0.0001,109.0
2026-09-30 16:00:00,SPXW260930C06650000,1061.47,0.0,0,0,0,0.3207,0.9811,0.0001,409.0,6650.0,SPXW260930P06650000,3.42,-2.18,0,0,12,0.304,-0.0187,0.0001,1617.0
2026-09-30 16:00:00,SPXW260930C06655000,473.1,0.0,0,0,0,0.3191,0.9809,0.0001,27.0,6655.0,SPXW260930P06655000,3.7,0.0,0,0,0,0.3039,-0.0188,0.0001,121.0
2026-09-30 16:00:00,SPXW260930C06660000,1005.28,0.0,0,0,0,0.3186,0.9807,0.0001,70.0,6660.0,SPXW260930P06660000,3.6,0.0,0,0,0,0.3025,-0.019,0.0001,192.0
2026-09-30 16:00:00,SPXW260930C06665000,372.9,0.0,0,0,0,0.317,0.9806,0.0001,6.0,6665.0,SPXW260930P06665000,3.8,0.0,0,0,0,0.3011,-0.0192,0.0001,61.0
2026-09-30 16:00:00,SPXW260930C06670000,571.73,0.0,0,0,0,0.3165,0.9804,0.0001,27.0,6670.0,SPXW260930P06670000,3.9,0.0,0,0,0,0.3003,-0.0194,0.0001,74.0
2026-09-30 16:00:00,SPXW260930C06675000,929.8,0.0,0,0,0,0.315,0.9802,0.0001,395.0,6675.0,SPXW260930P06675000,5.97,0.0,0,0,0,0.2995,-0.0196,0.0001,93.0
2026-09-30 16:00:00,SPXW260930C06680000,1038.44,0.0,0,0,0,0.3134,0.98,0.0001,10.0,6680.0,SPXW260930P06680000,6.1,0.0,0,0,0,0.2982,-0.0198,0.0001,71.0
2026-09-30 16:00:00,SPXW260930C06685000,1026.31,0.0,0,0,0,0.3129,0.9798,0.0001,13.0,6685.0,SPXW260930P06685000,8.9,0.0,0,0,0,0.2968,-0.02,0.0001,110.0
2026-09-30 16:00:00,SPXW260930C06690000,975.4,0.0,0,0,0,0.3113,0.9796,0.0001,30.0,6690.0,SPXW260930P06690000,7.3,0.0,0,0,0,0.2966,-0.0202,0.0001,218.0
2026-09-30 16:00:00,SPXW260930C06695000,1055.53,0.0,0,0,0,0.3098,0.9794,0.0001,3.0,6695.0,SPXW260930P06695000,4.21,0.0,0,0,0,0.2952,-0.0204,0.0001,664.0
2026-09-30 16:00:00,SPXW260930C06700000,983.41,71.36,0,0,1,0.3092,0.9792,0.0001,510.0,6700.0,SPXW260930P06700000,3.65,-2.55,0,0,113,0.2938,-0.0206,0.0001,1803.0
2026-09-30 16:00:00,SPXW260930C06705000,877.07,0.0,0,0,0,0.3076,0.979,0.0001,50.0,6705.0,SPXW260930P06705000,4.0,0.0,0,0,0,0.2936,-0.0208,0.0001,47.0
2026-09-30 16:00:00,SPXW260930C06710000,835.19,0.0,0,0,0,0.3071,0.9788,0.0001,33.0,6710.0,SPXW260930P06710000,3.9,0.0,0,0,0,0.2922,-0.021,0.0001,50.0
2026-09-30 16:00:00,SPXW260930C06715000,560.22,0.0,0,0,0,0.3055,0.9786,0.0001,197.0,6715.0,SPXW260930P06715000,4.1,0.0,0,0,0,0.2908,-0.0212,0.0001,130.0
2026-09-30 16:00:00,SPXW260930C06720000,922.79,0.0,0,0,0,0.304,0.9784,0.0001,6.0,6720.0,SPXW260930P06720000,7.4,0.0,0,0,0,0.29,-0.0214,0.0001,79.0
2026-09-30 16:00:00,SPXW260930C06725000,656.12,0.0,0,0,0,0.3034,0.9781,0.0001,628.0,6725.0,SPXW260930P06725000,4.38,0.0,0,0,0,0.2891,-0.0216,0.0001,595.0
2026-09-30 16:00:00,SPXW260930C06730000,772.55,0.0,0,0,0,0.3018,0.9779,0.0001,53.0,6730.0,SPXW260930P06730000,8.21,0.0,0,0,0,0.2877,-0.0218,0.0001,272.0
2026-09-30 16:00:00,SPXW260930C06735000,1023.58,0.0,0,0,0,0.3012,0.9777,0.0001,11.0,6735.0,SPXW260930P06735000,3.88,0.0,0,0,0,0.2869,-0.0221,0.0001,225.0
2026-09-30 16:00:00,SPXW260930C06740000,876.0,0.0,0,0,0,0.2996,0.9775,0.0001,10.0,6740.0,SPXW260930P06740000,4.53,0.0,0,0,0,0.286,-0.0223,0.0001,270.0
2026-09-30 16:00:00,SPXW260930C06745000,867.38,0.0,0,0,0,0.299,0.9772,0.0001,28.0,6745.0,SPXW260930P06745000,6.7,0.0,0,0,0,0.2846,-0.0225,0.0001,204.0
2026-09-30 16:00:00,SPXW260930C06750000,810.39,0.0,0,0,0,0.2975,0.977,0.0001,338.0,6750.0,SPXW260930P06750000,3.9,-2.9,0,0,16,0.2838,-0.0228,0.0001,2439.0
2026-09-30 16:00:00,SPXW260930C06755000,858.36,0.0,0,0,0,0.2959,0.9768,0.0001,15.0,6755.0,SPXW260930P06755000,4.03,0.0,0,0,0,0.283,-0.023,0.0001,113.0
2026-09-30 16:00:00,SPXW260930C06760000,800.78,0.0,0,0,0,0.2953,0.9765,0.0001,52.0,6760.0,SPXW260930P06760000,6.6,0.0,0,0,0,0.2816,-0.0232,0.0001,62.0
2026-09-30 16:00:00,SPXW260930C06765000,796.23,0.0,0,0,0,0.2937,0.9763,0.0001,16.0,6765.0,SPXW260930P06765000,6.8,0.0,0,0,0,0.2812,-0.0235,0.0001,37.0
2026-09-30 16:00:00,SPXW260930C06770000,920.87,0.0,0,0,0,0.293,0.976,0.0001,74.0,6770.0,SPXW260930P06770000,4.33,0.0,0,0,0,0.2798,-0.0237,0.0001,71.0
2026-09-30 16:00:00,SPXW260930C06775000,920.62,0.0,0,0,0,0.2915,0.9758,0.0001,301.0,6775.0,SPXW260930P06775000,3.7,-3.5,0,0,1,0.2784,-0.024,0.0001,2125.0
2026-09-30 16:00:00,SPXW260930C06780000,948.74,0.0,0,0,0,0.2908,0.9755,0.0001,209.0,6780.0,SPXW260930P06780000,5.31,0.0,0,0,0,0.278,-0.0242,0.0001,399.0
2026-09-30 16:00:00,SPXW260930C06785000,963.28,0.0,0,0,0,0.2893,0.9752,0.0001,27.0,6785.0,SPXW260930P06785000,6.95,0.0,0,0,0,0.2766,-0.0245,0.0001,188.0
2026-09-30 16:00:00,SPXW260930C06790000,865.91,0.0,0,0,0,0.2886,0.975,0.0001,591.0,6790.0,SPXW260930P06790000,5.0,0.0,0,0,0,0.2752,-0.0248,0.0001,85.0
2026-09-30 16:00:00,SPXW260930C06795000,823.06,0.0,0,0,0,0.287,0.9747,0.0001,24.0,6795.0,SPXW260930P06795000,7.5,0.0,0,0,0,0.2748,-0.025,0.0001,267.0
2026-09-30 16:00:00,SPXW260930C06800000,891.44,0.0,0,0,0,0.2855,0.9744,0.0001,2182.0,6800.0,SPXW260930P06800000,4.2,-3.4,0,0,30,0.2734,-0.0253,0.0001,10566.0
2026-09-30 16:00:00,SPXW260930C06805000,855.7,0.0,0,0,0,0.2848,0.9742,0.0001,80.0,6805.0,SPXW260930P06805000,4.1,-3.6,0,0,1,0.2728,-0.0256,0.0001,207.0
2026-09-30 16:00:00,SPXW260930C06810000,829.77,0.0,0,0,0,0.2832,0.9739,0.0001,9.0,6810.0,SPXW260930P06810000,8.07,0.0,0,0,0,0.2715,-0.0259,0.0001,218.0
2026-09-30 16:00:00,SPXW260930C06815000,848.31,0.0,0,0,0,0.2825,0.9736,0.0001,11.0,6815.0,SPXW260930P06815000,4.78,0.0,0,0,0,0.2701,-0.0261,0.0001,539.0
2026-09-30 16:00:00,SPXW260930C06820000,871.59,0.0,0,0,0,0.2809,0.9733,0.0001,17.0,6820.0,SPXW260930P06820000,7.5,0.0,0,0,0,0.2696,-0.0264,0.0001,223.0
2026-09-30 16:00:00,SPXW260930C06825000,838.12,0.0,0,0,0,0.2802,0.973,0.0001,79.0,6825.0,SPXW260930P06825000,8.3,0.0,0,0,0,0.2682,-0.0267,0.0001,358.0
2026-09-30 16:00:00,SPXW260930C06830000,971.5,0.0,0,0,0,0.2786,0.9727,0.0001,66.0,6830.0,SPXW260930P06830000,8.2,0.0,0,0,0,0.2676,-0.027,0.0001,116.0
2026-09-30 16:00:00,SPXW260930C06835000,938.36,0.0,0,0,0,0.2779,0.9724,0.0001,26.0,6835.0,SPXW260930P06835000,8.2,0.0,0,0,0,0.2662,-0.0274,0.0001,38.0
2026-09-30 16:00:00,SPXW260930C06840000,783.25,0.0,0,0,0,0.2771,0.9721,0.0001,32.0,6840.0,SPXW260930P06840000,8.1,0.0,0,0,0,0.2652,-0.0277,0.0001,244.0
2026-09-30 16:00:00,SPXW260930C06845000,696.43,0.0,0,0,0,0.2756,0.9718,0.0001,7.0,6845.0,SPXW260930P06845000,8.47,0.0,0,0,0,0.2642,-0.028,0.0001,89.0
2026-09-30 16:00:00,SPXW260930C06850000,772.65,0.0,0,0,0,0.2748,0.9714,0.0001,323.0,6850.0,SPXW260930P06850000,4.65,-3.85,0,0,1003,0.2633,-0.0283,0.0001,2832.0
2026-09-30 16:00:00,SPXW260930C06855000,480.0,0.0,0,0,0,0.2732,0.9711,0.0001,8.0,6855.0,SPXW260930P06855000,5.8,0.0,0,0,0,0.2623,-0.0286,0.0001,101.0
2026-09-30 16:00:00,SPXW260930C06860000,838.31,0.0,0,0,0,0.2724,0.9708,0.0001,25.0,6860.0,SPXW260930P06860000,7.8,0.0,0,0,0,0.2609,-0.029,0.0001,273.0
2026-09-30 16:00:00,SPXW260930C06865000,839.99,0.0,0,0,0,0.2709,0.9704,0.0001,31.0,6865.0,SPXW260930P06865000,8.0,0.0,0,0,0,0.2603,-0.0293,0.0001,87.0
2026-09-30 16:00:00,SPXW260930C06870000,864.65,0.0,0,0,0,0.2701,0.9701,0.0001,10.0,6870.0,SPXW260930P06870000,6.57,0.0,0,0,0,0.2589,-0.0296,0.0001,221.0
2026-09-30 16:00:00,SPXW260930C06875000,860.54,0.0,0,0,0,0.2685,0.9698,0.0001,670.0,6875.0,SPXW260930P06875000,5.21,-3.79,0,0,1,0.2583,-0.03,0.0001,590.0
2026-09-30 16:00:00,SPXW260930C06880000,820.37,0.0,0,0,0,0.2677,0.9694,0.0001,3.0,6880.0,SPXW260930P06880000,7.85,0.0,0,0,0,0.2568,-0.0304,0.0001,214.0
2026-09-30 16:00:00,SPXW260930C06885000,0.0,0.0,0,0,0,0.2668,0.969,0.0001,0.0,6885.0,SPXW260930P06885000,8.91,0.0,0,0,0,0.2562,-0.0307,0.0001,68.0
2026-09-30 16:00:00,SPXW260930C06890000,668.4,0.0,0,0,0,0.2653,0.9687,0.0002,81.0,6890.0,SPXW260930P06890000,5.46,-3.89,0,0,1,0.2552,-0.0311,0.0002,498.0
2026-09-30 16:00:00,SPXW260930C06895000,810.4,0.0,0,0,0,0.2644,0.9683,0.0002,4.0,6895.0,SPXW260930P06895000,9.0,0.0,0,0,0,0.2542,-0.0315,0.0002,101.0
2026-09-30 16:00:00,SPXW260930C06900000,836.04,0.0,0,0,0,0.2629,0.9679,0.0002,314.0,6900.0,SPXW260930P06900000,5.23,-4.37,0,0,1117,0.2527,-0.0319,0.0002,2850.0
2026-09-30 16:00:00,SPXW260930C06905000,505.5,0.0,0,0,0,0.262,0.9675,0.0002,7.0,6905.0,SPXW260930P06905000,9.85,0.0,0,0,0,0.2521,-0.0322,0.0002,28.0
2026-09-30 16:00:00,SPXW260930C06910000,720.05,0.0,0,0,0,0.2612,0.9671,0.0002,7.0,6910.0,SPXW260930P06910000,9.95,0.0,0,0,0,0.251,-0.0326,0.0002,117.0
2026-09-30 16:00:00,SPXW260930C06915000,683.49,0.0,0,0,0,0.2596,0.9667,0.0002,11.0,6915.0,SPXW260930P06915000,4.9,-5.05,0,0,1,0.25,-0.033,0.0002,137.0
2026-09-30 16:00:00,SPXW260930C06920000,895.52,0.0,0,0,0,0.2587,0.9663,0.0002,16.0,6920.0,SPXW260930P06920000,10.2,0.0,0,0,0,0.2489,-0.0334,0.0002,28.0
2026-09-30 16:00:00,SPXW260930C06925000,757.6,0.0,0,0,0,0.2578,0.9659,0.0002,43.0,6925.0,SPXW260930P06925000,5.58,-4.62,0,0,2,0.2478,-0.0339,0.0002,243.0
2026-09-30 16:00:00,SPXW260930C06930000,654.58,0.0,0,0,0,0.2563,0.9655,0.0002,19.0,6930.0,SPXW260930P06930000,5.0,-5.35,0,0,2,0.2468,-0.0343,0.0002,108.0
2026-09-30 16:00:00,SPXW260930C06935000,866.7,0.0,0,0,0,0.2554,0.965,0.0002,11.0,6935.0,SPXW260930P06935000,10.8,0.0,0,0,0,0.2461,-0.0347,0.0002,40.0
2026-09-30 16:00:00,SPXW260930C06940000,742.96,0.0,0,0,0,0.2545,0.9646,0.0002,31.0,6940.0,SPXW260930P06940000,6.93,0.0,0,0,0,0.245,-0.0352,0.0002,1312.0
2026-09-30 16:00:00,SPXW260930C06945000,197.98,0.0,0,0,0,0.2529,0.9641,0.0002,32.0,6945.0,SPXW260930P06945000,10.9,0.0,0,0,0,0.2439,-0.0356,0.0002,301.0
2026-09-30 16:00:00,SPXW260930C06950000,710.98,0.0,0,0,0,0.252,0.9637,0.0002,304.0,6950.0,SPXW260930P06950000,5.9,-5.0,0,0,664,0.2428,-0.0361,0.0002,2014.0
2026-09-30 16:00:00,SPXW260930C06955000,635.6,0.0,0,0,0,0.251,0.9632,0.0002,22.0,6955.0,SPXW260930P06955000,5.68,-5.37,0,0,1,0.2417,-0.0366,0.0002,41.0
2026-09-30 16:00:00,SPXW260930C06960000,536.98,0.0,0,0,0,0.2495,0.9627,0.0002,14.0,6960.0,SPXW260930P06960000,11.6,0.0,0,0,0,0.2409,-0.037,0.0002,99.0
2026-09-30 16:00:00,SPXW260930C06965000,389.0,0.0,0,0,0,0.2485,0.9622,0.0002,28.0,6965.0,SPXW260930P06965000,11.65,0.0,0,0,0,0.2402,-0.0375,0.0002,73.0
2026-09-30 16:00:00,SPXW260930C06970000,732.07,0.0,0,0,0,0.2476,0.9617,0.0002,22.0,6970.0,SPXW260930P06970000,5.5,-5.95,0,0,61,0.2387,-0.038,0.0002,294.0
2026-09-30 16:00:00,SPXW260930C06975000,693.95,0.0,0,0,0,0.2466,0.9612,0.0002,504.0,6975.0,SPXW260930P06975000,6.52,-5.08,0,0,31,0.2379,-0.0385,0.0002,670.0
2026-09-30 16:00:00,SPXW260930C06980000,563.93,0.0,0,0,0,0.245,0.9607,0.0002,69.0,6980.0,SPXW260930P06980000,7.79,0.0,0,0,0,0.2371,-0.039,0.0002,668.0
2026-09-30 16:00:00,SPXW260930C06985000,488.31,0.0,0,0,0,0.2441,0.9602,0.0002,18.0,6985.0,SPXW260930P06985000,12.0,0.0,0,0,0,0.236,-0.0396,0.0002,45.0
2026-09-30 16:00:00,SPXW260930C06990000,667.07,0.0,0,0,0,0.2431,0.9596,0.0002,6.0,6990.0,SPXW260930P06990000,5.8,-6.25,0,0,5,0.2348,-0.0401,0.0002,3052.0
2026-09-30 16:00:00,SPXW260930C06995000,818.86,0.0,0,0,0,0.2421,0.9591,0.0002,10.0,6995.0,SPXW260930P06995000,6.3,-5.95,0,0,7,0.234,-0.0407,0.0002,228.0
2026-09-30 16:00:00,SPXW260930C07000000,683.24,64.69,0,0,10,0.2411,0.9585,0.0002,16333.0,7000.0,SPXW260930P07000000,6.5,-5.9,0,0,432,0.2332,-0.0412,0.0002,39359.0
2026-09-30 16:00:00,SPXW260930C07005000,666.15,0.0,0,0,0,0.2401,0.958,0.0002,238.0,7005.0,SPXW260930P07005000,6.05,-6.5,0,0,2,0.232,-0.0418,0.0002,256.0
2026-09-30 16:00:00,SPXW260930C07010000,813.48,0.0,0,0,0,0.2385,0.9574,0.0002,37.0,7010.0,SPXW260930P07010000,6.2,-6.55,0,0,1,0.2308,-0.0424,0.0002,109.0
2026-09-30 16:00:00,SPXW260930C07015000,656.39,0.0,0,0,0,0.2375,0.9568,0.0002,86.0,7015.0,SPXW260930P07015000,6.8,-6.15,0,0,6,0.23,-0.043,0.0002,108.0
2026-09-30 16:00:00,SPXW260930C07020000,651.75,0.0,0,0,0,0.2365,0.9562,0.0002,83.0,7020.0,SPXW260930P07020000,6.4,-6.75,0,0,11,0.2291,-0.0436,0.0002,446.0
2026-09-30 16:00:00,SPXW260930C07025000,692.15,0.0,0,0,0,0.2355,0.9556,0.0002,115.0,7025.0,SPXW260930P07025000,6.94,-6.36,0,0,2,0.2282,-0.0442,0.0002,510.0
2026-09-30 16:00:00,SPXW260930C07030000,669.58,0.0,0,0,0,0.2344,0.9549,0.0002,463.0,7030.0,SPXW260930P07030000,6.77,-6.73,0,0,11,0.2273,-0.0448,0.0002,1061.0
2026-09-30 16:00:00,SPXW260930C07035000,636.93,0.0,0,0,0,0.2334,0.9543,0.0002,40.0,7035.0,SPXW260930P07035000,7.3,-6.35,0,0,1,0.2264,-0.0455,0.0002,171.0
2026-09-30 16:00:00,SPXW260930C07040000,682.53,0.0,0,0,0,0.2324,0.9536,0.0002,85.0,7040.0,SPXW260930P07040000,7.31,-6.54,0,0,2,0.2249,-0.0461,0.0002,589.0
2026-09-30 16:00:00,SPXW260930C07045000,709.44,0.0,0,0,0,0.2313,0.9529,0.0002,63.0,7045.0,SPXW260930P07045000,12.1,0.0,0,0,0,0.224,-0.0468,0.0002,118.0
2026-09-30 16:00:00,SPXW260930C07050000,566.7,0.0,0,0,0,0.2302,0.9522,0.0002,348.0,7050.0,SPXW260930P07050000,7.3,-7.0,0,0,54,0.2234,-0.0475,0.0002,1312.0
2026-09-30 16:00:00,SPXW260930C07055000,702.11,0.0,0,0,0,0.2292,0.9516,0.0003,47.0,7055.0,SPXW260930P07055000,8.0,-6.5,0,0,5,0.2221,-0.0482,0.0003,176.0
2026-09-30 16:00:00,SPXW260930C07060000,642.5,0.0,0,0,0,0.2281,0.9508,0.0003,375.0,7060.0,SPXW260930P07060000,12.7,0.0,0,0,0,0.2212,-0.0489,0.0003,212.0
2026-09-30 16:00:00,SPXW260930C07065000,530.8,0.0,0,0,0,0.227,0.9501,0.0003,22.0,7065.0,SPXW260930P07065000,7.7,-7.25,0,0,11,0.2202,-0.0496,0.0003,48.0
2026-09-30 16:00:00,SPXW260930C07070000,641.91,0.0,0,0,0,0.2259,0.9494,0.0003,62.0,7070.0,SPXW260930P07070000,8.0,-7.15,0,0,37,0.2193,-0.0504,0.0003,197.0
2026-09-30 16:00:00,SPXW260930C07075000,769.32,0.0,0,0,0,0.2248,0.9486,0.0003,105.0,7075.0,SPXW260930P07075000,8.61,-6.74,0,0,1,0.2186,-0.0512,0.0003,1119.0
2026-09-30 16:00:00,SPXW260930C07080000,670.11,0.0,0,0,0,0.2237,0.9478,0.0003,29.0,7080.0,SPXW260930P07080000,16.0,0.0,0,0,0,0.2176,-0.0519,0.0003,1240.0
2026-09-30 16:00:00,SPXW260930C07085000,759.82,0.0,0,0,0,0.223,0.947,0.0003,21.0,7085.0,SPXW260930P07085000,8.0,-7.85,0,0,16,0.2166,-0.0527,0.0003,119.0
2026-09-30 16:00:00,SPXW260930C07090000,722.22,0.0,0,0,0,0.2219,0.9462,0.0003,42.0,7090.0,SPXW260930P07090000,7.5,-8.55,0,0,29,0.2156,-0.0535,0.0003,8602.0
2026-09-30 16:00:00,SPXW260930C07095000,206.39,0.0,0,0,0,0.2208,0.9454,0.0003,17.0,7095.0,SPXW260930P07095000,8.8,-7.5,0,0,32,0.2148,-0.0544,0.0003,95.0
2026-09-30 16:00:00,SPXW260930C07100000,586.07,63.02,0,0,10,0.2196,0.9445,0.0003,831.0,7100.0,SPXW260930P07100000,8.5,-8.0,0,0,78,0.214,-0.0552,0.0003,7221.0
2026-09-30 16:00:00,SPXW260930C07105000,599.37,0.0,0,0,0,0.2185,0.9437,0.0003,45.0,7105.0,SPXW260930P07105000,7.95,-8.85,0,0,7,0.2127,-0.0561,0.0003,20010.0
2026-09-30 16:00:00,SPXW260930C07110000,444.52,0.0,0,0,0,0.2178,0.9428,0.0003,102.0,7110.0,SPXW260930P07110000,9.1,-7.95,0,0,9,0.2119,-0.057,0.0003,118.0
2026-09-30 16:00:00,SPXW260930C07115000,686.2,0.0,0,0,0,0.2166,0.9419,0.0003,35.0,7115.0,SPXW260930P07115000,8.75,-8.6,0,0,2,0.2108,-0.0579,0.0003,123.0
2026-09-30 16:00:00,SPXW260930C07120000,614.23,0.0,0,0,0,0.2154,0.941,0.0003,124.0,7120.0,SPXW260930P07120000,18.0,0.0,0,0,0,0.21,-0.0588,0.0003,586.0
2026-09-30 16:00:00,SPXW260930C07125000,607.56,0.0,0,0,0,0.2147,0.94,0.0003,2706.0,7125.0,SPXW260930P07125000,8.17,-9.68,0,0,4,0.2092,-0.0597,0.0003,6088.0
2026-09-30 16:00:00,SPXW260930C07130000,428.23,0.0,0,0,0,0.2135,0.939,0.0003,44.0,7130.0,SPXW260930P07130000,16.65,0.0,0,0,0,0.2081,-0.0607,0.0003,180.0
2026-09-30 16:00:00,SPXW260930C07135000,574.9,0.0,0,0,0,0.2128,0.9381,0.0003,67.0,7135.0,SPXW260930P07135000,9.38,-9.07,0,0,5,0.2072,-0.0617,0.0003,183.0
2026-09-30 16:00:00,SPXW260930C07140000,688.73,0.0,0,0,0,0.2115,0.9371,0.0003,26.0,7140.0,SPXW260930P07140000,9.0,-9.75,0,0,4,0.2064,-0.0627,0.0003,468.0
2026-09-30 16:00:00,SPXW260930C07145000,661.8,0.0,0,0,0,0.2108,0.936,0.0004,15.0,7145.0,SPXW260930P07145000,9.38,-9.67,0,0,1,0.2054,-0.0637,0.0004,89.0
2026-09-30 16:00:00,SPXW260930C07150000,541.85,67.05,0,0,5,0.2095,0.935,0.0004,44.0,7150.0,SPXW260930P07150000,9.6,-9.7,0,0,1069,0.2046,-0.0648,0.0004,4716.0
2026-09-30 16:00:00,SPXW260930C07155000,557.69,0.0,0,0,0,0.2087,0.9339,0.0004,326.0,7155.0,SPXW260930P07155000,10.85,-8.8,0,0,2,0.2036,-0.0659,0.0004,20023.0
2026-09-30 16:00:00,SPXW260930C07160000,596.69,0.0,0,0,0,0.2075,0.9328,0.0004,40.0,7160.0,SPXW260930P07160000,9.9,-10.05,0,0,3,0.2027,-0.0669,0.0004,95.0
2026-09-30 16:00:00,SPXW260930C07165000,593.15,0.0,0,0,0,0.2066,0.9317,0.0004,33.0,7165.0,SPXW260930P07165000,11.25,-9.0,0,0,2,0.2018,-0.0681,0.0004,173.0
2026-09-30 16:00:00,SPXW260930C07170000,551.9,0.0,0,0,0,0.2058,0.9305,0.0004,56.0,7170.0,SPXW260930P07170000,9.9,-10.65,0,0,1,0.2008,-0.0692,0.0004,151.0
2026-09-30 16:00:00,SPXW260930C07175000,547.05,0.0,0,0,0,0.2045,0.9294,0.0004,247.0,7175.0,SPXW260930P07175000,10.05,-10.85,0,0,34,0.2,-0.0704,0.0004,655.0
2026-09-30 16:00:00,SPXW260930C07180000,407.41,0.0,0,0,0,0.2036,0.9282,0.0004,72.0,7180.0,SPXW260930P07180000,21.07,0.0,0,0,0,0.199,-0.0716,0.0004,1296.0
2026-09-30 16:00:00,SPXW260930C07185000,347.9,0.0,0,0,0,0.2027,0.9269,0.0004,154.0,7185.0,SPXW260930P07185000,10.4,-11.15,0,0,6,0.1981,-0.0728,0.0004,457.0
2026-09-30 16:00:00,SPXW260930C07190000,408.62,0.0,0,0,0,0.2018,0.9257,0.0004,63.0,7190.0,SPXW260930P07190000,10.4,-11.55,0,0,11,0.1973,-0.0741,0.0004,1802.0
2026-09-30 16:00:00,SPXW260930C07195000,442.35,0.0,0,0,0,0.2009,0.9244,0.0004,68.0,7195.0,SPXW260930P07195000,15.57,0.0,0,0,0,0.1962,-0.0753,0.0004,2020.0
2026-09-30 16:00:00,SPXW260930C07200000,493.35,64.75,0,0,7,0.1996,0.9231,0.0004,517.0,7200.0,SPXW260930P07200000,11.29,-11.36,0,0,1091,0.1956,-0.0767,0.0004,8205.0
2026-09-30 16:00:00,SPXW260930C07205000,453.39,0.0,0,0,0,0.1986,0.9218,0.0004,78.0,7205.0,SPXW260930P07205000,10.9,-12.15,0,0,4,0.1945,-0.078,0.0004,176.0
2026-09-30 16:00:00,SPXW260930C07210000,478.72,59.67,0,0,1,0.1976,0.9204,0.0004,41.0,7210.0,SPXW260930P07210000,11.3,-12.15,0,0,4,0.1936,-0.0794,0.0004,199.0
2026-09-30 16:00:00,SPXW260930C07215000,473.44,58.99,0,0,1,0.1967,0.919,0.0004,67.0,7215.0,SPXW260930P07215000,24.63,0.0,0,0,0,0.1928,-0.0808,0.0004,67.0
2026-09-30 16:00:00,SPXW260930C07220000,595.06,0.0,0,0,0,0.196,0.9175,0.0004,113.0,7220.0,SPXW260930P07220000,11.0,-13.2,0,0,2,0.1919,-0.0822,0.0004,242.0
2026-09-30 16:00:00,SPXW260930C07225000,514.98,0.0,0,0,0,0.195,0.9161,0.0005,93.0,7225.0,SPXW260930P07225000,12.49,-12.11,0,0,41,0.1911,-0.0837,0.0005,493.0
2026-09-30 16:00:00,SPXW260930C07230000,480.81,0.0,0,0,0,0.194,0.9146,0.0005,38.0,7230.0,SPXW260930P07230000,11.7,-13.35,0,0,30,0.1902,-0.0852,0.0005,247.0
2026-09-30 16:00:00,SPXW260930C07235000,348.0,0.0,0,0,0,0.193,0.913,0.0005,70.0,7235.0,SPXW260930P07235000,11.6,-13.85,0,0,4,0.1892,-0.0867,0.0005,240.0
2026-09-30 16:00:00,SPXW260930C07240000,472.81,0.0,0,0,0,0.1919,0.9115,0.0005,235.0,7240.0,SPXW260930P07240000,14.3,-11.55,0,0,3,0.1883,-0.0883,0.0005,1947.0
2026-09-30 16:00:00,SPXW260930C07245000,386.56,0.0,0,0,0,0.1912,0.9099,0.0005,19.0,7245.0,SPXW260930P07245000,12.93,0.0,0,0,0,0.1875,-0.0899,0.0005,77.0
2026-09-30 16:00:00,SPXW260930C07250000,422.45,0.0,0,0,0,0.1901,0.9082,0.0005,89.0,7250.0,SPXW260930P07250000,13.45,-13.3,0,0,4256,0.1866,-0.0915,0.0005,4838.0
2026-09-30 16:00:00,SPXW260930C07255000,379.6,0.0,0,0,0,0.1894,0.9066,0.0005,48.0,7255.0,SPXW260930P07255000,12.55,-14.65,0,0,26,0.1856,-0.0932,0.0005,339.0
2026-09-30 16:00:00,SPXW260930C07260000,392.32,0.0,0,0,0,0.1883,0.9048,0.0005,145.0,7260.0,SPXW260930P07260000,13.66,-14.04,0,0,1,0.1849,-0.0949,0.0005,224.0
2026-09-30 16:00:00,SPXW260930C07265000,353.4,0.0,0,0,0,0.1875,0.9031,0.0005,48.0,7265.0,SPXW260930P07265000,15.4,-12.75,0,0,29,0.1839,-0.0966,0.0005,221.0
2026-09-30 16:00:00,SPXW260930C07270000,364.87,0.0,0,0,0,0.1863,0.9013,0.0005,62.0,7270.0,SPXW260930P07270000,13.53,-15.12,0,0,10,0.1832,-0.0984,0.0005,194.0
2026-09-30 16:00:00,SPXW260930C07275000,360.37,0.0,0,0,0,0.1855,0.8995,0.0006,191.0,7275.0,SPXW260930P07275000,14.73,-14.42,0,0,145,0.1822,-0.1003,0.0006,1257.0
2026-09-30 16:00:00,SPXW260930C07280000,446.22,0.0,0,0,0,0.1846,0.8976,0.0006,187.0,7280.0,SPXW260930P07280000,14.15,-15.5,0,0,14,0.1813,-0.1022,0.0006,186.0
2026-09-30 16:00:00,SPXW260930C07285000,540.1,0.0,0,0,0,0.1838,0.8957,0.0006,52.0,7285.0,SPXW260930P07285000,14.88,-15.27,0,0,32,0.1805,-0.1041,0.0006,304.0
2026-09-30 16:00:00,SPXW260930C07290000,400.12,53.62,0,0,15,0.1826,0.8937,0.0006,297.0,7290.0,SPXW260930P07290000,15.1,-15.6,0,0,15,0.1797,-0.106,0.0006,370.0
2026-09-30 16:00:00,SPXW260930C07295000,342.66,0.0,0,0,0,0.1817,0.8917,0.0006,139.0,7295.0,SPXW260930P07295000,31.9,0.0,0,0,0,0.1789,-0.108,0.0006,230.0
2026-09-30 16:00:00,SPXW260930C07300000,338.16,0.0,0,0,0,0.1807,0.8896,0.0006,3536.0,7300.0,SPXW260930P07300000,16.15,-15.6,0,0,1230,0.178,-0.1101,0.0006,4923.0
2026-09-30 16:00:00,SPXW260930C07305000,360.13,0.0,0,0,0,0.1798,0.8875,0.0006,43.0,7305.0,SPXW260930P07305000,16.3,-16.0,0,0,12,0.1771,-0.1122,0.0006,156.0
2026-09-30 16:00:00,SPXW260930C07310000,408.27,0.0,0,0,0,0.1791,0.8854,0.0006,2006.0,7310.0,SPXW260930P07310000,16.7,-16.2,0,0,5,0.1762,-0.1144,0.0006,158.0
2026-09-30 16:00:00,SPXW260930C07315000,317.8,0.0,0,0,0,0.1781,0.8832,0.0006,244.0,7315.0,SPXW260930P07315000,16.7,-16.8,0,0,12,0.1753,-0.1166,0.0006,153.0
2026-09-30 16:00:00,SPXW260930C07320000,349.22,0.0,0,0,0,0.1771,0.8809,0.0006,836.0,7320.0,SPXW260930P07320000,15.9,-18.2,0,0,15,0.1744,-0.1188,0.0006,387.0
2026-09-30 16:00:00,SPXW260930C07325000,344.72,0.0,0,0,0,0.1764,0.8786,0.0007,251.0,7325.0,SPXW260930P07325000,17.94,-16.71,0,0,27,0.1738,-0.1211,0.0007,1756.0
2026-09-30 16:00:00,SPXW260930C07330000,317.78,0.0,0,0,0,0.1753,0.8763,0.0007,208.0,7330.0,SPXW260930P07330000,17.75,-17.55,0,0,32,0.1727,-0.1235,0.0007,112.0
2026-09-30 16:00:00,SPXW260930C07335000,313.33,0.0,0,0,0,0.1745,0.8739,0.0007,197.0,7335.0,SPXW260930P07335000,18.39,-17.51,0,0,2,0.172,-0.1259,0.0007,161.0
2026-09-30 16:00:00,SPXW260930C07340000,307.34,0.0,0,0,0,0.1735,0.8714,0.0007,249.0,7340.0,SPXW260930P07340000,17.89,-18.61,0,0,18,0.171,-0.1283,0.0007,435.0
2026-09-30 16:00:00,SPXW260930C07345000,257.0,0.0,0,0,0,0.1726,0.8689,0.0007,210.0,7345.0,SPXW260930P07345000,20.93,-16.27,0,0,1,0.1702,-0.1309,0.0007,382.0
2026-09-30 16:00:00,SPXW260930C07350000,291.7,0.0,0,0,0,0.1718,0.8663,0.0007,642.0,7350.0,SPXW260930P07350000,19.35,-18.5,0,0,278,0.1694,-0.1335,0.0007,3301.0
2026-09-30 16:00:00,SPXW260930C07355000,317.8,0.0,0,0,0,0.1709,0.8636,0.0007,7.0,7355.0,SPXW260930P07355000,36.0,0.0,0,0,0,0.1686,-0.1361,0.0007,168.0
2026-09-30 16:00:00,SPXW260930C07360000,338.85,53.1,0,0,1,0.17,0.8609,0.0008,216.0,7360.0,SPXW260930P07360000,19.05,-20.25,0,0,3,0.1677,-0.1388,0.0008,118.0
2026-09-30 16:00:00,SPXW260930C07365000,334.2,52.75,0,0,1,0.169,0.8582,0.0008,9.0,7365.0,SPXW260930P07365000,22.8,-17.2,0,0,27,0.1668,-0.1416,0.0008,85.0
2026-09-30 16:00:00,SPXW260930C07370000,327.77,50.57,0,0,1,0.1681,0.8553,0.0008,50.0,7370.0,SPXW260930P07370000,20.75,-19.95,0,0,8,0.1661,-0.1444,0.0008,215.0
2026-09-30 16:00:00,SPXW260930C07375000,311.6,0.0,0,0,0,0.1671,0.8524,0.0008,166.0,7375.0,SPXW260930P07375000,21.3,-20.15,0,0,173,0.1653,-0.1473,0.0008,427.0
2026-09-30 16:00:00,SPXW260930C07380000,344.83,0.0,0,0,0,0.1664,0.8495,0.0008,114.0,7380.0,SPXW260930P07380000,22.17,-20.03,0,0,25,0.1643,-0.1503,0.0008,929.0
2026-09-30 16:00:00,SPXW260930C07385000,459.79,0.0,0,0,0,0.1653,0.8464,0.0008,21.0,7385.0,SPXW260930P07385000,22.3,-20.7,0,0,12,0.1635,-0.1533,0.0008,67.0
2026-09-30 16:00:00,SPXW260930C07390000,350.31,0.0,0,0,0,0.1645,0.8433,0.0008,32.0,7390.0,SPXW260930P07390000,21.67,-22.08,0,0,90,0.1626,-0.1564,0.0008,203.0
2026-09-30 16:00:00,SPXW260930C07395000,460.16,0.0,0,0,0,0.1637,0.8402,0.0009,13.0,7395.0,SPXW260930P07395000,22.85,-21.7,0,0,19,0.1618,-0.1596,0.0009,137.0
2026-09-30 16:00:00,SPXW260930C07400000,300.39,48.99,0,0,9,0.1611,0.8369,0.0009,1954.0,7400.0,SPXW260930P07400000,23.95,-21.4,0,0,1333,0.161,-0.1628,0.0009,9125.0
2026-09-30 16:00:00,SPXW260930C07405000,283.05,0.0,0,0,0,0.162,0.8336,0.0009,20.0,7405.0,SPXW260930P07405000,22.15,-24.05,0,0,23,0.1601,-0.1662,0.0009,122.0
2026-09-30 16:00:00,SPXW260930C07410000,340.54,0.0,0,0,0,0.161,0.8302,0.0009,117.0,7410.0,SPXW260930P07410000,24.25,-22.85,0,0,50,0.1593,-0.1696,0.0009,900.0
2026-09-30 16:00:00,SPXW260930C07415000,428.05,0.0,0,0,0,0.1601,0.8267,0.0009,22.0,7415.0,SPXW260930P07415000,24.9,-23.0,0,0,14,0.1585,-0.1731,0.0009,172.0
2026-09-30 16:00:00,SPXW260930C07420000,323.8,0.0,0,0,0,0.1593,0.8231,0.0009,1027.0,7420.0,SPXW260930P07420000,26.3,-22.5,0,0,52,0.1576,-0.1766,0.0009,231.0
2026-09-30 16:00:00,SPXW260930C07425000,268.17,0.0,0,0,0,0.1584,0.8195,0.001,300.0,7425.0,SPXW260930P07425000,25.7,-24.0,0,0,96,0.157,-0.1803,0.001,784.0
2026-09-30 16:00:00,SPXW260930C07430000,316.7,0.0,0,0,0,0.1575,0.8157,0.001,60.0,7430.0,SPXW260930P07430000,26.35,-24.3,0,0,10,0.156,-0.184,0.001,308.0
2026-09-30 16:00:00,SPXW260930C07435000,360.33,0.0,0,0,0,0.1567,0.8119,0.001,21.0,7435.0,SPXW260930P07435000,27.85,-23.75,0,0,10,0.155,-0.1878,0.001,96.0
2026-09-30 16:00:00,SPXW260930C07440000,285.94,0.0,0,0,0,0.1558,0.808,0.001,94.0,7440.0,SPXW260930P07440000,27.67,-24.93,0,0,42,0.1542,-0.1918,0.001,958.0
2026-09-30 16:00:00,SPXW260930C07445000,411.83,0.0,0,0,0,0.1549,0.804,0.001,8.0,7445.0,SPXW260930P07445000,28.48,-25.07,0,0,151,0.1535,-0.1958,0.001,184.0
2026-09-30 16:00:00,SPXW260930C07450000,258.77,47.72,0,0,7,0.154,0.7999,0.001,1439.0,7450.0,SPXW260930P07450000,30.23,-24.27,0,0,602,0.1528,-0.1998,0.001,7125.0
2026-09-30 16:00:00,SPXW260930C07455000,403.63,0.0,0,0,0,0.1532,0.7957,0.0011,33.0,7455.0,SPXW260930P07455000,31.52,-24.08,0,0,1,0.1518,-0.204,0.0011,131.0
2026-09-30 16:00:00,SPXW260930C07460000,249.55,46.4,0,0,2,0.1524,0.7914,0.0011,61.0,7460.0,SPXW260930P07460000,30.28,-26.32,0,0,106,0.151,-0.2083,0.0011,646.0
2026-09-30 16:00:00,SPXW260930C07465000,245.2,45.75,0,0,2,0.1514,0.7871,0.0011,23.0,7465.0,SPXW260930P07465000,31.8,-25.9,0,0,6,0.1502,-0.2127,0.0011,129.0
2026-09-30 16:00:00,SPXW260930C07470000,328.62,0.0,0,0,0,0.1506,0.7826,0.0011,51.0,7470.0,SPXW260930P07470000,31.3,-27.5,0,0,12,0.1494,-0.2172,0.0011,195.0
2026-09-30 16:00:00,SPXW260930C07475000,191.68,0.0,0,0,0,0.1498,0.778,0.0011,302.0,7475.0,SPXW260930P07475000,32.14,-27.76,0,0,177,0.1485,-0.2218,0.0011,2746.0
2026-09-30 16:00:00,SPXW260930C07480000,233.12,45.32,0,0,5,0.1489,0.7733,0.0012,121.0,7480.0,SPXW260930P07480000,32.55,-28.5,0,0,249,0.1476,-0.2264,0.0012,403.0
2026-09-30 16:00:00,SPXW260930C07485000,228.39,44.49,0,0,1,0.148,0.7685,0.0012,13.0,7485.0,SPXW260930P07485000,31.25,-30.95,0,0,90,0.1469,-0.2312,0.0012,282.0
2026-09-30 16:00:00,SPXW260930C07490000,224.04,43.94,0,0,6,0.1472,0.7636,0.0012,110.0,7490.0,SPXW260930P07490000,36.3,-27.1,0,0,55,0.146,-0.2362,0.0012,321.0
2026-09-30 16:00:00,SPXW260930C07495000,219.94,43.44,0,0,4,0.1463,0.7586,0.0012,18.0,7495.0,SPXW260930P07495000,32.65,-31.95,0,0,49,0.1452,-0.2412,0.0012,339.0
2026-09-30 16:00:00,SPXW260930C07500000,210.25,37.55,0,0,30,0.1454,0.7535,0.0012,4529.0,7500.0,SPXW260930P07500000,37.95,-27.85,0,0,9171,0.1444,-0.2463,0.0012,31291.0
2026-09-30 16:00:00,SPXW260930C07505000,210.7,41.75,0,0,1,0.1447,0.7482,0.0013,235.0,7505.0,SPXW260930P07505000,37.3,-29.8,0,0,6,0.1436,-0.2515,0.0013,165.0
2026-09-30 16:00:00,SPXW260930C07510000,210.9,45.6,0,0,25,0.1437,0.7428,0.0013,125.0,7510.0,SPXW260930P07510000,37.63,-30.77,0,0,161,0.1427,-0.2569,0.0013,1660.0
2026-09-30 16:00:00,SPXW260930C07515000,160.73,0.0,0,0,0,0.1429,0.7374,0.0013,89.0,7515.0,SPXW260930P07515000,36.25,-33.45,0,0,17,0.1418,-0.2624,0.0013,185.0
2026-09-30 16:00:00,SPXW260930C07520000,200.48,42.58,0,0,15,0.142,0.7318,0.0013,64.0,7520.0,SPXW260930P07520000,38.9,-32.15,0,0,10,0.1411,-0.268,0.0013,225.0
2026-09-30 16:00:00,SPXW260930C07525000,194.1,39.9,0,0,5,0.1412,0.7261,0.0014,1128.0,7525.0,SPXW260930P07525000,41.53,-30.87,0,0,1068,0.1402,-0.2737,0.0014,18301.0
2026-09-30 16:00:00,SPXW260930C07530000,191.3,40.55,0,0,1,0.1404,0.7202,0.0014,460.0,7530.0,SPXW260930P07530000,41.7,-32.1,0,0,17,0.1394,-0.2795,0.0014,200.0
2026-09-30 16:00:00,SPXW260930C07535000,185.79,38.69,0,0,1,0.1396,0.7143,0.0014,40.0,7535.0,SPXW260930P07535000,44.4,-30.85,0,0,2,0.1386,-0.2855,0.0014,125.0
2026-09-30 16:00:00,SPXW260930C07540000,141.2,0.0,0,0,0,0.1387,0.7082,0.0014,51.0,7540.0,SPXW260930P07540000,44.53,-32.17,0,0,18,0.1378,-0.2916,0.0014,204.0
2026-09-30 16:00:00,SPXW260930C07545000,140.4,0.0,0,0,0,0.1378,0.7019,0.0014,691.0,7545.0,SPXW260930P07545000,43.79,-34.36,0,0,7,0.1369,-0.2978,0.0014,911.0
2026-09-30 16:00:00,SPXW260930C07550000,176.09,39.49,0,0,22,0.1361,0.6956,0.0015,2222.0,7550.0,SPXW260930P07550000,46.5,-33.2,0,0,428,0.136,-0.3041,0.0015,5804.0
2026-09-30 16:00:00,SPXW260930C07555000,167.76,34.46,0,0,12,0.1354,0.6891,0.0015,83.0,7555.0,SPXW260930P07555000,46.32,-34.93,0,0,29,0.1353,-0.3107,0.0015,244.0
2026-09-30 16:00:00,SPXW260930C07560000,127.8,0.0,0,0,0,0.1348,0.6825,0.0015,104.0,7560.0,SPXW260930P07560000,49.8,-33.05,0,0,34,0.1345,-0.3173,0.0015,399.0
2026-09-30 16:00:00,SPXW260930C07565000,154.1,27.6,0,0,15,0.1338,0.6757,0.0015,93.0,7565.0,SPXW260930P07565000,49.4,-35.05,0,0,20,0.1337,-0.324,0.0015,73.0
2026-09-30 16:00:00,SPXW260930C07570000,121.1,0.0,0,0,0,0.133,0.6688,0.0016,117.0,7570.0,SPXW260930P07570000,50.6,-35.55,0,0,27,0.1328,-0.3309,0.0016,162.0
2026-09-30 16:00:00,SPXW260930C07575000,146.5,26.7,0,0,9,0.1321,0.6618,0.0016,783.0,7575.0,SPXW260930P07575000,52.8,-35.0,0,0,99,0.132,-0.338,0.0016,2917.0
2026-09-30 16:00:00,SPXW260930C07580000,148.5,31.95,0,0,2,0.1313,0.6546,0.0016,111.0,7580.0,SPXW260930P07580000,52.1,-37.4,0,0,17,0.1312,-0.3451,0.0016,485.0
2026-09-30 16:00:00,SPXW260930C07585000,116.1,0.0,0,0,0,0.1305,0.6473,0.0016,25.0,7585.0,SPXW260930P07585000,52.94,-38.41,0,0,11,0.1304,-0.3524,0.0016,161.0
2026-09-30 16:00:00,SPXW260930C07590000,110.0,0.0,0,0,0,0.1296,0.6398,0.0016,77.0,7590.0,SPXW260930P07590000,54.15,-39.0,0,0,3,0.1296,-0.3599,0.0016,206.0
2026-09-30 16:00:00,SPXW260930C07595000,140.53,33.53,0,0,1,0.1288,0.6322,0.0017,73.0,7595.0,SPXW260930P07595000,54.0,-41.0,0,0,1,0.1287,-0.3675,0.0017,169.0
2026-09-30 16:00:00,SPXW260930C07600000,128.57,24.67,0,0,85,0.128,0.6245,0.0017,3711.0,7600.0,SPXW260930P07600000,58.4,-38.45,0,0,599,0.1279,-0.3752,0.0017,14938.0
2026-09-30 16:00:00,SPXW260930C07605000,134.48,33.63,0,0,1,0.1272,0.6166,0.0017,121.0,7605.0,SPXW260930P07605000,56.15,-42.7,0,0,4,0.1271,-0.3831,0.0017,129.0
2026-09-30 16:00:00,SPXW260930C07610000,121.42,23.62,0,0,2,0.1264,0.6086,0.0017,606.0,7610.0,SPXW260930P07610000,59.53,-41.22,0,0,24,0.1262,-0.3912,0.0017,160.0
2026-09-30 16:00:00,SPXW260930C07615000,119.8,0.0,0,0,0,0.1256,0.6004,0.0018,128.0,7615.0,SPXW260930P07615000,58.0,-44.7,0,0,46,0.1254,-0.3993,0.0018,162.0
2026-09-30 16:00:00,SPXW260930C07620000,117.63,25.68,0,0,11,0.1247,0.5921,0.0018,131.0,7620.0,SPXW260930P07620000,58.5,-46.35,0,0,26,0.1246,-0.4076,0.0018,235.0
2026-09-30 16:00:00,SPXW260930C07625000,117.92,28.92,0,0,19,0.124,0.5837,0.0018,129.0,7625.0,SPXW260930P07625000,63.5,-43.4,0,0,159,0.1238,-0.4161,0.0018,468.0
2026-09-30 16:00:00,SPXW260930C07630000,110.68,24.53,0,0,10,0.1231,0.5751,0.0018,186.0,7630.0,SPXW260930P07630000,65.21,-43.84,0,0,11,0.123,-0.4247,0.0018,228.0
2026-09-30 16:00:00,SPXW260930C07635000,105.3,0.0,0,0,0,0.1223,0.5663,0.0018,79.0,7635.0,SPXW260930P07635000,65.52,-45.73,0,0,6,0.1222,-0.4334,0.0018,93.0
2026-09-30 16:00:00,SPXW260930C07640000,102.4,21.8,0,0,11,0.1215,0.5574,0.0018,258.0,7640.0,SPXW260930P07640000,68.55,-44.9,0,0,13,0.1214,-0.4423,0.0018,337.0
2026-09-30 16:00:00,SPXW260930C07645000,100.7,22.8,0,0,5,0.1207,0.5484,0.0019,740.0,7645.0,SPXW260930P07645000,117.3,0.0,0,0,0,0.1206,-0.4514,0.0019,376.0
2026-09-30 16:00:00,SPXW260930C07650000,94.05,18.85,0,0,433,0.12,0.5392,0.0019,1926.0,7650.0,SPXW260930P07650000,76.3,-41.8,0,0,544,0.1198,-0.4605,0.0019,4239.0
2026-09-30 16:00:00,SPXW260930C07655000,99.6,27.0,0,0,44,0.1191,0.5299,0.0019,207.0,7655.0,SPXW260930P07655000,73.7,-46.75,0,0,6,0.1191,-0.4698,0.0019,75.0
2026-09-30 16:00:00,SPXW260930C07660000,89.15,19.1,0,0,54,0.1184,0.5205,0.0019,338.0,7660.0,SPXW260930P07660000,77.5,-45.35,0,0,11,0.1183,-0.4793,0.0019,198.0
2026-09-30 16:00:00,SPXW260930C07665000,88.0,20.45,0,0,19,0.1176,0.5109,0.0019,280.0,7665.0,SPXW260930P07665000,78.0,-47.35,0,0,147,0.1175,-0.4888,0.0019,277.0
2026-09-30 16:00:00,SPXW260930C07670000,85.87,20.82,0,0,29,0.1168,0.5012,0.002,168.0,7670.0,SPXW260930P07670000,82.6,-45.3,0,0,60,0.1167,-0.4985,0.002,271.0
2026-09-30 16:00:00,SPXW260930C07675000,80.55,17.95,0,0,1541,0.1161,0.4914,0.002,3560.0,7675.0,SPXW260930P07675000,82.2,-48.25,0,0,1737,0.116,-0.5083,0.002,2443.0
2026-09-30 16:00:00,SPXW260930C07680000,76.1,14.9,0,0,27,0.1153,0.4815,0.002,274.0,7680.0,SPXW260930P07680000,85.05,-48.0,0,0,29,0.1152,-0.5183,0.002,171.0
2026-09-30 16:00:00,SPXW260930C07685000,82.0,24.05,0,0,2,0.1146,0.4714,0.002,89.0,7685.0,SPXW260930P07685000,87.2,-48.55,0,0,30,0.1145,-0.5283,0.002,291.0
2026-09-30 16:00:00,SPXW260930C07690000,70.8,15.1,0,0,52,0.1139,0.4613,0.002,218.0,7690.0,SPXW260930P07690000,90.1,-48.35,0,0,38,0.1137,-0.5385,0.002,193.0
2026-09-30 16:00:00,SPXW260930C07695000,65.6,12.15,0,0,15,0.1131,0.451,0.002,542.0,7695.0,SPXW260930P07695000,85.7,-55.55,0,0,14,0.113,-0.5487,0.002,164.0
2026-09-30 16:00:00,SPXW260930C07700000,64.7,13.45,0,0,333,0.1124,0.4407,0.002,2546.0,7700.0,SPXW260930P07700000,94.6,-49.25,0,0,6188,0.1123,-0.559,0.002,6301.0
2026-09-30 16:00:00,SPXW260930C07705000,61.4,12.2,0,0,21,0.1117,0.4303,0.002,283.0,7705.0,SPXW260930P07705000,99.0,-47.9,0,0,7,0.1116,-0.5694,0.002,270.0
2026-09-30 16:00:00,SPXW260930C07710000,62.13,15.03,0,0,7,0.111,0.4198,0.002,388.0,7710.0,SPXW260930P07710000,93.1,-56.8,0,0,8,0.1109,-0.5799,0.002,172.0
2026-09-30 16:00:00,SPXW260930C07715000,64.2,19.1,0,0,12,0.1102,0.4093,0.002,145.0,7715.0,SPXW260930P07715000,98.3,-54.55,0,0,8,0.1102,-0.5905,0.002,88.0
2026-09-30 16:00:00,SPXW260930C07720000,54.8,11.65,0,0,22,0.1096,0.3987,0.002,177.0,7720.0,SPXW260930P07720000,104.4,-51.5,0,0,43,0.1095,-0.6011,0.002,207.0
2026-09-30 16:00:00,SPXW260930C07725000,52.1,10.85,0,0,151,0.1089,0.388,0.002,711.0,7725.0,SPXW260930P07725000,103.4,-55.45,0,0,10,0.1088,-0.6117,0.002,559.0
2026-09-30 16:00:00,SPXW260930C07730000,51.87,12.47,0,0,2,0.1082,0.3774,0.002,280.0,7730.0,SPXW260930P07730000,107.1,-55.0,0,0,14,0.1081,-0.6224,0.002,307.0
2026-09-30 16:00:00,SPXW260930C07735000,46.5,8.85,0,0,18,0.1076,0.3667,0.002,128.0,7735.0,SPXW260930P07735000,108.0,-57.2,0,0,2,0.1075,-0.633,0.002,39.0
2026-09-30 16:00:00,SPXW260930C07740000,45.9,10.0,0,0,58,0.1069,0.356,0.002,315.0,7740.0,SPXW260930P07740000,120.8,-47.8,0,0,3,0.1069,-0.6437,0.002,203.0
2026-09-30 16:00:00,SPXW260930C07745000,42.2,8.0,0,0,31,0.1063,0.3454,0.002,94.0,7745.0,SPXW260930P07745000,122.2,-49.75,0,0,5,0.1062,-0.6544,0.002,59.0
2026-09-30 16:00:00,SPXW260930C07750000,40.1,7.45,0,0,162,0.1057,0.3347,0.002,7968.0,7750.0,SPXW260930P07750000,112.07,-63.23,0,0,706,0.1056,-0.665,0.002,1764.0
2026-09-30 16:00:00,SPXW260930C07755000,39.36,8.31,0,0,25,0.1051,0.3241,0.002,359.0,7755.0,SPXW260930P07755000,128.47,-50.03,0,0,1,0.105,-0.6756,0.002,49.0
2026-09-30 16:00:00,SPXW260930C07760000,35.8,6.3,0,0,32,0.1045,0.3136,0.0019,986.0,7760.0,SPXW260930P07760000,127.0,-55.3,0,0,9,0.1043,-0.6862,0.0019,234.0
2026-09-30 16:00:00,SPXW260930C07765000,35.0,6.95,0,0,67,0.1039,0.3031,0.0019,1209.0,7765.0,SPXW260930P07765000,135.0,-50.75,0,0,2,0.1039,-0.6967,0.0019,64.0
2026-09-30 16:00:00,SPXW260930C07770000,33.29,6.64,0,0,92,0.1034,0.2927,0.0019,1398.0,7770.0,SPXW260930P07770000,127.32,-62.03,0,0,3,0.1014,-0.7071,0.0019,150.0
2026-09-30 16:00:00,SPXW260930C07775000,31.42,6.17,0,0,69,0.1028,0.2823,0.0019,1123.0,7775.0,SPXW260930P07775000,130.6,-62.4,0,0,1,0.1007,-0.7174,0.0019,523.0
2026-09-30 16:00:00,SPXW260930C07780000,29.0,5.05,0,0,55,0.1022,0.2721,0.0018,513.0,7780.0,SPXW260930P07780000,131.0,-65.7,0,0,3,0.1002,-0.7276,0.0018,50.0
2026-09-30 16:00:00,SPXW260930C07785000,27.2,4.5,0,0,8,0.1017,0.262,0.0018,4752.0,7785.0,SPXW260930P07785000,102.1,0.0,0,0,0,0.0997,-0.7378,0.0018,52.0
2026-09-30 16:00:00,SPXW260930C07790000,27.9,6.45,0,0,43,0.1012,0.252,0.0018,2064.0,7790.0,SPXW260930P07790000,145.63,-58.37,0,0,12,0.099,-0.7478,0.0018,224.0
2026-09-30 16:00:00,SPXW260930C07795000,25.06,4.71,0,0,35,0.1007,0.2421,0.0018,1832.0,7795.0,SPXW260930P07795000,149.08,-58.97,0,0,10,0.0984,-0.7576,0.0018,60.0
2026-09-30 16:00:00,SPXW260930C07800000,22.97,3.72,0,0,817,0.1003,0.2324,0.0017,8015.0,7800.0,SPXW260930P07800000,150.0,-61.9,0,0,6,0.0979,-0.7673,0.0017,695.0
2026-09-30 16:00:00,SPXW260930C07805000,21.53,3.38,0,0,72,0.0998,0.2229,0.0017,193.0,7805.0,SPXW260930P07805000,216.45,0.0,0,0,0,0.0973,-0.7769,0.0017,24.0
2026-09-30 16:00:00,SPXW260930C07810000,22.55,5.4,0,0,25,0.0993,0.2135,0.0017,201.0,7810.0,SPXW260930P07810000,177.19,0.0,0,0,0,0.0967,-0.7863,0.0017,66.0
2026-09-30 16:00:00,SPXW260930C07815000,19.12,2.97,0,0,21,0.0988,0.2043,0.0016,323.0,7815.0,SPXW260930P07815000,116.9,0.0,0,0,0,0.0963,-0.7955,0.0016,35.0
2026-09-30 16:00:00,SPXW260930C07820000,18.37,3.17,0,0,12,0.0984,0.1953,0.0016,1134.0,7820.0,SPXW260930P07820000,181.14,0.0,0,0,0,0.0957,-0.8045,0.0016,114.0
2026-09-30 16:00:00,SPXW260930C07825000,17.41,3.06,0,0,28,0.0979,0.1865,0.0016,2940.0,7825.0,SPXW260930P07825000,233.51,0.0,0,0,0,0.0951,-0.8133,0.0016,182.0
2026-09-30 16:00:00,SPXW260930C07830000,16.31,2.86,0,0,105,0.0974,0.1779,0.0015,522.0,7830.0,SPXW260930P07830000,185.5,0.0,0,0,0,0.0947,-0.8219,0.0015,41.0
2026-09-30 16:00:00,SPXW260930C07835000,15.5,2.85,0,0,173,0.097,0.1695,0.0015,834.0,7835.0,SPXW260930P07835000,191.0,0.0,0,0,0,0.094,-0.8302,0.0015,17.0
2026-09-30 16:00:00,SPXW260930C07840000,13.75,1.8,0,0,193,0.0967,0.1614,0.0014,448.0,7840.0,SPXW260930P07840000,132.45,0.0,0,0,0,0.0937,-0.8384,0.0014,34.0
2026-09-30 16:00:00,SPXW260930C07845000,17.2,6.0,0,0,19,0.0964,0.1535,0.0014,314.0,7845.0,SPXW260930P07845000,200.34,0.0,0,0,0,0.093,-0.8463,0.0014,26.0
2026-09-30 16:00:00,SPXW260930C07850000,12.12,1.62,0,0,910,0.0961,0.1458,0.0014,6676.0,7850.0,SPXW260930P07850000,184.94,-68.21,0,0,11,0.0927,-0.854,0.0014,2087.0
2026-09-30 16:00:00,SPXW260930C07855000,11.69,1.84,0,0,16,0.0957,0.1384,0.0013,141.0,7855.0,SPXW260930P07855000,146.2,0.0,0,0,0,0.0921,-0.8614,0.0013,14.0
2026-09-30 16:00:00,SPXW260930C07860000,11.5,2.25,0,0,26,0.0954,0.1312,0.0013,786.0,7860.0,SPXW260930P07860000,199.89,0.0,0,0,0,0.0918,-0.8685,0.0013,69.0
2026-09-30 16:00:00,SPXW260930C07865000,12.02,3.37,0,0,41,0.0948,0.1244,0.0012,195.0,7865.0,SPXW260930P07865000,152.2,0.0,0,0,0,0.0911,-0.8754,0.0012,25.0
2026-09-30 16:00:00,SPXW260930C07870000,11.8,3.75,0,0,29,0.0948,0.1177,0.0012,685.0,7870.0,SPXW260930P07870000,150.0,0.0,0,0,0,0.0906,-0.882,0.0012,39.0
2026-09-30 16:00:00,SPXW260930C07875000,9.3,1.7,0,0,168,0.0946,0.1114,0.0011,2024.0,7875.0,SPXW260930P07875000,239.23,0.0,0,0,0,0.0903,-0.8884,0.0011,12.0
2026-09-30 16:00:00,SPXW260930C07880000,8.8,1.7,0,0,6,0.0942,0.1053,0.0011,398.0,7880.0,SPXW260930P07880000,236.6,0.0,0,0,0,0.0899,-0.8945,0.0011,14.0
2026-09-30 16:00:00,SPXW260930C07885000,9.62,3.02,0,0,12,0.0942,0.0994,0.0011,120.0,7885.0,SPXW260930P07885000,181.4,0.0,0,0,0,0.0894,-0.9003,0.0011,31.0
2026-09-30 16:00:00,SPXW260930C07890000,6.9,0.7,0,0,52,0.0938,0.0939,0.001,7119.0,7890.0,SPXW260930P07890000,226.29,0.0,0,0,0,0.089,-0.9059,0.001,19.0
2026-09-30 16:00:00,SPXW260930C07895000,7.9,2.1,0,0,12,0.0936,0.0886,0.001,179.0,7895.0,SPXW260930P07895000,265.95,0.0,0,0,0,0.0886,-0.9112,0.001,10.0
2026-09-30 16:00:00,SPXW260930C07900000,6.07,0.67,0,0,296,0.0935,0.0836,0.0009,17814.0,7900.0,SPXW260930P07900000,223.2,-74.75,0,0,11,0.088,-0.9162,0.0009,1730.0
2026-09-30 16:00:00,SPXW260930C07905000,7.2,2.2,0,0,7,0.0934,0.0788,0.0009,389.0,7905.0,SPXW260930P07905000,210.41,0.0,0,0,0,0.0878,-0.921,0.0009,10.0
2026-09-30 16:00:00,SPXW260930C07910000,5.25,0.55,0,0,19,0.0932,0.0742,0.0009,364.0,7910.0,SPXW260930P07910000,298.28,0.0,0,0,0,0.0873,-0.9255,0.0009,39.0
2026-09-30 16:00:00,SPXW260930C07915000,6.2,1.8,0,0,1,0.0932,0.07,0.0008,501.0,7915.0,SPXW260930P07915000,302.97,0.0,0,0,0,0.0868,-0.9298,0.0008,9.0
2026-09-30 16:00:00,SPXW260930C07920000,6.0,1.9,0,0,41,0.0931,0.0659,0.0008,203.0,7920.0,SPXW260930P07920000,181.68,0.0,0,0,0,0.0866,-0.9338,0.0008,12.0
2026-09-30 16:00:00,SPXW260930C07925000,4.25,0.45,0,0,146,0.0929,0.0621,0.0008,2169.0,7925.0,SPXW260930P07925000,266.0,0.0,0,0,0,0.0858,-0.9376,0.0008,76.0
2026-09-30 16:00:00,SPXW260930C07930000,4.94,1.34,0,0,4,0.093,0.0585,0.0007,515.0,7930.0,SPXW260930P07930000,189.09,0.0,0,0,0,0.0853,-0.9412,0.0007,7.0
2026-09-30 16:00:00,SPXW260930C07935000,4.84,1.44,0,0,4,0.0931,0.0552,0.0007,118.0,7935.0,SPXW260930P07935000,205.0,0.0,0,0,0,0.0853,-0.9446,0.0007,7.0
2026-09-30 16:00:00,SPXW260930C07940000,3.29,0.19,0,0,142,0.0929,0.052,0.0006,528.0,7940.0,SPXW260930P07940000,228.21,0.0,0,0,0,0.0846,-0.9478,0.0006,11.0
2026-09-30 16:00:00,SPXW260930C07945000,4.0,1.075,0,0,15,0.0931,0.049,0.0006,166.0,7945.0,SPXW260930P07945000,234.7,0.0,0,0,0,0.0844,-0.9507,0.0006,4.0
2026-09-30 16:00:00,SPXW260930C07950000,2.9,0.125,0,0,411,0.0932,0.0463,0.0006,27451.0,7950.0,SPXW260930P07950000,273.24,-73.11,0,0,1,0.0841,-0.9535,0.0006,417.0
2026-09-30 16:00:00,SPXW260930C07955000,3.18,0.605,0,0,4,0.0934,0.0437,0.0006,255.0,7955.0,SPXW260930P07955000,207.0,0.0,0,0,0,0.0836,-0.9561,0.0006,14.0
2026-09-30 16:00:00,SPXW260930C07960000,2.82,0.395,0,0,111,0.0934,0.0413,0.0005,277.0,7960.0,SPXW260930P07960000,219.0,0.0,0,0,0,0.083,-0.9585,0.0005,14.0
2026-09-30 16:00:00,SPXW260930C07965000,2.8,0.525,0,0,3,0.0935,0.039,0.0005,208.0,7965.0,SPXW260930P07965000,246.1,0.0,0,0,0,0.0822,-0.9608,0.0005,6.0
2026-09-30 16:00:00,SPXW260930C07970000,2.57,0.445,0,0,5,0.0937,0.0369,0.0005,189.0,7970.0,SPXW260930P07970000,220.04,0.0,0,0,0,0.0811,-0.9628,0.0005,29.0
2026-09-30 16:00:00,SPXW260930C07975000,2.2,0.225,0,0,162,0.0938,0.0349,0.0005,1977.0,7975.0,SPXW260930P07975000,285.8,0.0,0,0,0,0.081,-0.9648,0.0005,18.0
2026-09-30 16:00:00,SPXW260930C07980000,2.33,0.455,0,0,29,0.0942,0.0331,0.0004,158.0,7980.0,SPXW260930P07980000,282.63,0.0,0,0,0,0.0793,-0.9666,0.0004,29.0
2026-09-30 16:00:00,SPXW260930C07985000,2.07,0.295,0,0,5,0.0945,0.0314,0.0004,164.0,7985.0,SPXW260930P07985000,235.8,0.0,0,0,0,0.0788,-0.9684,0.0004,1.0
2026-09-30 16:00:00,SPXW260930C07990000,2.0,0.325,0,0,105,0.0946,0.0298,0.0004,2056.0,7990.0,SPXW260930P07990000,272.9,0.0,0,0,0,0.0781,-0.9699,0.0004,67.0
2026-09-30 16:00:00,SPXW260930C07995000,2.17,0.595,0,0,1,0.0951,0.0283,0.0004,78.0,7995.0,SPXW260930P07995000,310.27,0.0,0,0,0,0.0772,-0.9714,0.0004,7.0
2026-09-30 16:00:00,SPXW260930C08000000,1.6,0.125,0,0,641,0.0954,0.027,0.0004,42456.0,8000.0,SPXW260930P08000000,321.68,-72.17,0,0,10,0.0937,-0.9728,0.0004,16009.0
2026-09-30 16:00:00,SPXW260930C08005000,1.97,0.545,0,0,3,0.0956,0.0257,0.0004,2072.0,8005.0,SPXW260930P08005000,344.4,0.0,0,0,0,0.0738,-0.9741,0.0004,8.0
2026-09-30 16:00:00,SPXW260930C08010000,1.52,0.195,0,0,134,0.0962,0.0245,0.0003,598.0,8010.0,SPXW260930P08010000,251.99,0.0,0,0,0,0.0706,-0.9753,0.0003,20.0
2026-09-30 16:00:00,SPXW260930C08015000,1.52,0.245,0,0,23,0.0963,0.0234,0.0003,198.0,8015.0,SPXW260930P08015000,0.0,0.0,0,0,0,0.0637,-0.9764,0.0003,3.0
2026-09-30 16:00:00,SPXW260930C08020000,1.45,0.275,0,0,86,0.0969,0.0223,0.0003,170.0,8020.0,SPXW260930P08020000,0.0,0.0,0,0,0,0.0,-0.9774,0.0003,3.0
2026-09-30 16:00:00,SPXW260930C08025000,1.37,0.245,0,0,46,0.0972,0.0214,0.0003,552.0,8025.0,SPXW260930P08025000,307.25,0.0,0,0,0,0.0,-0.9784,0.0003,15.0
2026-09-30 16:00:00,SPXW260930C08030000,3.6,0.0,0,0,0,0.0977,0.0204,0.0003,238.0,8030.0,SPXW260930P08030000,345.62,0.0,0,0,0,0.0,-0.9793,0.0003,5.0
2026-09-30 16:00:00,SPXW260930C08035000,1.12,0.095,0,0,3,0.0982,0.0196,0.0003,162.0,8035.0,SPXW260930P08035000,0.0,0.0,0,0,0,0.0,-0.9802,0.0003,0.0
2026-09-30 16:00:00,SPXW260930C08040000,1.35,0.375,0,0,1,0.0987,0.0188,0.0003,97.0,8040.0,SPXW260930P08040000,320.75,0.0,0,0,0,0.0,-0.981,0.0003,8.0
2026-09-30 16:00:00,SPXW260930C08045000,1.39,0.465,0,0,50,0.0991,0.018,0.0002,530.0,8045.0,SPXW260930P08045000,319.57,0.0,0,0,0,0.0,-0.9817,0.0002,1.0
2026-09-30 16:00:00,SPXW260930C08050000,1.03,0.155,0,0,141,0.0998,0.0173,0.0002,4503.0,8050.0,SPXW260930P08050000,364.81,0.0,0,0,0,0.0,-0.9824,0.0002,4.0
2026-09-30 16:00:00,SPXW260930C08055000,1.2,0.325,0,0,9,0.1002,0.0167,0.0002,314.0,8055.0,SPXW260930P08055000,0.0,0.0,0,0,0,0.0,-0.9831,0.0002,0.0
2026-09-30 16:00:00,SPXW260930C08060000,1.07,0.245,0,0,26,0.101,0.016,0.0002,87.0,8060.0,SPXW260930P08060000,296.28,0.0,0,0,0,0.0,-0.9837,0.0002,12.0
2026-09-30 16:00:00,SPXW260930C08065000,1.1,0.325,0,0,1,0.1016,0.0154,0.0002,166.0,8065.0,SPXW260930P08065000,307.0,0.0,0,0,0,0.0,-0.9843,0.0002,1.0
2026-09-30 16:00:00,SPXW260930C08070000,0.9,0.125,0,0,109,0.1019,0.0149,0.0002,264.0,8070.0,SPXW260930P08070000,363.07,0.0,0,0,0,0.0,-0.9849,0.0002,301.0
2026-09-30 16:00:00,SPXW260930C08075000,0.9,0.175,0,0,139,0.103,0.0144,0.0002,1097.0,8075.0,SPXW260930P08075000,314.0,0.0,0,0,0,0.0,-0.9854,0.0002,1.0
2026-09-30 16:00:00,SPXW260930C08080000,0.86,0.0,0,0,0,0.1032,0.0139,0.0002,106.0,8080.0,SPXW260930P08080000,337.5,0.0,0,0,0,0.0,-0.9859,0.0002,1.0
2026-09-30 16:00:00,SPXW260930C08085000,0.85,0.175,0,0,1,0.1039,0.0134,0.0002,139.0,8085.0,SPXW260930P08085000,0.0,0.0,0,0,0,0.0,-0.9864,0.0002,0.0
2026-09-30 16:00:00,SPXW260930C08090000,0.75,0.1,0,0,2,0.1045,0.013,0.0002,71.0,8090.0,SPXW260930P08090000,0.0,0.0,0,0,0,0.0,-0.9868,0.0002,0.0
2026-09-30 16:00:00,SPXW260930C08095000,1.74,0.0,0,0,0,0.1055,0.0125,0.0002,45.0,8095.0,SPXW260930P08095000,0.0,0.0,0,0,0,0.0,-0.9872,0.0002,0.0
2026-09-30 16:00:00,SPXW260930C08100000,0.75,0.15,0,0,5129,0.1061,0.0122,0.0002,6772.0,8100.0,SPXW260930P08100000,410.6,0.0,0,0,0,0.0,-0.9876,0.0002,21.0
2026-09-30 16:00:00,SPXW260930C08105000,1.57,0.0,0,0,0,0.1066,0.0118,0.0002,53.0,8105.0,SPXW260930P08105000,0.0,0.0,0,0,0,0.0,-0.988,0.0002,0.0
2026-09-30 16:00:00,SPXW260930C08110000,0.54,0.0,0,0,0,0.1072,0.0114,0.0002,142.0,8110.0,SPXW260930P08110000,0.0,0.0,0,0,0,0.0,-0.9884,0.0002,0.0
2026-09-30 16:00:00,SPXW260930C08115000,0.5,0.0,0,0,0,0.1077,0.0111,0.0001,64.0,8115.0,SPXW260930P08115000,0.0,0.0,0,0,0,0.0,-0.9887,0.0001,0.0
2026-09-30 16:00:00,SPXW260930C08120000,1.5,0.0,0,0,0,0.1087,0.0107,0.0001,140.0,8120.0,SPXW260930P08120000,0.0,0.0,0,0,0,0.0,-0.989,0.0001,0.0
2026-09-30 16:00:00,SPXW260930C08125000,0.69,0.165,0,0,5,0.1092,0.0104,0.0001,1190.0,8125.0,SPXW260930P08125000,0.0,0.0,0,0,0,0.0,-0.9893,0.0001,0.0
2026-09-30 16:00:00,SPXW260930C08130000,1.12,0.0,0,0,0,0.1097,0.0101,0.0001,133.0,8130.0,SPXW260930P08130000,0.0,0.0,0,0,0,0.0,-0.9896,0.0001,0.0
2026-09-30 16:00:00,SPXW260930C08135000,0.87,0.0,0,0,0,0.1107,0.0098,0.0001,36.0,8135.0,SPXW260930P08135000,0.0,0.0,0,0,0,0.0,-0.9899,0.0001,0.0
2026-09-30 16:00:00,SPXW260930C08140000,0.64,0.165,0,0,2,0.1111,0.0096,0.0001,59.0,8140.0,SPXW260930P08140000,0.0,0.0,0,0,0,0.0,-0.9902,0.0001,0.0
2026-09-30 16:00:00,SPXW260930C08145000,0.73,0.0,0,0,0,0.1121,0.0093,0.0001,59.0,8145.0,SPXW260930P08145000,0.0,0.0,0,0,0,0.0,-0.9904,0.0001,0.0
2026-09-30 16:00:00,SPXW260930C08150000,0.62,0.17,0,0,22,0.1131,0.0091,0.0001,2164.0,8150.0,SPXW260930P08150000,399.67,0.0,0,0,0,0.0,-0.9907,0.0001,4.0
2026-09-30 16:00:00,SPXW260930C08155000,0.54,0.0,0,0,0,0.1135,0.0088,0.0001,150.0,8155.0,SPXW260930P08155000,0.0,0.0,0,0,0,0.0,-0.9909,0.0001,0.0
2026-09-30 16:00:00,SPXW260930C08160000,0.4,0.0,0,0,0,0.1139,0.0086,0.0001,193.0,8160.0,SPXW260930P08160000,412.15,0.0,0,0,0,0.0,-0.9912,0.0001,2.0
2026-09-30 16:00:00,SPXW260930C08165000,1.38,0.0,0,0,0,0.1149,0.0084,0.0001,99.0,8165.0,SPXW260930P08165000,0.0,0.0,0,0,0,0.0,-0.9914,0.0001,0.0
2026-09-30 16:00:00,SPXW260930C08170000,0.49,0.0,0,0,0,0.1159,0.0082,0.0001,2043.0,8170.0,SPXW260930P08170000,0.0,0.0,0,0,0,0.0,-0.9916,0.0001,0.0
2026-09-30 16:00:00,SPXW260930C08175000,0.6,0.2,0,0,38,0.1168,0.008,0.0001,2053.0,8175.0,SPXW260930P08175000,0.0,0.0,0,0,0,0.0,-0.9918,0.0001,0.0
2026-09-30 16:00:00,SPXW260930C08180000,0.44,0.0,0,0,0,0.1165,0.0078,0.0001,95.0,8180.0,SPXW260930P08180000,0.0,0.0,0,0,0,0.0,-0.992,0.0001,0.0
2026-09-30 16:00:00,SPXW260930C08185000,0.45,0.0,0,0,0,0.1175,0.0076,0.0001,82.0,8185.0,SPXW260930P08185000,0.0,0.0,0,0,0,0.0,-0.9922,0.0001,0.0
2026-09-30 16:00:00,SPXW260930C08190000,0.45,0.0,0,0,0,0.1184,0.0074,0.0001,223.0,8190.0,SPXW260930P08190000,0.0,0.0,0,0,0,0.0,-0.9924,0.0001,0.0
2026-09-30 16:00:00,SPXW260930C08195000,0.5,0.125,0,0,1,0.1194,0.0072,0.0001,141.0,8195.0,SPXW260930P08195000,0.0,0.0,0,0,0,0.0,-0.9925,0.0001,0.0
2026-09-30 16:00:00,SPXW260930C08200000,0.45,0.1,0,0,87,0.1204,0.007,0.0001,19762.0,8200.0,SPXW260930P08200000,518.58,-73.67,0,0,47,0.0,-0.9927,0.0001,55.0
2026-09-30 16:00:00,SPXW260930C08205000,0.45,0.0,0,0,0,0.1206,0.0069,0.0001,497.0,8205.0,SPXW260930P08205000,0.0,0.0,0,0,0,0.0,-0.9929,0.0001,0.0
2026-09-30 16:00:00,SPXW260930C08210000,0.42,0.0,0,0,0,0.1208,0.0067,0.0001,133.0,8210.0,SPXW260930P08210000,0.0,0.0,0,0,0,0.0,-0.993,0.0001,0.0
2026-09-30 16:00:00,SPXW260930C08215000,5.45,0.0,0,0,0,0.1218,0.0066,0.0001,44.0,8215.0,SPXW260930P08215000,0.0,0.0,0,0,0,0.0,-0.9932,0.0001,0.0
2026-09-30 16:00:00,SPXW260930C08220000,1.56,0.0,0,0,0,0.1227,0.0064,0.0001,154.0,8220.0,SPXW260930P08220000,0.0,0.0,0,0,0,0.0,-0.9933,0.0001,0.0
2026-09-30 16:00:00,SPXW260930C08225000,0.5,0.175,0,0,1,0.1237,0.0063,0.0001,587.0,8225.0,SPXW260930P08225000,529.5,0.0,0,0,0,0.0,-0.9934,0.0001,1.0
2026-09-30 16:00:00,SPXW260930C08230000,1.47,0.0,0,0,0,0.1238,0.0062,0.0001,90.0,8230.0,SPXW260930P08230000,429.32,0.0,0,0,0,0.0,-0.9936,0.0001,40.0
2026-09-30 16:00:00,SPXW260930C08235000,0.63,0.0,0,0,0,0.1247,0.006,0.0001,12.0,8235.0,SPXW260930P08235000,433.82,0.0,0,0,0,0.0,-0.9937,0.0001,40.0
2026-09-30 16:00:00,SPXW260930C08240000,0.37,0.0,0,0,0,0.1256,0.0059,0.0001,51.0,8240.0,SPXW260930P08240000,0.0,0.0,0,0,0,0.0,-0.9938,0.0001,0.0
2026-09-30 16:00:00,SPXW260930C08245000,1.14,0.0,0,0,0,0.1257,0.0058,0.0001,40.0,8245.0,SPXW260930P08245000,0.0,0.0,0,0,0,0.0,-0.994,0.0001,0.0
2026-09-30 16:00:00,SPXW260930C08250000,0.52,0.0,0,0,0,0.1267,0.0057,0.0001,2966.0,8250.0,SPXW260930P08250000,0.0,0.0,0,0,0,0.0,-0.9941,0.0001,0.0
2026-09-30 16:00:00,SPXW260930C08255000,0.44,0.0,0,0,0,0.1277,0.0056,0.0001,28.0,8255.0,SPXW260930P08255000,0.0,0.0,0,0,0,0.0,-0.9942,0.0001,0.0
2026-09-30 16:00:00,SPXW260930C08260000,0.32,0.0,0,0,0,0.1277,0.0054,0.0001,64.0,8260.0,SPXW260930P08260000,0.0,0.0,0,0,0,0.0,-0.9943,0.0001,0.0
2026-09-30 16:00:00,SPXW260930C08270000,0.4,0.0,0,0,0,0.1295,0.0052,0.0001,2252.0,8270.0,SPXW260930P08270000,0.0,0.0,0,0,0,0.0,-0.9945,0.0001,0.0
2026-09-30 16:00:00,SPXW260930C08275000,0.47,0.0,0,0,0,0.1294,0.0051,0.0001,4303.0,8275.0,SPXW260930P08275000,0.0,0.0,0,0,0,0.0,-0.9946,0.0001,0.0
2026-09-30 16:00:00,SPXW260930C08280000,0.4,0.0,0,0,0,0.1303,0.005,0.0001,2196.0,8280.0,SPXW260930P08280000,0.0,0.0,0,0,0,0.0,-0.9947,0.0001,0.0
2026-09-30 16:00:00,SPXW260930C08290000,1.02,0.0,0,0,0,0.1321,0.0048,0.0001,36.0,8290.0,SPXW260930P08290000,0.0,0.0,0,0,0,0.0,-0.9949,0.0001,0.0
2026-09-30 16:00:00,SPXW260930C08300000,0.27,0.0,0,0,0,0.133,0.0046,0.0001,8475.0,8300.0,SPXW260930P08300000,655.8,0.0,0,0,0,0.0,-0.9951,0.0001,6.0
2026-09-30 16:00:00,SPXW260930C08310000,0.72,0.0,0,0,0,0.1348,0.0045,0.0001,45.0,8310.0,SPXW260930P08310000,0.0,0.0,0,0,0,0.0,-0.9953,0.0001,0.0
2026-09-30 16:00:00,SPXW260930C08320000,0.49,0.0,0,0,0,0.1354,0.0043,0.0,42.0,8320.0,SPXW260930P08320000,0.0,0.0,0,0,0,0.0,-0.9954,0.0,0.0
2026-09-30 16:00:00,SPXW260930C08325000,0.55,0.0,0,0,0,0.1363,0.0042,0.0,15048.0,8325.0,SPXW260930P08325000,0.0,0.0,0,0,0,0.0,-0.9955,0.0,0.0
2026-09-30 16:00:00,SPXW260930C08330000,0.37,0.0,0,0,0,0.1372,0.0042,0.0,17.0,8330.0,SPXW260930P08330000,0.0,0.0,0,0,0,0.0,-0.9956,0.0,0.0
2026-09-30 16:00:00,SPXW260930C08340000,0.45,0.0,0,0,0,0.1377,0.004,0.0,12.0,8340.0,SPXW260930P08340000,0.0,0.0,0,0,0,0.0,-0.9957,0.0,0.0
2026-09-30 16:00:00,SPXW260930C08350000,0.34,0.0,0,0,0,0.1394,0.0039,0.0,1116.0,8350.0,SPXW260930P08350000,576.92,0.0,0,0,0,0.0,-0.9959,0.0,6.0
2026-09-30 16:00:00,SPXW260930C08360000,1.15,0.0,0,0,0,0.1412,0.0038,0.0,46.0,8360.0,SPXW260930P08360000,0.0,0.0,0,0,0,0.0,-0.996,0.0,0.0
2026-09-30 16:00:00,SPXW260930C08370000,2.0,0.0,0,0,0,0.143,0.0036,0.0,26.0,8370.0,SPXW260930P08370000,0.0,0.0,0,0,0,0.0,-0.9961,0.0,0.0
2026-09-30 16:00:00,SPXW260930C08375000,0.65,0.0,0,0,0,0.1424,0.0036,0.0,40.0,8375.0,SPXW260930P08375000,0.0,0.0,0,0,0,0.0,-0.9962,0.0,0.0
2026-09-30 16:00:00,SPXW260930C08380000,0.3,0.1,0,0,1,0.1434,0.0035,0.0,22.0,8380.0,SPXW260930P08380000,0.0,0.0,0,0,0,0.0,-0.9962,0.0,0.0
2026-09-30 16:00:00,SPXW260930C08390000,0.87,0.0,0,0,0,0.145,0.0034,0.0,33.0,8390.0,SPXW260930P08390000,0.0,0.0,0,0,0,0.0,-0.9964,0.0,0.0
2026-09-30 16:00:00,SPXW260930C08400000,0.3,0.1,0,0,525,0.1452,0.0033,0.0,3656.0,8400.0,SPXW260930P08400000,894.0,0.0,0,0,0,0.0,-0.9965,0.0,4.0
2026-09-30 16:00:00,SPXW260930C08410000,0.5,0.0,0,0,0,0.1469,0.0032,0.0,31.0,8410.0,SPXW260930P08410000,0.0,0.0,0,0,0,0.0,-0.9966,0.0,0.0
2026-09-30 16:00:00,SPXW260930C08420000,0.35,0.0,0,0,0,0.1486,0.0031,0.0,46.0,8420.0,SPXW260930P08420000,0.0,0.0,0,0,0,0.0,-0.9967,0.0,0.0
2026-09-30 16:00:00,SPXW260930C08425000,0.24,0.0,0,0,0,0.1495,0.003,0.0,114.0,8425.0,SPXW260930P08425000,0.0,0.0,0,0,0,0.0,-0.9967,0.0,0.0
2026-09-30 16:00:00,SPXW260930C08430000,0.95,0.0,0,0,0,0.1503,0.003,0.0,6006.0,8430.0,SPXW260930P08430000,0.0,0.0,0,0,0,0.0,-0.9968,0.0,0.0
2026-09-30 16:00:00,SPXW260930C08440000,0.36,0.0,0,0,0,0.152,0.0029,0.0,837.0,8440.0,SPXW260930P08440000,0.0,0.0,0,0,0,0.0,-0.9969,0.0,0.0
2026-09-30 16:00:00,SPXW260930C08450000,0.26,0.11,0,0,1,0.152,0.0028,0.0,1255.0,8450.0,SPXW260930P08450000,985.92,0.0,0,0,0,0.0,-0.997,0.0,1.0
2026-09-30 16:00:00,SPXW260930C08460000,0.75,0.0,0,0,0,0.1537,0.0027,0.0,6001.0,8460.0,SPXW260930P08460000,0.0,0.0,0,0,0,0.0,-0.997,0.0,0.0
2026-09-30 16:00:00,SPXW260930C08470000,0.65,0.0,0,0,0,0.1554,0.0026,0.0,46.0,8470.0,SPXW260930P08470000,0.0,0.0,0,0,0,0.0,-0.9971,0.0,0.0
2026-09-30 16:00:00,SPXW260930C08475000,0.25,0.1,0,0,3,0.1542,0.0026,0.0,1741.0,8475.0,SPXW260930P08475000,1030.84,0.0,0,0,0,0.0,-0.9972,0.0,2.0
2026-09-30 16:00:00,SPXW260930C08480000,0.3,0.0,0,0,0,0.1551,0.0026,0.0,39.0,8480.0,SPXW260930P08480000,0.0,0.0,0,0,0,0.0,-0.9972,0.0,0.0
2026-09-30 16:00:00,SPXW260930C08490000,0.3,0.0,0,0,0,0.1568,0.0025,0.0,59.0,8490.0,SPXW260930P08490000,0.0,0.0,0,0,0,0.0,-0.9973,0.0,0.0
2026-09-30 16:00:00,SPXW260930C08500000,0.2,0.05,0,0,1,0.1584,0.0024,0.0,11700.0,8500.0,SPXW260930P08500000,890.33,0.0,0,0,0,0.0,-0.9973,0.0,7.0
2026-09-30 16:00:00,SPXW260930C08510000,0.5,0.0,0,0,0,0.1601,0.0023,0.0,87.0,8510.0,SPXW260930P08510000,0.0,0.0,0,0,0,0.0,-0.9974,0.0,0.0
2026-09-30 16:00:00,SPXW260930C08520000,0.35,0.0,0,0,0,0.1617,0.0023,0.0,9.0,8520.0,SPXW260930P08520000,0.0,0.0,0,0,0,0.0,-0.9975,0.0,0.0
2026-09-30 16:00:00,SPXW260930C08525000,0.65,0.0,0,0,0,0.1625,0.0022,0.0,8.0,8525.0,SPXW260930P08525000,0.0,0.0,0,0,0,0.0,-0.9975,0.0,0.0
2026-09-30 16:00:00,SPXW260930C08530000,0.65,0.0,0,0,0,0.1633,0.0022,0.0,5.0,8530.0,SPXW260930P08530000,0.0,0.0,0,0,0,0.0,-0.9975,0.0,0.0
2026-09-30 16:00:00,SPXW260930C08540000,0.4,0.0,0,0,0,0.165,0.0022,0.0,104.0,8540.0,SPXW260930P08540000,0.0,0.0,0,0,0,0.0,-0.9976,0.0,0.0
2026-09-30 16:00:00,SPXW260930C08550000,0.1,-0.05,0,0,1,0.1666,0.0021,0.0,115.0,8550.0,SPXW260930P08550000,0.0,0.0,0,0,0,0.0,-0.9977,0.0,0.0
2026-09-30 16:00:00,SPXW260930C08560000,0.77,0.0,0,0,0,0.1682,0.002,0.0,2.0,8560.0,SPXW260930P08560000,0.0,0.0,0,0,0,0.0,-0.9977,0.0,0.0
2026-09-30 16:00:00,SPXW260930C08570000,0.8,0.0,0,0,0,0.1674,0.002,0.0,1.0,8570.0,SPXW260930P08570000,0.0,0.0,0,0,0,0.0,-0.9978,0.0,0.0
2026-09-30 16:00:00,SPXW260930C08575000,0.25,0.0,0,0,0,0.1682,0.002,0.0,14.0,8575.0,SPXW260930P08575000,0.0,0.0,0,0,0,0.0,-0.9978,0.0,0.0
2026-09-30 16:00:00,SPXW260930C08580000,0.55,0.0,0,0,0,0.1664,0.0019,0.0,2.0,8580.0,SPXW260930P08580000,0.0,0.0,0,0,0,0.0,-0.9978,0.0,0.0
2026-09-30 16:00:00,SPXW260930C08590000,0.2,0.0,0,0,0,0.168,0.0019,0.0,59.0,8590.0,SPXW260930P08590000,0.0,0.0,0,0,0,0.0,-0.9979,0.0,0.0
2026-09-30 16:00:00,SPXW260930C08600000,0.1,-0.05,0,0,17,0.1695,0.0018,0.0,14108.0,8600.0,SPXW260930P08600000,1532.05,0.0,0,0,0,0.0,-0.9979,0.0,1.0
2026-09-30 16:00:00,SPXW260930C08610000,0.4,0.0,0,0,0,0.1711,0.0018,0.0,3.0,8610.0,SPXW260930P08610000,0.0,0.0,0,0,0,0.0,-0.998,0.0,0.0
2026-09-30 16:00:00,SPXW260930C08620000,0.5,0.0,0,0,0,0.1726,0.0017,0.0,2.0,8620.0,SPXW260930P08620000,0.0,0.0,0,0,0,0.0,-0.998,0.0,0.0
2026-09-30 16:00:00,SPXW260930C08625000,0.4,0.0,0,0,0,0.1734,0.0017,0.0,1.0,8625.0,SPXW260930P08625000,0.0,0.0,0,0,0,0.0,-0.998,0.0,0.0
2026-09-30 16:00:00,SPXW260930C08630000,1.55,0.0,0,0,0,0.1742,0.0017,0.0,1102.0,8630.0,SPXW260930P08630000,0.0,0.0,0,0,0,0.0,-0.9981,0.0,0.0
2026-09-30 16:00:00,SPXW260930C08650000,0.15,0.0,0,0,0,0.1773,0.0016,0.0,2378.0,8650.0,SPXW260930P08650000,0.0,0.0,0,0,0,0.0,-0.9982,0.0,0.0
2026-09-30 16:00:00,SPXW260930C08675000,0.15,0.0,0,0,0,0.1812,0.0015,0.0,7.0,8675.0,SPXW260930P08675000,0.0,0.0,0,0,0,0.0,-0.9982,0.0,0.0
2026-09-30 16:00:00,SPXW260930C08700000,0.1,0.0,0,0,19,0.185,0.0014,0.0,31260.0,8700.0,SPXW260930P08700000,0.0,0.0,0,0,0,0.0,-0.9983,0.0,0.0
2026-09-30 16:00:00,SPXW260930C08725000,0.15,0.0,0,0,0,0.1888,0.0013,0.0,8.0,8725.0,SPXW260930P08725000,0.0,0.0,0,0,0,0.0,-0.9984,0.0,0.0
2026-09-30 16:00:00,SPXW260930C08750000,0.15,0.0,0,0,0,0.1891,0.0012,0.0,12.0,8750.0,SPXW260930P08750000,0.0,0.0,0,0,0,0.0,-0.9985,0.0,0.0
2026-09-30 16:00:00,SPXW260930C08775000,0.35,0.0,0,0,0,0.1929,0.0012,0.0,132.0,8775.0,SPXW260930P08775000,0.0,0.0,0,0,0,0.0,-0.9986,0.0,0.0
2026-09-30 16:00:00,SPXW260930C08800000,0.15,0.0,0,0,0,0.1966,0.0011,0.0,1217.0,8800.0,SPXW260930P08800000,0.0,0.0,0,0,0,0.0,-0.9986,0.0,0.0
2026-09-30 16:00:00,SPXW260930C08825000,0.15,0.0,0,0,0,0.2002,0.001,0.0,6.0,8825.0,SPXW260930P08825000,0.0,0.0,0,0,0,0.0,-0.9987,0.0,0.0
2026-09-30 16:00:00,SPXW260930C08850000,0.0,0.0,0,0,0,0.2039,0.001,0.0,0.0,8850.0,SPXW260930P08850000,0.0,0.0,0,0,0,0.0,-0.9988,0.0,0.0
2026-09-30 16:00:00,SPXW260930C08875000,0.0,0.0,0,0,0,0.2076,0.0009,0.0,0.0,8875.0,SPXW260930P08875000,0.0,0.0,0,0,0,0.0,-0.9988,0.0,0.0
2026-09-30 16:00:00,SPXW260930C08900000,0.15,0.0,0,0,0,0.2112,0.0009,0.0,11723.0,8900.0,SPXW260930P08900000,0.0,0.0,0,0,0,0.0,-0.9989,0.0,0.0
2026-09-30 16:00:00,SPXW260930C09000000,0.04,0.0,0,0,0,0.2206,0.0007,0.0,1827.0,9000.0,SPXW260930P09000000,1529.91,0.0,0,0,0,0.0,-0.999,0.0,3.0
2026-09-30 16:00:00,SPXW260930C09100000,0.17,0.0,0,0,0,0.2346,0.0006,0.0,1289.0,9100.0,SPXW260930P09100000,0.0,0.0,0,0,0,0.0,-0.9992,0.0,0.0
2026-09-30 16:00:00,SPXW260930C09200000,0.15,0.0,0,0,0,0.2483,0.0005,0.0,907.0,9200.0,SPXW260930P09200000,0.0,0.0,0,0,0,0.0,-0.9993,0.0,0.0
2026-09-30 16:00:00,SPXW260930C09300000,0.15,0.0,0,0,0,0.2618,0.0004,0.0,4.0,9300.0,SPXW260930P09300000,0.0,0.0,0,0,0,0.0,-0.9994,0.0,0.0
2026-09-30 16:00:00,SPXW260930C09400000,0.1,0.0,0,0,0,0.2751,0.0003,0.0,208.0,9400.0,SPXW260930P09400000,1835.93,0.0,0,0,0,0.0,-0.9994,0.0,173.0
2026-09-30 16:00:00,SPXW260930C09600000,0.3,0.0,0,0,0,0.3011,0.0002,0.0,114.0,9600.0,SPXW260930P09600000,0.0,0.0,0,0,0,0.0,-0.9995,0.0,0.0
2026-09-30 16:00:00,SPXW260930C09800000,0.1,0.0,0,0,0,0.3264,0.0002,0.0,50.0,9800.0,SPXW260930P09800000,0.0,0.0,0,0,0,0.0,-0.9996,0.0,0.0
2026-09-30 16:00:00,SPXW260930C10000000,0.05,0.0,0,0,0,0.351,0.0001,0.0,11.0,10000.0,SPXW260930P10000000,0.0,0.0,0,0,0,0.0,-0.9996,0.0,0.0
